{
  "data": {
    "distrito": "Aveiro",
    "concelho": "Aveiro",
    "freguesia": "Esgueira",
    "OBJECTID": 309,
    "BGRI2021": "01050500910",
    "DT21": "01",
    "DTMN21": "0105",
    "DTMNFR21": "010505",
    "DTMNFRSEC21": "010505009",
    "SECNUM21": "009",
    "SSNUM21": "10",
    "SECSSNUM21": "00910",
    "OBJECTID_1": 3755,
    "DT": "01",
    "CC": "05",
    "fr": "05",
    "SEC": "009",
    "SS": "10"
  },
  "addresses": [
    {
      "id": "pt.ine.add.PTCONT.295453",
      "street": "ESTR TABOEIRA",
      "house": "109",
      "postcode": "3800-266",
      "city": "AVEIRO",
      "lon": "-8.611668875234276",
      "lat": "40.651796994086936"
    },
    {
      "id": "pt.ine.add.PTCONT.298100",
      "street": "R ERVIDEIROS",
      "house": "99",
      "postcode": "3800-302",
      "city": "AVEIRO",
      "lon": "-8.60907829743967",
      "lat": "40.65616293602225"
    },
    {
      "id": "pt.ine.add.PTCONT.298101",
      "street": "R ERVIDEIROS",
      "house": "99",
      "postcode": "3800-302",
      "city": "AVEIRO",
      "lon": "-8.60907829743967",
      "lat": "40.65616293602225"
    },
    {
      "id": "pt.ine.add.PTCONT.300677",
      "street": "R NOVA DO MILAO",
      "house": "5",
      "postcode": "3800-319",
      "city": "AVEIRO",
      "lon": "-8.612137718728956",
      "lat": "40.65585751443566"
    },
    {
      "id": "pt.ine.add.PTCONT.308418",
      "street": "R POMBAS",
      "house": "",
      "postcode": "3800-325",
      "city": "AVEIRO",
      "lon": "-8.61217549416284",
      "lat": "40.653851240311916"
    },
    {
      "id": "pt.ine.add.PTCONT.308419",
      "street": "R POMBAS",
      "house": "",
      "postcode": "3800-325",
      "city": "AVEIRO",
      "lon": "-8.61217549416284",
      "lat": "40.653851240311916"
    },
    {
      "id": "pt.ine.add.PTCONT.308420",
      "street": "R POMBAS",
      "house": "",
      "postcode": "3800-325",
      "city": "AVEIRO",
      "lon": "-8.6147702428247",
      "lat": "40.65366224456734"
    },
    {
      "id": "pt.ine.add.PTCONT.308434",
      "street": "R ERVIDEIROS",
      "house": "41",
      "postcode": "3800-302",
      "city": "AVEIRO",
      "lon": "-8.60878677840581",
      "lat": "40.65426410386977"
    },
    {
      "id": "pt.ine.add.PTCONT.311471",
      "street": "R ESCOLA",
      "house": "",
      "postcode": "3800-304",
      "city": "AVEIRO",
      "lon": "-8.611347960655594",
      "lat": "40.65716316603323"
    },
    {
      "id": "pt.ine.add.PTCONT.311472",
      "street": "R ESCOLA",
      "house": "",
      "postcode": "3800-304",
      "city": "AVEIRO",
      "lon": "-8.611347960655594",
      "lat": "40.65716316603323"
    },
    {
      "id": "pt.ine.add.PTCONT.316357",
      "street": "R POMBAS",
      "house": "",
      "postcode": "3800-325",
      "city": "AVEIRO",
      "lon": "-8.612331070731559",
      "lat": "40.65346019716151"
    },
    {
      "id": "pt.ine.add.PTCONT.316366",
      "street": "R BATALHA",
      "house": "43",
      "postcode": "3800-112",
      "city": "AVEIRO",
      "lon": "-8.611680101617285",
      "lat": "40.65684990734624"
    },
    {
      "id": "pt.ine.add.PTCONT.318189",
      "street": "R ELÍSIO FILINTO FEIO",
      "house": "29",
      "postcode": "3800-265",
      "city": "AVEIRO",
      "lon": "-8.617401327911967",
      "lat": "40.6538493525697"
    },
    {
      "id": "pt.ine.add.PTCONT.319120",
      "street": "R ESCOLA",
      "house": "",
      "postcode": "3800-304",
      "city": "AVEIRO",
      "lon": "-8.611744974339626",
      "lat": "40.65715237454827"
    },
    {
      "id": "pt.ine.add.PTCONT.319121",
      "street": "R ESCOLA",
      "house": "",
      "postcode": "3800-304",
      "city": "AVEIRO",
      "lon": "-8.611546449246596",
      "lat": "40.65718930963512"
    },
    {
      "id": "pt.ine.add.PTCONT.321439",
      "street": "R NOVA DO MILAO",
      "house": "",
      "postcode": "3800-319",
      "city": "AVEIRO",
      "lon": "-8.61235396241674",
      "lat": "40.65581934673384"
    },
    {
      "id": "pt.ine.add.PTCONT.325584",
      "street": "R POMBAS",
      "house": "4",
      "postcode": "3800-325",
      "city": "AVEIRO",
      "lon": "-8.613315598348569",
      "lat": "40.65313527499825"
    },
    {
      "id": "pt.ine.add.PTCONT.328998",
      "street": "R POMBAS",
      "house": "25",
      "postcode": "3800-325",
      "city": "AVEIRO",
      "lon": "-8.615961887490805",
      "lat": "40.654112227617425"
    },
    {
      "id": "pt.ine.add.PTCONT.340578",
      "street": "R NOVA DO MILAO",
      "house": "",
      "postcode": "3800-319",
      "city": "AVEIRO",
      "lon": "-8.614195523011025",
      "lat": "40.65528378769917"
    },
    {
      "id": "pt.ine.add.PTCONT.343082",
      "street": "R POMBAS",
      "house": "2",
      "postcode": "3800-325",
      "city": "AVEIRO",
      "lon": "-8.612017300458806",
      "lat": "40.65310905161084"
    },
    {
      "id": "pt.ine.add.PTCONT.349151",
      "street": "R QUINTA DA CALDEIRA",
      "house": "10 - 26",
      "postcode": "3800-325",
      "city": "AVEIRO",
      "lon": "-8.613202061342532",
      "lat": "40.654555204940614"
    },
    {
      "id": "pt.ine.add.PTCONT.349152",
      "street": "R QUINTA DA CALDEIRA",
      "house": "10 - 26",
      "postcode": "3800-325",
      "city": "AVEIRO",
      "lon": "-8.613202061342532",
      "lat": "40.654555204940614"
    },
    {
      "id": "pt.ine.add.PTCONT.351952",
      "street": "R BATALHA",
      "house": "53",
      "postcode": "3800-112",
      "city": "AVEIRO",
      "lon": "-8.611387178427858",
      "lat": "40.656493010580554"
    },
    {
      "id": "pt.ine.add.PTCONT.5742",
      "street": "R BATALHA",
      "house": "",
      "postcode": "3800-112",
      "city": "AVEIRO",
      "lon": "-8.610995899303814",
      "lat": "40.654524283525035"
    },
    {
      "id": "pt.ine.add.PTCONT.11165",
      "street": "R NOVA DO MILAO",
      "house": "74",
      "postcode": "3800-319",
      "city": "AVEIRO",
      "lon": "-8.61766865124484",
      "lat": "40.654199556274605"
    },
    {
      "id": "pt.ine.add.PTCONT.11167",
      "street": "R NOVA DO MILAO",
      "house": "19",
      "postcode": "3800-319",
      "city": "AVEIRO",
      "lon": "-8.613516302049707",
      "lat": "40.65555119156181"
    },
    {
      "id": "pt.ine.add.PTCONT.20729",
      "street": "R NOVA DO MILAO",
      "house": "51",
      "postcode": "3800-319",
      "city": "AVEIRO",
      "lon": "-8.615937852994163",
      "lat": "40.65456903759697"
    },
    {
      "id": "pt.ine.add.PTCONT.26973",
      "street": "R POMBAS",
      "house": "2",
      "postcode": "3800-325",
      "city": "AVEIRO",
      "lon": "-8.612017300458806",
      "lat": "40.65310905161084"
    },
    {
      "id": "pt.ine.add.PTCONT.26974",
      "street": "R POMBAS",
      "house": "2",
      "postcode": "3800-325",
      "city": "AVEIRO",
      "lon": "-8.612017300458806",
      "lat": "40.65310905161084"
    },
    {
      "id": "pt.ine.add.PTCONT.35085",
      "street": "R POMBAS",
      "house": "",
      "postcode": "3800-325",
      "city": "AVEIRO",
      "lon": "-8.612858189065577",
      "lat": "40.653067484675915"
    },
    {
      "id": "pt.ine.add.PTCONT.35086",
      "street": "R POMBAS",
      "house": "",
      "postcode": "3800-325",
      "city": "AVEIRO",
      "lon": "-8.612858189065577",
      "lat": "40.653067484675915"
    },
    {
      "id": "pt.ine.add.PTCONT.43450",
      "street": "R BATALHA",
      "house": "",
      "postcode": "3800-112",
      "city": "AVEIRO",
      "lon": "-8.611249098161286",
      "lat": "40.655932087595104"
    },
    {
      "id": "pt.ine.add.PTCONT.43451",
      "street": "R BATALHA",
      "house": "59",
      "postcode": "3800-112",
      "city": "AVEIRO",
      "lon": "-8.611375934307603",
      "lat": "40.65620171611526"
    },
    {
      "id": "pt.ine.add.PTCONT.46155",
      "street": "R POMBAS",
      "house": "",
      "postcode": "3800-325",
      "city": "AVEIRO",
      "lon": "-8.61729336624559",
      "lat": "40.653957992025845"
    },
    {
      "id": "pt.ine.add.PTCONT.62108",
      "street": "R BATALHA",
      "house": "62",
      "postcode": "3800-112",
      "city": "AVEIRO",
      "lon": "-8.611568247061147",
      "lat": "40.655963109341066"
    },
    {
      "id": "pt.ine.add.PTCONT.66426",
      "street": "R NOVA DO MILAO",
      "house": "",
      "postcode": "3800-319",
      "city": "AVEIRO",
      "lon": "-8.613952544305413",
      "lat": "40.65537650167162"
    },
    {
      "id": "pt.ine.add.PTCONT.67574",
      "street": "R BATALHA",
      "house": "",
      "postcode": "3800-112",
      "city": "AVEIRO",
      "lon": "-8.611583243425706",
      "lat": "40.65470600615265"
    },
    {
      "id": "pt.ine.add.PTCONT.88580",
      "street": "R NOVA DO MILAO",
      "house": "",
      "postcode": "3800-319",
      "city": "AVEIRO",
      "lon": "-8.61336301819307",
      "lat": "40.65561131254798"
    },
    {
      "id": "pt.ine.add.PTCONT.93535",
      "street": "R BATALHA",
      "house": "66",
      "postcode": "3800-112",
      "city": "AVEIRO",
      "lon": "-8.611508073656337",
      "lat": "40.655815849279854"
    },
    {
      "id": "pt.ine.add.PTCONT.94451",
      "street": "R POMBAS",
      "house": "8",
      "postcode": "3800-325",
      "city": "AVEIRO",
      "lon": "-8.612745498846046",
      "lat": "40.65309852072612"
    },
    {
      "id": "pt.ine.add.PTCONT.98538",
      "street": "R ERVIDEIROS",
      "house": "",
      "postcode": "3800-302",
      "city": "AVEIRO",
      "lon": "-8.609103016258352",
      "lat": "40.65634062414293"
    },
    {
      "id": "pt.ine.add.PTCONT.103356",
      "street": "BC PEDRO VICENTE SALGADO",
      "house": "8",
      "postcode": "3800-319",
      "city": "AVEIRO",
      "lon": "-8.613110039905951",
      "lat": "40.655308091094476"
    },
    {
      "id": "pt.ine.add.PTCONT.103357",
      "street": "BC PEDRO VICENTE SALGADO",
      "house": "8110",
      "postcode": "3800-319",
      "city": "AVEIRO",
      "lon": "-8.613110039905951",
      "lat": "40.655308091094476"
    },
    {
      "id": "pt.ine.add.PTCONT.103358",
      "street": "R BATALHA",
      "house": "",
      "postcode": "3800-112",
      "city": "AVEIRO",
      "lon": "-8.611756166632496",
      "lat": "40.65699608473823"
    },
    {
      "id": "pt.ine.add.PTCONT.106329",
      "street": "R NOVA DO MILAO",
      "house": "23",
      "postcode": "3800-319",
      "city": "AVEIRO",
      "lon": "-8.613836962782083",
      "lat": "40.65542213372208"
    },
    {
      "id": "pt.ine.add.PTCONT.107859",
      "street": "R ESCOLA",
      "house": "6",
      "postcode": "3800-304",
      "city": "AVEIRO",
      "lon": "-8.611631804566553",
      "lat": "40.65717094569459"
    },
    {
      "id": "pt.ine.add.PTCONT.107862",
      "street": "R BATALHA",
      "house": "45",
      "postcode": "3800-112",
      "city": "AVEIRO",
      "lon": "-8.6115553469786",
      "lat": "40.65678856992508"
    },
    {
      "id": "pt.ine.add.PTCONT.114927",
      "street": "R DAS POMBAS",
      "house": "23 - 25",
      "postcode": "3800-021",
      "city": "AVEIRO",
      "lon": "-8.615882860055176",
      "lat": "40.65410277667755"
    },
    {
      "id": "pt.ine.add.PTCONT.118356",
      "street": "R POMBAS",
      "house": "I",
      "postcode": "3800-325",
      "city": "AVEIRO",
      "lon": "-8.612200026583551",
      "lat": "40.65343750679669"
    },
    {
      "id": "pt.ine.add.PTCONT.118366",
      "street": "R NOVA DO MILAO",
      "house": "21",
      "postcode": "3800-319",
      "city": "AVEIRO",
      "lon": "-8.613631503333515",
      "lat": "40.655475243854646"
    },
    {
      "id": "pt.ine.add.PTCONT.123726",
      "street": "R ELÍSIO FILINTO FEIO",
      "house": "31",
      "postcode": "3800-265",
      "city": "AVEIRO",
      "lon": "-8.616872661604775",
      "lat": "40.65363036751065"
    },
    {
      "id": "pt.ine.add.PTCONT.123727",
      "street": "R NOVA DO MILAO",
      "house": "5",
      "postcode": "3800-319",
      "city": "AVEIRO",
      "lon": "-8.612203694821158",
      "lat": "40.65584265781468"
    },
    {
      "id": "pt.ine.add.PTCONT.126948",
      "street": "R POMBAS",
      "house": "",
      "postcode": "3800-325",
      "city": "AVEIRO",
      "lon": "-8.616187096327897",
      "lat": "40.65405255152477"
    },
    {
      "id": "pt.ine.add.PTCONT.134500",
      "street": "R ERVIDEIROS",
      "house": "115",
      "postcode": "3800-302",
      "city": "AVEIRO",
      "lon": "-8.609296630889782",
      "lat": "40.6573899810881"
    },
    {
      "id": "pt.ine.add.PTCONT.138886",
      "street": "R BATALHA",
      "house": "37",
      "postcode": "3800-112",
      "city": "AVEIRO",
      "lon": "-8.61172919921305",
      "lat": "40.65692966755814"
    },
    {
      "id": "pt.ine.add.PTCONT.144953",
      "street": "R BATALHA",
      "house": "",
      "postcode": "3800-112",
      "city": "AVEIRO",
      "lon": "-8.611781767042853",
      "lat": "40.65705222372557"
    },
    {
      "id": "pt.ine.add.PTCONT.158995",
      "street": "R NOVA DO MILÃO",
      "house": "29",
      "postcode": "3800-319",
      "city": "AVEIRO",
      "lon": "-8.614102987550703",
      "lat": "40.6552912773359"
    },
    {
      "id": "pt.ine.add.PTCONT.159989",
      "street": "R ERVIDEIROS",
      "house": "",
      "postcode": "3800-302",
      "city": "AVEIRO",
      "lon": "-8.609191062481296",
      "lat": "40.65687367980063"
    },
    {
      "id": "pt.ine.add.PTCONT.161111",
      "street": "TV MILAO",
      "house": "4",
      "postcode": "3800-314",
      "city": "AVEIRO",
      "lon": "-8.617543753010663",
      "lat": "40.65390101010818"
    },
    {
      "id": "pt.ine.add.PTCONT.166827",
      "street": "R ESCOLA",
      "house": "",
      "postcode": "3800-304",
      "city": "AVEIRO",
      "lon": "-8.611042790189856",
      "lat": "40.65727253966679"
    },
    {
      "id": "pt.ine.add.PTCONT.168840",
      "street": "R POMBAS",
      "house": "",
      "postcode": "3800-325",
      "city": "AVEIRO",
      "lon": "-8.614921456519737",
      "lat": "40.65361658807463"
    },
    {
      "id": "pt.ine.add.PTCONT.172299",
      "street": "ESTR TABOEIRA",
      "house": "",
      "postcode": "3800-266",
      "city": "AVEIRO",
      "lon": "-8.611358052901975",
      "lat": "40.652178908065224"
    },
    {
      "id": "pt.ine.add.PTCONT.173758",
      "street": "R POMBAS",
      "house": "94",
      "postcode": "3800-325",
      "city": "AVEIRO",
      "lon": "-8.612351116584115",
      "lat": "40.65322698284846"
    },
    {
      "id": "pt.ine.add.PTCONT.180587",
      "street": "R POMBAS",
      "house": "",
      "postcode": "3800-325",
      "city": "AVEIRO",
      "lon": "-8.614764118314032",
      "lat": "40.65431799388315"
    },
    {
      "id": "pt.ine.add.PTCONT.184388",
      "street": "R ERVIDEIROS",
      "house": "",
      "postcode": "3800-302",
      "city": "AVEIRO",
      "lon": "-8.609501254328984",
      "lat": "40.65579877148947"
    },
    {
      "id": "pt.ine.add.PTCONT.195374",
      "street": "R NOVA DO MILÃO",
      "house": "53",
      "postcode": "3800-319",
      "city": "AVEIRO",
      "lon": "-8.61719384953865",
      "lat": "40.65424454721445"
    },
    {
      "id": "pt.ine.add.PTCONT.195375",
      "street": "R BATALHA",
      "house": "70",
      "postcode": "3800-112",
      "city": "AVEIRO",
      "lon": "-8.611422501643295",
      "lat": "40.65570396567521"
    },
    {
      "id": "pt.ine.add.PTCONT.203279",
      "street": "R POMBAS",
      "house": "5",
      "postcode": "3800-325",
      "city": "AVEIRO",
      "lon": "-8.613325728547117",
      "lat": "40.653048962818644"
    },
    {
      "id": "pt.ine.add.PTCONT.214356",
      "street": "R POMBAS",
      "house": "1",
      "postcode": "3800-325",
      "city": "AVEIRO",
      "lon": "-8.612225584455304",
      "lat": "40.65351131306292"
    },
    {
      "id": "pt.ine.add.PTCONT.219436",
      "street": "R QUINTA DA CALDEIRA",
      "house": "10 - 26",
      "postcode": "3800-325",
      "city": "AVEIRO",
      "lon": "-8.613202061342532",
      "lat": "40.654555204940614"
    },
    {
      "id": "pt.ine.add.PTCONT.219437",
      "street": "R QUINTA DA CALDEIRA",
      "house": "10 - 26",
      "postcode": "3800-325",
      "city": "AVEIRO",
      "lon": "-8.613202061342532",
      "lat": "40.654555204940614"
    },
    {
      "id": "pt.ine.add.PTCONT.219438",
      "street": "R QUINTA DA CALDEIRA",
      "house": "10 - 26",
      "postcode": "3800-325",
      "city": "AVEIRO",
      "lon": "-8.613202061342532",
      "lat": "40.654555204940614"
    },
    {
      "id": "pt.ine.add.PTCONT.219439",
      "street": "R QUINTA DA CALDEIRA",
      "house": "10 - 26",
      "postcode": "3800-325",
      "city": "AVEIRO",
      "lon": "-8.613202061342532",
      "lat": "40.654555204940614"
    },
    {
      "id": "pt.ine.add.PTCONT.219440",
      "street": "R QUINTA DA CALDEIRA",
      "house": "10 - 26",
      "postcode": "3800-325",
      "city": "AVEIRO",
      "lon": "-8.613202061342532",
      "lat": "40.654555204940614"
    },
    {
      "id": "pt.ine.add.PTCONT.219441",
      "street": "R QUINTA DA CALDEIRA",
      "house": "10 - 26",
      "postcode": "3800-325",
      "city": "AVEIRO",
      "lon": "-8.613202061342532",
      "lat": "40.654555204940614"
    },
    {
      "id": "pt.ine.add.PTCONT.219442",
      "street": "R QUINTA DA CALDEIRA",
      "house": "10 - 26",
      "postcode": "3800-325",
      "city": "AVEIRO",
      "lon": "-8.613202061342532",
      "lat": "40.654555204940614"
    },
    {
      "id": "pt.ine.add.PTCONT.219443",
      "street": "R QUINTA DA CALDEIRA",
      "house": "10 - 26",
      "postcode": "3800-325",
      "city": "AVEIRO",
      "lon": "-8.613202061342532",
      "lat": "40.654555204940614"
    },
    {
      "id": "pt.ine.add.PTCONT.219444",
      "street": "R QUINTA DA CALDEIRA",
      "house": "10 - 26",
      "postcode": "3800-325",
      "city": "AVEIRO",
      "lon": "-8.613202061342532",
      "lat": "40.654555204940614"
    },
    {
      "id": "pt.ine.add.PTCONT.219445",
      "street": "R QUINTA DA CALDEIRA",
      "house": "10 - 26",
      "postcode": "3800-325",
      "city": "AVEIRO",
      "lon": "-8.613202061342532",
      "lat": "40.654555204940614"
    },
    {
      "id": "pt.ine.add.PTCONT.219446",
      "street": "R QUINTA DA CALDEIRA",
      "house": "10 - 26",
      "postcode": "3800-325",
      "city": "AVEIRO",
      "lon": "-8.613202061342532",
      "lat": "40.654555204940614"
    },
    {
      "id": "pt.ine.add.PTCONT.219447",
      "street": "R QUINTA DA CALDEIRA",
      "house": "10 - 26",
      "postcode": "3800-325",
      "city": "AVEIRO",
      "lon": "-8.613202061342532",
      "lat": "40.654555204940614"
    },
    {
      "id": "pt.ine.add.PTCONT.219448",
      "street": "R QUINTA DA CALDEIRA",
      "house": "10 - 26",
      "postcode": "3800-325",
      "city": "AVEIRO",
      "lon": "-8.613202061342532",
      "lat": "40.654555204940614"
    },
    {
      "id": "pt.ine.add.PTCONT.219449",
      "street": "R QUINTA DA CALDEIRA",
      "house": "10 - 26",
      "postcode": "3800-325",
      "city": "AVEIRO",
      "lon": "-8.613202061342532",
      "lat": "40.654555204940614"
    },
    {
      "id": "pt.ine.add.PTCONT.219450",
      "street": "R QUINTA DA CALDEIRA",
      "house": "10 - 26",
      "postcode": "3800-325",
      "city": "AVEIRO",
      "lon": "-8.613202061342532",
      "lat": "40.654555204940614"
    },
    {
      "id": "pt.ine.add.PTCONT.219451",
      "street": "R QUINTA DA CALDEIRA",
      "house": "10 - 26",
      "postcode": "3800-325",
      "city": "AVEIRO",
      "lon": "-8.613202061342532",
      "lat": "40.654555204940614"
    },
    {
      "id": "pt.ine.add.PTCONT.219452",
      "street": "R QUINTA DA CALDEIRA",
      "house": "10 - 26",
      "postcode": "3800-325",
      "city": "AVEIRO",
      "lon": "-8.613202061342532",
      "lat": "40.654555204940614"
    },
    {
      "id": "pt.ine.add.PTCONT.219453",
      "street": "R QUINTA DA CALDEIRA",
      "house": "10 - 26",
      "postcode": "3800-325",
      "city": "AVEIRO",
      "lon": "-8.613202061342532",
      "lat": "40.654555204940614"
    },
    {
      "id": "pt.ine.add.PTCONT.219454",
      "street": "R QUINTA DA CALDEIRA",
      "house": "10 - 26",
      "postcode": "3800-325",
      "city": "AVEIRO",
      "lon": "-8.613202061342532",
      "lat": "40.654555204940614"
    },
    {
      "id": "pt.ine.add.PTCONT.219455",
      "street": "R QUINTA DA CALDEIRA",
      "house": "10 - 26",
      "postcode": "3800-325",
      "city": "AVEIRO",
      "lon": "-8.613202061342532",
      "lat": "40.654555204940614"
    },
    {
      "id": "pt.ine.add.PTCONT.219456",
      "street": "R QUINTA DA CALDEIRA",
      "house": "10 - 26",
      "postcode": "3800-325",
      "city": "AVEIRO",
      "lon": "-8.613202061342532",
      "lat": "40.654555204940614"
    },
    {
      "id": "pt.ine.add.PTCONT.219457",
      "street": "R QUINTA DA CALDEIRA",
      "house": "10 - 26",
      "postcode": "3800-325",
      "city": "AVEIRO",
      "lon": "-8.613202061342532",
      "lat": "40.654555204940614"
    },
    {
      "id": "pt.ine.add.PTCONT.219458",
      "street": "R QUINTA DA CALDEIRA",
      "house": "10 - 26",
      "postcode": "3800-325",
      "city": "AVEIRO",
      "lon": "-8.613202061342532",
      "lat": "40.654555204940614"
    },
    {
      "id": "pt.ine.add.PTCONT.219459",
      "street": "R QUINTA DA CALDEIRA",
      "house": "10 - 26",
      "postcode": "3800-325",
      "city": "AVEIRO",
      "lon": "-8.613202061342532",
      "lat": "40.654555204940614"
    },
    {
      "id": "pt.ine.add.PTCONT.219460",
      "street": "R QUINTA DA CALDEIRA",
      "house": "10 - 26",
      "postcode": "3800-325",
      "city": "AVEIRO",
      "lon": "-8.613202061342532",
      "lat": "40.654555204940614"
    },
    {
      "id": "pt.ine.add.PTCONT.219461",
      "street": "R QUINTA DA CALDEIRA",
      "house": "10 - 26",
      "postcode": "3800-325",
      "city": "AVEIRO",
      "lon": "-8.613202061342532",
      "lat": "40.654555204940614"
    },
    {
      "id": "pt.ine.add.PTCONT.219462",
      "street": "R QUINTA DA CALDEIRA",
      "house": "10 - 26",
      "postcode": "3800-325",
      "city": "AVEIRO",
      "lon": "-8.613202061342532",
      "lat": "40.654555204940614"
    },
    {
      "id": "pt.ine.add.PTCONT.219463",
      "street": "R QUINTA DA CALDEIRA",
      "house": "10 - 26",
      "postcode": "3800-325",
      "city": "AVEIRO",
      "lon": "-8.613202061342532",
      "lat": "40.654555204940614"
    },
    {
      "id": "pt.ine.add.PTCONT.219464",
      "street": "R QUINTA DA CALDEIRA",
      "house": "10 - 26",
      "postcode": "3800-325",
      "city": "AVEIRO",
      "lon": "-8.613202061342532",
      "lat": "40.654555204940614"
    },
    {
      "id": "pt.ine.add.PTCONT.219465",
      "street": "R QUINTA DA CALDEIRA",
      "house": "10 - 26",
      "postcode": "3800-325",
      "city": "AVEIRO",
      "lon": "-8.613202061342532",
      "lat": "40.654555204940614"
    },
    {
      "id": "pt.ine.add.PTCONT.219466",
      "street": "R QUINTA DA CALDEIRA",
      "house": "10 - 26",
      "postcode": "3800-325",
      "city": "AVEIRO",
      "lon": "-8.613202061342532",
      "lat": "40.654555204940614"
    },
    {
      "id": "pt.ine.add.PTCONT.219467",
      "street": "R QUINTA DA CALDEIRA",
      "house": "10 - 26",
      "postcode": "3800-325",
      "city": "AVEIRO",
      "lon": "-8.613202061342532",
      "lat": "40.654555204940614"
    },
    {
      "id": "pt.ine.add.PTCONT.219468",
      "street": "R QUINTA DA CALDEIRA",
      "house": "10 - 26",
      "postcode": "3800-325",
      "city": "AVEIRO",
      "lon": "-8.613202061342532",
      "lat": "40.654555204940614"
    },
    {
      "id": "pt.ine.add.PTCONT.219469",
      "street": "R QUINTA DA CALDEIRA",
      "house": "10 - 26",
      "postcode": "3800-325",
      "city": "AVEIRO",
      "lon": "-8.613202061342532",
      "lat": "40.654555204940614"
    },
    {
      "id": "pt.ine.add.PTCONT.219470",
      "street": "R QUINTA DA CALDEIRA",
      "house": "10 - 26",
      "postcode": "3800-325",
      "city": "AVEIRO",
      "lon": "-8.613202061342532",
      "lat": "40.654555204940614"
    },
    {
      "id": "pt.ine.add.PTCONT.219471",
      "street": "R QUINTA DA CALDEIRA",
      "house": "10 - 26",
      "postcode": "3800-325",
      "city": "AVEIRO",
      "lon": "-8.613202061342532",
      "lat": "40.654555204940614"
    },
    {
      "id": "pt.ine.add.PTCONT.219472",
      "street": "R QUINTA DA CALDEIRA",
      "house": "10 - 26",
      "postcode": "3800-325",
      "city": "AVEIRO",
      "lon": "-8.613202061342532",
      "lat": "40.654555204940614"
    },
    {
      "id": "pt.ine.add.PTCONT.219473",
      "street": "R QUINTA DA CALDEIRA",
      "house": "10 - 26",
      "postcode": "3800-325",
      "city": "AVEIRO",
      "lon": "-8.613202061342532",
      "lat": "40.654555204940614"
    },
    {
      "id": "pt.ine.add.PTCONT.219474",
      "street": "R QUINTA DA CALDEIRA",
      "house": "10 - 26",
      "postcode": "3800-325",
      "city": "AVEIRO",
      "lon": "-8.613202061342532",
      "lat": "40.654555204940614"
    },
    {
      "id": "pt.ine.add.PTCONT.219475",
      "street": "R QUINTA DA CALDEIRA",
      "house": "10 - 26",
      "postcode": "3800-325",
      "city": "AVEIRO",
      "lon": "-8.613202061342532",
      "lat": "40.654555204940614"
    },
    {
      "id": "pt.ine.add.PTCONT.219476",
      "street": "R QUINTA DA CALDEIRA",
      "house": "10 - 26",
      "postcode": "3800-325",
      "city": "AVEIRO",
      "lon": "-8.613202061342532",
      "lat": "40.654555204940614"
    },
    {
      "id": "pt.ine.add.PTCONT.219477",
      "street": "R QUINTA DA CALDEIRA",
      "house": "10 - 26",
      "postcode": "3800-325",
      "city": "AVEIRO",
      "lon": "-8.613202061342532",
      "lat": "40.654555204940614"
    },
    {
      "id": "pt.ine.add.PTCONT.219478",
      "street": "R QUINTA DA CALDEIRA",
      "house": "10 - 26",
      "postcode": "3800-325",
      "city": "AVEIRO",
      "lon": "-8.613202061342532",
      "lat": "40.654555204940614"
    },
    {
      "id": "pt.ine.add.PTCONT.219479",
      "street": "R QUINTA DA CALDEIRA",
      "house": "10 - 26",
      "postcode": "3800-325",
      "city": "AVEIRO",
      "lon": "-8.613202061342532",
      "lat": "40.654555204940614"
    },
    {
      "id": "pt.ine.add.PTCONT.219480",
      "street": "R QUINTA DA CALDEIRA",
      "house": "10 - 26",
      "postcode": "3800-325",
      "city": "AVEIRO",
      "lon": "-8.613202061342532",
      "lat": "40.654555204940614"
    },
    {
      "id": "pt.ine.add.PTCONT.219481",
      "street": "R QUINTA DA CALDEIRA",
      "house": "10 - 26",
      "postcode": "3800-325",
      "city": "AVEIRO",
      "lon": "-8.613202061342532",
      "lat": "40.654555204940614"
    },
    {
      "id": "pt.ine.add.PTCONT.222655",
      "street": "R ERVIDEIROS",
      "house": "",
      "postcode": "3800-302",
      "city": "AVEIRO",
      "lon": "-8.609130786516133",
      "lat": "40.65651141075183"
    },
    {
      "id": "pt.ine.add.PTCONT.227886",
      "street": "R POMBAS",
      "house": "96",
      "postcode": "3800-325",
      "city": "AVEIRO",
      "lon": "-8.612212900058356",
      "lat": "40.65346969265119"
    },
    {
      "id": "pt.ine.add.PTCONT.238913",
      "street": "R NOVA DO MILAO",
      "house": "41",
      "postcode": "3800-319",
      "city": "AVEIRO",
      "lon": "-8.615450379644313",
      "lat": "40.654797978872196"
    },
    {
      "id": "pt.ine.add.PTCONT.244367",
      "street": "R JOÃO FRANCISCO DO CASAL",
      "house": "",
      "postcode": "3800-266",
      "city": "AVEIRO",
      "lon": "-8.615632152192852",
      "lat": "40.65316716596759"
    },
    {
      "id": "pt.ine.add.PTCONT.248347",
      "street": "R NOVA MILAO",
      "house": "45",
      "postcode": "3800-319",
      "city": "AVEIRO",
      "lon": "-8.61569725771314",
      "lat": "40.6546452604921"
    },
    {
      "id": "pt.ine.add.PTCONT.248348",
      "street": "R POMBAS",
      "house": "",
      "postcode": "3800-325",
      "city": "AVEIRO",
      "lon": "-8.61130752538255",
      "lat": "40.65334212465172"
    },
    {
      "id": "pt.ine.add.PTCONT.257835",
      "street": "R BATALHA",
      "house": "49",
      "postcode": "3800-112",
      "city": "AVEIRO",
      "lon": "-8.611525807850207",
      "lat": "40.656689022688155"
    },
    {
      "id": "pt.ine.add.PTCONT.268652",
      "street": "R ERVIDEIROS",
      "house": "",
      "postcode": "3800-302",
      "city": "AVEIRO",
      "lon": "-8.609400615136682",
      "lat": "40.65704735747182"
    },
    {
      "id": "pt.ine.add.PTCONT.271283",
      "street": "R POMBAS",
      "house": "90",
      "postcode": "3800-325",
      "city": "AVEIRO",
      "lon": "-8.612534377133814",
      "lat": "40.65315292846445"
    },
    {
      "id": "pt.ine.add.PTCONT.284586",
      "street": "R NOVA DO MILAO",
      "house": "1",
      "postcode": "3800-319",
      "city": "AVEIRO",
      "lon": "-8.611775793329082",
      "lat": "40.65594411375287"
    },
    {
      "id": "pt.ine.add.PTCONT.284587",
      "street": "R POMBAS",
      "house": "",
      "postcode": "3800-325",
      "city": "AVEIRO",
      "lon": "-8.616502788813385",
      "lat": "40.65386034687986"
    },
    {
      "id": "pt.ine.add.PTCONT.287285",
      "street": "R ELÍSIO FILINTO FEIO",
      "house": "35",
      "postcode": "3800-265",
      "city": "AVEIRO",
      "lon": "-8.61651802066707",
      "lat": "40.653640857840074"
    }
  ]
}