{
  "data": {
    "distrito": "Braga",
    "concelho": "Barcelos",
    "freguesia": "Galegos (Santa Maria)",
    "OBJECTID": 1091,
    "BGRI2021": "03026800209",
    "DT21": "03",
    "DTMN21": "0302",
    "DTMNFR21": "030268",
    "DTMNFRSEC21": "030268002",
    "SECNUM21": "002",
    "SSNUM21": "09",
    "SECSSNUM21": "00209",
    "OBJECTID_1": 21562,
    "DT": "03",
    "CC": "02",
    "fr": "68",
    "SEC": "002",
    "SS": "09"
  },
  "addresses": [
    {
      "id": "pt.ine.add.PTCONT.470688",
      "street": "FRAIAO",
      "house": "4",
      "postcode": "4750-464",
      "city": "GALEGOS (SANTA MARIA)",
      "lon": "-8.586778136001442",
      "lat": "41.559580124814055"
    },
    {
      "id": "pt.ine.add.PTCONT.470689",
      "street": "SEM DESIGNACAO",
      "house": "3",
      "postcode": "4750-464",
      "city": "GALEGOS (SANTA MARIA)",
      "lon": "-8.586778136001442",
      "lat": "41.559580124814055"
    },
    {
      "id": "pt.ine.add.PTCONT.470690",
      "street": "SEM DESIGNACAO",
      "house": "14",
      "postcode": "4750-464",
      "city": "GALEGOS (SANTA MARIA)",
      "lon": "-8.586778136001442",
      "lat": "41.559580124814055"
    },
    {
      "id": "pt.ine.add.PTCONT.470691",
      "street": "SEM DESIGNACAO",
      "house": "13",
      "postcode": "4750-464",
      "city": "GALEGOS (SANTA MARIA)",
      "lon": "-8.586778136001442",
      "lat": "41.559580124814055"
    },
    {
      "id": "pt.ine.add.PTCONT.478360",
      "street": "",
      "house": "",
      "postcode": "4750-464",
      "city": "GALEGOS (SANTA MARIA)",
      "lon": "-8.587875089481601",
      "lat": "41.55873844533272"
    },
    {
      "id": "pt.ine.add.PTCONT.506444",
      "street": "",
      "house": "",
      "postcode": "4750-464",
      "city": "GALEGOS (SANTA MARIA)",
      "lon": "-8.587665252879889",
      "lat": "41.55958562507037"
    },
    {
      "id": "pt.ine.add.PTCONT.506445",
      "street": "",
      "house": "",
      "postcode": "4750-464",
      "city": "GALEGOS (SANTA MARIA)",
      "lon": "-8.587665252879889",
      "lat": "41.55958562507037"
    },
    {
      "id": "pt.ine.add.PTCONT.509247",
      "street": "",
      "house": "",
      "postcode": "4750-464",
      "city": "GALEGOS (SANTA MARIA)",
      "lon": "-8.589304018422366",
      "lat": "41.55908393035671"
    },
    {
      "id": "pt.ine.add.PTCONT.516248",
      "street": "BARCELOS",
      "house": "4",
      "postcode": "4750-464",
      "city": "GALEGOS (SANTA MARIA)",
      "lon": "-8.586355878390764",
      "lat": "41.559194629903494"
    },
    {
      "id": "pt.ine.add.PTCONT.516249",
      "street": "FRAIAO",
      "house": "3",
      "postcode": "4750-464",
      "city": "GALEGOS (SANTA MARIA)",
      "lon": "-8.586355878390764",
      "lat": "41.559194629903494"
    },
    {
      "id": "pt.ine.add.PTCONT.516250",
      "street": "GALEGOS (SANTA MARIA)",
      "house": "15",
      "postcode": "4750-464",
      "city": "GALEGOS (SANTA MARIA)",
      "lon": "-8.586355878390764",
      "lat": "41.559194629903494"
    },
    {
      "id": "pt.ine.add.PTCONT.516251",
      "street": "GALEGOS (SANTA MARIA)",
      "house": "14",
      "postcode": "4750-464",
      "city": "GALEGOS (SANTA MARIA)",
      "lon": "-8.586355878390764",
      "lat": "41.559194629903494"
    },
    {
      "id": "pt.ine.add.PTCONT.516252",
      "street": "GALEGOS (SANTA MARIA)",
      "house": "15",
      "postcode": "4750-464",
      "city": "GALEGOS (SANTA MARIA)",
      "lon": "-8.586355878390764",
      "lat": "41.559194629903494"
    },
    {
      "id": "pt.ine.add.PTCONT.516253",
      "street": "GALEGOS (SANTA MARIA)",
      "house": "27",
      "postcode": "4750-464",
      "city": "GALEGOS (SANTA MARIA)",
      "lon": "-8.586355878390764",
      "lat": "41.559194629903494"
    },
    {
      "id": "pt.ine.add.PTCONT.527588",
      "street": "",
      "house": "",
      "postcode": "4750-464",
      "city": "GALEGOS (SANTA MARIA)",
      "lon": "-8.587602793524367",
      "lat": "41.5592257230261"
    },
    {
      "id": "pt.ine.add.PTCONT.535797",
      "street": "R SOUTO",
      "house": "",
      "postcode": "4750-472",
      "city": "GALEGOS (SANTA MARIA)",
      "lon": "-8.58743818946507",
      "lat": "41.55968556341162"
    },
    {
      "id": "pt.ine.add.PTCONT.539489",
      "street": "",
      "house": "",
      "postcode": "4750-464",
      "city": "GALEGOS (SANTA MARIA)",
      "lon": "-8.588574068463215",
      "lat": "41.559266898497874"
    },
    {
      "id": "pt.ine.add.PTCONT.545315",
      "street": "",
      "house": "",
      "postcode": "4750-464",
      "city": "GALEGOS (SANTA MARIA)",
      "lon": "-8.587336050146286",
      "lat": "41.55879459828539"
    },
    {
      "id": "pt.ine.add.PTCONT.545309",
      "street": "",
      "house": "",
      "postcode": "4750-464",
      "city": "GALEGOS (SANTA MARIA)",
      "lon": "-8.586335489740378",
      "lat": "41.55970792251093"
    },
    {
      "id": "pt.ine.add.PTCONT.545310",
      "street": "",
      "house": "",
      "postcode": "4750-464",
      "city": "GALEGOS (SANTA MARIA)",
      "lon": "-8.587336050146286",
      "lat": "41.55879459828539"
    },
    {
      "id": "pt.ine.add.PTCONT.557992",
      "street": "",
      "house": "",
      "postcode": "4750-464",
      "city": "GALEGOS (SANTA MARIA)",
      "lon": "-8.587186268495863",
      "lat": "41.5596595473459"
    },
    {
      "id": "pt.ine.add.PTCONT.569034",
      "street": "",
      "house": "",
      "postcode": "4750-464",
      "city": "GALEGOS (SANTA MARIA)",
      "lon": "-8.587168105146421",
      "lat": "41.55877725413938"
    },
    {
      "id": "pt.ine.add.PTCONT.583120",
      "street": "",
      "house": "",
      "postcode": "4750-464",
      "city": "GALEGOS (SANTA MARIA)",
      "lon": "-8.586869058290464",
      "lat": "41.5588684718695"
    },
    {
      "id": "pt.ine.add.PTCONT.597848",
      "street": "",
      "house": "",
      "postcode": "4750-464",
      "city": "GALEGOS (SANTA MARIA)",
      "lon": "-8.587268792301067",
      "lat": "41.559461139521225"
    },
    {
      "id": "pt.ine.add.PTCONT.606780",
      "street": "SEM DESIGNACAO",
      "house": "8",
      "postcode": "4750-464",
      "city": "GALEGOS (SANTA MARIA)",
      "lon": "-8.586606286601322",
      "lat": "41.55900456438221"
    },
    {
      "id": "pt.ine.add.PTCONT.606781",
      "street": "SEM DESIGNACAO",
      "house": "7",
      "postcode": "4750-464",
      "city": "GALEGOS (SANTA MARIA)",
      "lon": "-8.586606286601322",
      "lat": "41.55900456438221"
    },
    {
      "id": "pt.ine.add.PTCONT.606782",
      "street": "SEM DESIGNACAO",
      "house": "19",
      "postcode": "4750-464",
      "city": "GALEGOS (SANTA MARIA)",
      "lon": "-8.586606286601322",
      "lat": "41.55900456438221"
    },
    {
      "id": "pt.ine.add.PTCONT.606783",
      "street": "SEM DESIGNACAO",
      "house": "18",
      "postcode": "4750-464",
      "city": "GALEGOS (SANTA MARIA)",
      "lon": "-8.586606286601322",
      "lat": "41.55900456438221"
    },
    {
      "id": "pt.ine.add.PTCONT.606784",
      "street": "SEM DESIGNACAO",
      "house": "28",
      "postcode": "4750-464",
      "city": "GALEGOS (SANTA MARIA)",
      "lon": "-8.586606286601322",
      "lat": "41.55900456438221"
    },
    {
      "id": "pt.ine.add.PTCONT.609315",
      "street": "R AGRA",
      "house": "27",
      "postcode": "4750-464",
      "city": "GALEGOS (SANTA MARIA)",
      "lon": "-8.586606286601322",
      "lat": "41.55900456438221"
    },
    {
      "id": "pt.ine.add.PTCONT.621641",
      "street": "R AGRA",
      "house": "",
      "postcode": "4750-464",
      "city": "GALEGOS (SANTA MARIA)",
      "lon": "-8.586212787325945",
      "lat": "41.55930323852844"
    },
    {
      "id": "pt.ine.add.PTCONT.621642",
      "street": "R AGRA",
      "house": "",
      "postcode": "4750-464",
      "city": "GALEGOS (SANTA MARIA)",
      "lon": "-8.586212787325945",
      "lat": "41.55930323852844"
    },
    {
      "id": "pt.ine.add.PTCONT.621643",
      "street": "R AGRA",
      "house": "",
      "postcode": "4750-464",
      "city": "GALEGOS (SANTA MARIA)",
      "lon": "-8.586212787325945",
      "lat": "41.55930323852844"
    },
    {
      "id": "pt.ine.add.PTCONT.621644",
      "street": "R AGRA",
      "house": "",
      "postcode": "4750-464",
      "city": "GALEGOS (SANTA MARIA)",
      "lon": "-8.586212787325945",
      "lat": "41.55930323852844"
    },
    {
      "id": "pt.ine.add.PTCONT.621715",
      "street": "R AGRA",
      "house": "",
      "postcode": "4750-464",
      "city": "GALEGOS (SANTA MARIA)",
      "lon": "-8.586212787325945",
      "lat": "41.55930323852844"
    },
    {
      "id": "pt.ine.add.PTCONT.623558",
      "street": "R AGRA",
      "house": "",
      "postcode": "4750-464",
      "city": "GALEGOS (SANTA MARIA)",
      "lon": "-8.586212787325945",
      "lat": "41.55930323852844"
    },
    {
      "id": "pt.ine.add.PTCONT.623606",
      "street": "R AGRA",
      "house": "",
      "postcode": "4750-464",
      "city": "GALEGOS (SANTA MARIA)",
      "lon": "-8.586212787325945",
      "lat": "41.55930323852844"
    },
    {
      "id": "pt.ine.add.PTCONT.649225",
      "street": "SEM DESIGNACAO",
      "house": "474",
      "postcode": "4750-464",
      "city": "GALEGOS (SANTA MARIA)",
      "lon": "-8.587846323411247",
      "lat": "41.55976498359179"
    },
    {
      "id": "pt.ine.add.PTCONT.649226",
      "street": "",
      "house": "",
      "postcode": "4750-464",
      "city": "GALEGOS (SANTA MARIA)",
      "lon": "-8.587846323411247",
      "lat": "41.55976498359179"
    },
    {
      "id": "pt.ine.add.PTCONT.665387",
      "street": "R SOUTO",
      "house": "186",
      "postcode": "4750-472",
      "city": "GALEGOS (SANTA MARIA)",
      "lon": "-8.58570060577686",
      "lat": "41.55977344925876"
    },
    {
      "id": "pt.ine.add.PTCONT.673040",
      "street": "",
      "house": "",
      "postcode": "4750-464",
      "city": "GALEGOS (SANTA MARIA)",
      "lon": "-8.588133006825831",
      "lat": "41.55961978991856"
    },
    {
      "id": "pt.ine.add.PTCONT.700920",
      "street": "R SOUTO",
      "house": "2",
      "postcode": "4750-472",
      "city": "GALEGOS (SANTA MARIA)",
      "lon": "-8.58695781822865",
      "lat": "41.55956140830605"
    },
    {
      "id": "pt.ine.add.PTCONT.700921",
      "street": "",
      "house": "",
      "postcode": "4750-464",
      "city": "GALEGOS (SANTA MARIA)",
      "lon": "-8.58695781822865",
      "lat": "41.55956140830605"
    },
    {
      "id": "pt.ine.add.PTCONT.700922",
      "street": "JARDINS",
      "house": "12",
      "postcode": "4750-464",
      "city": "GALEGOS (SANTA MARIA)",
      "lon": "-8.58695781822865",
      "lat": "41.55956140830605"
    },
    {
      "id": "pt.ine.add.PTCONT.700925",
      "street": "R SOUTO",
      "house": "11",
      "postcode": "4750-472",
      "city": "GALEGOS (SANTA MARIA)",
      "lon": "-8.58695781822865",
      "lat": "41.55956140830605"
    },
    {
      "id": "pt.ine.add.PTCONT.722261",
      "street": "",
      "house": "",
      "postcode": "4750-464",
      "city": "GALEGOS (SANTA MARIA)",
      "lon": "-8.58900535286671",
      "lat": "41.55922917446482"
    },
    {
      "id": "pt.ine.add.PTCONT.748854",
      "street": "",
      "house": "",
      "postcode": "4750-464",
      "city": "GALEGOS (SANTA MARIA)",
      "lon": "-8.587182424041803",
      "lat": "41.5591103353922"
    },
    {
      "id": "pt.ine.add.PTCONT.794170",
      "street": "TV AGRA",
      "house": "",
      "postcode": "4750-464",
      "city": "GALEGOS (SANTA MARIA)",
      "lon": "-8.587124315843589",
      "lat": "41.559371672831475"
    },
    {
      "id": "pt.ine.add.PTCONT.799866",
      "street": "",
      "house": "",
      "postcode": "4750-464",
      "city": "GALEGOS (SANTA MARIA)",
      "lon": "-8.587205137775527",
      "lat": "41.55893017121322"
    },
    {
      "id": "pt.ine.add.PTCONT.802050",
      "street": "",
      "house": "",
      "postcode": "4750-464",
      "city": "GALEGOS (SANTA MARIA)",
      "lon": "-8.587205137775527",
      "lat": "41.55893017121322"
    },
    {
      "id": "pt.ine.add.PTCONT.805887",
      "street": "",
      "house": "",
      "postcode": "4750-464",
      "city": "GALEGOS (SANTA MARIA)",
      "lon": "-8.588222840457075",
      "lat": "41.55875507692063"
    },
    {
      "id": "pt.ine.add.PTCONT.809210",
      "street": "",
      "house": "",
      "postcode": "4750-464",
      "city": "GALEGOS (SANTA MARIA)",
      "lon": "-8.587351693887301",
      "lat": "41.55931675248058"
    },
    {
      "id": "pt.ine.add.PTCONT.820101",
      "street": "",
      "house": "",
      "postcode": "4750-464",
      "city": "GALEGOS (SANTA MARIA)",
      "lon": "-8.588263350062862",
      "lat": "41.559403184694474"
    },
    {
      "id": "pt.ine.add.PTCONT.820102",
      "street": "SEM DESIGNACAO",
      "house": "7",
      "postcode": "4750-464",
      "city": "GALEGOS (SANTA MARIA)",
      "lon": "-8.586562429075487",
      "lat": "41.559589979388456"
    },
    {
      "id": "pt.ine.add.PTCONT.820103",
      "street": "",
      "house": "",
      "postcode": "4750-464",
      "city": "GALEGOS (SANTA MARIA)",
      "lon": "-8.586562429075487",
      "lat": "41.559589979388456"
    },
    {
      "id": "pt.ine.add.PTCONT.820104",
      "street": "",
      "house": "",
      "postcode": "4750-464",
      "city": "GALEGOS (SANTA MARIA)",
      "lon": "-8.586562429075487",
      "lat": "41.559589979388456"
    },
    {
      "id": "pt.ine.add.PTCONT.820105",
      "street": "SEM DESIGNACAO",
      "house": "16",
      "postcode": "4750-464",
      "city": "GALEGOS (SANTA MARIA)",
      "lon": "-8.586562429075487",
      "lat": "41.559589979388456"
    },
    {
      "id": "pt.ine.add.PTCONT.820106",
      "street": "SEM DESIGNACAO",
      "house": "17",
      "postcode": "4750-464",
      "city": "GALEGOS (SANTA MARIA)",
      "lon": "-8.586562429075487",
      "lat": "41.559589979388456"
    },
    {
      "id": "pt.ine.add.PTCONT.820107",
      "street": "SEM DESIGNACAO",
      "house": "18",
      "postcode": "4750-464",
      "city": "GALEGOS (SANTA MARIA)",
      "lon": "-8.586562429075487",
      "lat": "41.559589979388456"
    },
    {
      "id": "pt.ine.add.PTCONT.820108",
      "street": "SEM DESIGNACAO",
      "house": "15",
      "postcode": "4750-464",
      "city": "GALEGOS (SANTA MARIA)",
      "lon": "-8.586562429075487",
      "lat": "41.559589979388456"
    },
    {
      "id": "pt.ine.add.PTCONT.820336",
      "street": "SEM DESIGNACAO BLO C",
      "house": "BLO C 6",
      "postcode": "4750-464",
      "city": "GALEGOS (SANTA MARIA)",
      "lon": "-8.586562429075487",
      "lat": "41.559589979388456"
    },
    {
      "id": "pt.ine.add.PTCONT.825401",
      "street": "JARDINS",
      "house": "5",
      "postcode": "4750-464",
      "city": "GALEGOS (SANTA MARIA)",
      "lon": "-8.586475057654022",
      "lat": "41.559095119104306"
    },
    {
      "id": "pt.ine.add.PTCONT.825402",
      "street": "FRAIﾃグ",
      "house": "17",
      "postcode": "4750-464",
      "city": "GALEGOS (SANTA MARIA)",
      "lon": "-8.586475057654022",
      "lat": "41.559095119104306"
    },
    {
      "id": "pt.ine.add.PTCONT.825403",
      "street": "FRAIﾃグ",
      "house": "16",
      "postcode": "4750-464",
      "city": "GALEGOS (SANTA MARIA)",
      "lon": "-8.586475057654022",
      "lat": "41.559095119104306"
    },
    {
      "id": "pt.ine.add.PTCONT.825404",
      "street": "FRAIﾃグ",
      "house": "26",
      "postcode": "4750-464",
      "city": "GALEGOS (SANTA MARIA)",
      "lon": "-8.586475057654022",
      "lat": "41.559095119104306"
    },
    {
      "id": "pt.ine.add.PTCONT.825405",
      "street": "FRAIﾃグ",
      "house": "25",
      "postcode": "4750-464",
      "city": "GALEGOS (SANTA MARIA)",
      "lon": "-8.586475057654022",
      "lat": "41.559095119104306"
    },
    {
      "id": "pt.ine.add.PTCONT.826245",
      "street": "R AGRA",
      "house": "6",
      "postcode": "4750-464",
      "city": "GALEGOS (SANTA MARIA)",
      "lon": "-8.586475057654022",
      "lat": "41.559095119104306"
    },
    {
      "id": "pt.ine.add.PTCONT.840794",
      "street": "",
      "house": "",
      "postcode": "4750-464",
      "city": "GALEGOS (SANTA MARIA)",
      "lon": "-8.588133006825831",
      "lat": "41.55961978991856"
    },
    {
      "id": "pt.ine.add.PTCONT.847085",
      "street": "",
      "house": "",
      "postcode": "4750-464",
      "city": "GALEGOS (SANTA MARIA)",
      "lon": "-8.58686975106049",
      "lat": "41.558967510103045"
    },
    {
      "id": "pt.ine.add.PTCONT.847751",
      "street": "",
      "house": "",
      "postcode": "4750-464",
      "city": "GALEGOS (SANTA MARIA)",
      "lon": "-8.587186268495863",
      "lat": "41.5596595473459"
    }
  ]
}