{
  "data": {
    "distrito": "Faro",
    "concelho": "Albufeira",
    "freguesia": "Albufeira e Olhos de Água",
    "OBJECTID": 215,
    "BGRI2021": "08010601805",
    "DT21": "08",
    "DTMN21": "0801",
    "DTMNFR21": "080106",
    "DTMNFRSEC21": "080106018",
    "SECNUM21": "018",
    "SSNUM21": "05",
    "SECSSNUM21": "01805",
    "OBJECTID_1": 64828,
    "DT": "08",
    "CC": "01",
    "fr": "06",
    "SEC": "018",
    "SS": "05"
  },
  "addresses": [
    {
      "id": "pt.ine.add.PTCONT.1466940",
      "street": "CAM ALFARROBEIRA CASA DO MAR",
      "house": "",
      "postcode": "8200-602",
      "city": "ALBUFEIRA",
      "lon": "-8.195425846848202",
      "lat": "37.09606798507161"
    },
    {
      "id": "pt.ine.add.PTCONT.1466941",
      "street": "CAM ALFARROBEIRA CASA DO MAR",
      "house": "",
      "postcode": "8200-602",
      "city": "ALBUFEIRA",
      "lon": "-8.195425846848202",
      "lat": "37.09606798507161"
    },
    {
      "id": "pt.ine.add.PTCONT.1468578",
      "street": "CAM VALE NAVIO",
      "house": "",
      "postcode": "8200-393",
      "city": "ALBUFEIRA",
      "lon": "-8.19977068029838",
      "lat": "37.099327486103036"
    },
    {
      "id": "pt.ine.add.PTCONT.1469532",
      "street": "TV MULATINHO",
      "house": "",
      "postcode": "8200-609",
      "city": "ALBUFEIRA",
      "lon": "-8.196222796506083",
      "lat": "37.09401312906031"
    },
    {
      "id": "pt.ine.add.PTCONT.1472302",
      "street": "R EUCALIPTO",
      "house": "2",
      "postcode": "8200-609",
      "city": "ALBUFEIRA",
      "lon": "-8.195188044892177",
      "lat": "37.09413081408151"
    },
    {
      "id": "pt.ine.add.PTCONT.1472303",
      "street": "R EUCALIPTO",
      "house": "2",
      "postcode": "8200-609",
      "city": "ALBUFEIRA",
      "lon": "-8.195188044892177",
      "lat": "37.09413081408151"
    },
    {
      "id": "pt.ine.add.PTCONT.1472304",
      "street": "R EUCALIPTO",
      "house": "2",
      "postcode": "8200-609",
      "city": "ALBUFEIRA",
      "lon": "-8.195188044892177",
      "lat": "37.09413081408151"
    },
    {
      "id": "pt.ine.add.PTCONT.1472305",
      "street": "R EUCALIPTO",
      "house": "2",
      "postcode": "8200-609",
      "city": "ALBUFEIRA",
      "lon": "-8.195188044892177",
      "lat": "37.09413081408151"
    },
    {
      "id": "pt.ine.add.PTCONT.1472306",
      "street": "R EUCALIPTO",
      "house": "2",
      "postcode": "8200-609",
      "city": "ALBUFEIRA",
      "lon": "-8.195188044892177",
      "lat": "37.09413081408151"
    },
    {
      "id": "pt.ine.add.PTCONT.1472307",
      "street": "R EUCALIPTO",
      "house": "2",
      "postcode": "8200-609",
      "city": "ALBUFEIRA",
      "lon": "-8.195188044892177",
      "lat": "37.09413081408151"
    },
    {
      "id": "pt.ine.add.PTCONT.1472308",
      "street": "R EUCALIPTO",
      "house": "2",
      "postcode": "8200-609",
      "city": "ALBUFEIRA",
      "lon": "-8.195188044892177",
      "lat": "37.09413081408151"
    },
    {
      "id": "pt.ine.add.PTCONT.1472309",
      "street": "R EUCALIPTO",
      "house": "2",
      "postcode": "8200-609",
      "city": "ALBUFEIRA",
      "lon": "-8.195188044892177",
      "lat": "37.09413081408151"
    },
    {
      "id": "pt.ine.add.PTCONT.1472310",
      "street": "R EUCALIPTO",
      "house": "2",
      "postcode": "8200-609",
      "city": "ALBUFEIRA",
      "lon": "-8.195188044892177",
      "lat": "37.09413081408151"
    },
    {
      "id": "pt.ine.add.PTCONT.1472311",
      "street": "R EUCALIPTO",
      "house": "2",
      "postcode": "8200-609",
      "city": "ALBUFEIRA",
      "lon": "-8.195188044892177",
      "lat": "37.09413081408151"
    },
    {
      "id": "pt.ine.add.PTCONT.1472312",
      "street": "R EUCALIPTO",
      "house": "2",
      "postcode": "8200-609",
      "city": "ALBUFEIRA",
      "lon": "-8.195188044892177",
      "lat": "37.09413081408151"
    },
    {
      "id": "pt.ine.add.PTCONT.1472313",
      "street": "R EUCALIPTO",
      "house": "2",
      "postcode": "8200-609",
      "city": "ALBUFEIRA",
      "lon": "-8.195188044892177",
      "lat": "37.09413081408151"
    },
    {
      "id": "pt.ine.add.PTCONT.1472314",
      "street": "R EUCALIPTO",
      "house": "2",
      "postcode": "8200-609",
      "city": "ALBUFEIRA",
      "lon": "-8.195188044892177",
      "lat": "37.09413081408151"
    },
    {
      "id": "pt.ine.add.PTCONT.1472315",
      "street": "R EUCALIPTO",
      "house": "2",
      "postcode": "8200-609",
      "city": "ALBUFEIRA",
      "lon": "-8.195188044892177",
      "lat": "37.09413081408151"
    },
    {
      "id": "pt.ine.add.PTCONT.1472316",
      "street": "R EUCALIPTO",
      "house": "2",
      "postcode": "8200-609",
      "city": "ALBUFEIRA",
      "lon": "-8.195188044892177",
      "lat": "37.09413081408151"
    },
    {
      "id": "pt.ine.add.PTCONT.1472317",
      "street": "R EUCALIPTO",
      "house": "2",
      "postcode": "8200-609",
      "city": "ALBUFEIRA",
      "lon": "-8.195188044892177",
      "lat": "37.09413081408151"
    },
    {
      "id": "pt.ine.add.PTCONT.1472318",
      "street": "R EUCALIPTO",
      "house": "2",
      "postcode": "8200-609",
      "city": "ALBUFEIRA",
      "lon": "-8.195188044892177",
      "lat": "37.09413081408151"
    },
    {
      "id": "pt.ine.add.PTCONT.1472333",
      "street": "CAM VALE DA AZINHEIRA VILA SILVA",
      "house": "",
      "postcode": "8200-389",
      "city": "ALBUFEIRA",
      "lon": "-8.1917038157566",
      "lat": "37.09771883614414"
    },
    {
      "id": "pt.ine.add.PTCONT.1472334",
      "street": "CAM VALE DA AZINHEIRA VILA SILVA",
      "house": "",
      "postcode": "8200-389",
      "city": "ALBUFEIRA",
      "lon": "-8.1917038157566",
      "lat": "37.09771883614414"
    },
    {
      "id": "pt.ine.add.PTCONT.1474526",
      "street": "R EUCALIPTO",
      "house": "2",
      "postcode": "8200-609",
      "city": "ALBUFEIRA",
      "lon": "-8.195188044892177",
      "lat": "37.09413081408151"
    },
    {
      "id": "pt.ine.add.PTCONT.1484537",
      "street": "CAM ALFARROBEIRA CASA SOTTO",
      "house": "",
      "postcode": "8200-602",
      "city": "ALBUFEIRA",
      "lon": "-8.195358480305407",
      "lat": "37.096221201948154"
    },
    {
      "id": "pt.ine.add.PTCONT.1487067",
      "street": "BC GIRASSOL",
      "house": "",
      "postcode": "8200-602",
      "city": "ALBUFEIRA",
      "lon": "-8.19726902113732",
      "lat": "37.09416574918103"
    },
    {
      "id": "pt.ine.add.PTCONT.1489776",
      "street": "R MERCADO",
      "house": "",
      "postcode": "8200-609",
      "city": "ALBUFEIRA",
      "lon": "-8.193129872808402",
      "lat": "37.09448329012531"
    },
    {
      "id": "pt.ine.add.PTCONT.1489777",
      "street": "R MERCADO",
      "house": "",
      "postcode": "8200-609",
      "city": "ALBUFEIRA",
      "lon": "-8.193129872808402",
      "lat": "37.09448329012531"
    },
    {
      "id": "pt.ine.add.PTCONT.1489778",
      "street": "R MERCADO",
      "house": "",
      "postcode": "8200-609",
      "city": "ALBUFEIRA",
      "lon": "-8.193129872808402",
      "lat": "37.09448329012531"
    },
    {
      "id": "pt.ine.add.PTCONT.1489779",
      "street": "R MERCADO",
      "house": "",
      "postcode": "8200-609",
      "city": "ALBUFEIRA",
      "lon": "-8.193129872808402",
      "lat": "37.09448329012531"
    },
    {
      "id": "pt.ine.add.PTCONT.1489780",
      "street": "R MERCADO",
      "house": "",
      "postcode": "8200-609",
      "city": "ALBUFEIRA",
      "lon": "-8.193129872808402",
      "lat": "37.09448329012531"
    },
    {
      "id": "pt.ine.add.PTCONT.1489781",
      "street": "R MERCADO",
      "house": "",
      "postcode": "8200-609",
      "city": "ALBUFEIRA",
      "lon": "-8.193129872808402",
      "lat": "37.09448329012531"
    },
    {
      "id": "pt.ine.add.PTCONT.1491954",
      "street": "R MERCADO",
      "house": "",
      "postcode": "8200-609",
      "city": "ALBUFEIRA",
      "lon": "-8.193129872808402",
      "lat": "37.09448329012531"
    },
    {
      "id": "pt.ine.add.PTCONT.1495811",
      "street": "CAM VALE DA AZINHEIRA",
      "house": "",
      "postcode": "8200-389",
      "city": "ALBUFEIRA",
      "lon": "-8.192500074428793",
      "lat": "37.09462777807251"
    },
    {
      "id": "pt.ine.add.PTCONT.1495815",
      "street": "BC MERCADO",
      "house": "",
      "postcode": "8200-609",
      "city": "ALBUFEIRA",
      "lon": "-8.19419891288466",
      "lat": "37.09503239561018"
    },
    {
      "id": "pt.ine.add.PTCONT.1495816",
      "street": "BC MERCADO",
      "house": "",
      "postcode": "8200-609",
      "city": "ALBUFEIRA",
      "lon": "-8.19419891288466",
      "lat": "37.09503239561018"
    },
    {
      "id": "pt.ine.add.PTCONT.1495817",
      "street": "BC MERCADO",
      "house": "",
      "postcode": "8200-609",
      "city": "ALBUFEIRA",
      "lon": "-8.19419891288466",
      "lat": "37.09503239561018"
    },
    {
      "id": "pt.ine.add.PTCONT.1495818",
      "street": "BC MERCADO",
      "house": "",
      "postcode": "8200-609",
      "city": "ALBUFEIRA",
      "lon": "-8.19419891288466",
      "lat": "37.09503239561018"
    },
    {
      "id": "pt.ine.add.PTCONT.1495819",
      "street": "BC MERCADO",
      "house": "",
      "postcode": "8200-609",
      "city": "ALBUFEIRA",
      "lon": "-8.19419891288466",
      "lat": "37.09503239561018"
    },
    {
      "id": "pt.ine.add.PTCONT.1495820",
      "street": "BC MERCADO",
      "house": "",
      "postcode": "8200-609",
      "city": "ALBUFEIRA",
      "lon": "-8.19419891288466",
      "lat": "37.09503239561018"
    },
    {
      "id": "pt.ine.add.PTCONT.1495821",
      "street": "BC MERCADO",
      "house": "",
      "postcode": "8200-609",
      "city": "ALBUFEIRA",
      "lon": "-8.19419891288466",
      "lat": "37.09503239561018"
    },
    {
      "id": "pt.ine.add.PTCONT.1495822",
      "street": "BC MERCADO",
      "house": "",
      "postcode": "8200-609",
      "city": "ALBUFEIRA",
      "lon": "-8.19419891288466",
      "lat": "37.09503239561018"
    },
    {
      "id": "pt.ine.add.PTCONT.1495823",
      "street": "BC MERCADO",
      "house": "",
      "postcode": "8200-609",
      "city": "ALBUFEIRA",
      "lon": "-8.19419891288466",
      "lat": "37.09503239561018"
    },
    {
      "id": "pt.ine.add.PTCONT.1495826",
      "street": "BC MERCADO",
      "house": "",
      "postcode": "8200-609",
      "city": "ALBUFEIRA",
      "lon": "-8.19419891288466",
      "lat": "37.09503239561018"
    },
    {
      "id": "pt.ine.add.PTCONT.1495827",
      "street": "BC MERCADO",
      "house": "",
      "postcode": "8200-609",
      "city": "ALBUFEIRA",
      "lon": "-8.19419891288466",
      "lat": "37.09503239561018"
    },
    {
      "id": "pt.ine.add.PTCONT.1503217",
      "street": "R MULATINHO",
      "house": "",
      "postcode": "8200-609",
      "city": "ALBUFEIRA",
      "lon": "-8.195941588038245",
      "lat": "37.094013278388644"
    },
    {
      "id": "pt.ine.add.PTCONT.1504563",
      "street": "",
      "house": "",
      "postcode": "8200-389",
      "city": "ALBUFEIRA",
      "lon": "-8.197457285683702",
      "lat": "37.10396925787476"
    },
    {
      "id": "pt.ine.add.PTCONT.1507549",
      "street": "CAM ALBUFEIRA",
      "house": "",
      "postcode": "8200-393",
      "city": "ALBUFEIRA",
      "lon": "-8.200797637365529",
      "lat": "37.10302127831839"
    },
    {
      "id": "pt.ine.add.PTCONT.1507550",
      "street": "CAM ALBUFEIRA",
      "house": "",
      "postcode": "8200-393",
      "city": "ALBUFEIRA",
      "lon": "-8.200797637365529",
      "lat": "37.10302127831839"
    },
    {
      "id": "pt.ine.add.PTCONT.1510289",
      "street": "CAM VALE DA AZINHEIRA QTA DOS PINHEIROS",
      "house": "",
      "postcode": "8200-389",
      "city": "ALBUFEIRA",
      "lon": "-8.195733082821672",
      "lat": "37.1003478928922"
    },
    {
      "id": "pt.ine.add.PTCONT.1510290",
      "street": "CAM VALE DA AZINHEIRA QTA DOS PINHEIROS",
      "house": "",
      "postcode": "8200-389",
      "city": "ALBUFEIRA",
      "lon": "-8.195733082821672",
      "lat": "37.1003478928922"
    },
    {
      "id": "pt.ine.add.PTCONT.1512897",
      "street": "R MULATINHO",
      "house": "9",
      "postcode": "8200-609",
      "city": "ALBUFEIRA",
      "lon": "-8.1962229908083",
      "lat": "37.094247406615544"
    },
    {
      "id": "pt.ine.add.PTCONT.1523787",
      "street": "R MERCADO",
      "house": "",
      "postcode": "8200-609",
      "city": "ALBUFEIRA",
      "lon": "-8.193501034542969",
      "lat": "37.09443804829413"
    },
    {
      "id": "pt.ine.add.PTCONT.1523788",
      "street": "R MERCADO",
      "house": "",
      "postcode": "8200-609",
      "city": "ALBUFEIRA",
      "lon": "-8.193501034542969",
      "lat": "37.09443804829413"
    },
    {
      "id": "pt.ine.add.PTCONT.1523789",
      "street": "R MERCADO",
      "house": "",
      "postcode": "8200-609",
      "city": "ALBUFEIRA",
      "lon": "-8.193501034542969",
      "lat": "37.09443804829413"
    },
    {
      "id": "pt.ine.add.PTCONT.1523790",
      "street": "R MERCADO",
      "house": "",
      "postcode": "8200-609",
      "city": "ALBUFEIRA",
      "lon": "-8.193501034542969",
      "lat": "37.09443804829413"
    },
    {
      "id": "pt.ine.add.PTCONT.1523791",
      "street": "R MERCADO",
      "house": "",
      "postcode": "8200-609",
      "city": "ALBUFEIRA",
      "lon": "-8.193501034542969",
      "lat": "37.09443804829413"
    },
    {
      "id": "pt.ine.add.PTCONT.1523792",
      "street": "R MERCADO",
      "house": "",
      "postcode": "8200-609",
      "city": "ALBUFEIRA",
      "lon": "-8.193501034542969",
      "lat": "37.09443804829413"
    },
    {
      "id": "pt.ine.add.PTCONT.1545016",
      "street": "",
      "house": "",
      "postcode": "8200-602",
      "city": "ALBUFEIRA",
      "lon": "-8.1962384777787",
      "lat": "37.099356451158826"
    },
    {
      "id": "pt.ine.add.PTCONT.1550935",
      "street": "CAM VALE DA AZINHEIRA VILA NUNO",
      "house": "",
      "postcode": "8200-389",
      "city": "ALBUFEIRA",
      "lon": "-8.191962233506084",
      "lat": "37.097322238507616"
    },
    {
      "id": "pt.ine.add.PTCONT.1550936",
      "street": "CAM ALBUFEIRA",
      "house": "",
      "postcode": "8200-393",
      "city": "ALBUFEIRA",
      "lon": "-8.201236648832067",
      "lat": "37.10332738951716"
    },
    {
      "id": "pt.ine.add.PTCONT.1553007",
      "street": "CAM VALE DA AZINHEIRA VILA NUNO",
      "house": "",
      "postcode": "8200-389",
      "city": "ALBUFEIRA",
      "lon": "-8.191962233506084",
      "lat": "37.097322238507616"
    },
    {
      "id": "pt.ine.add.PTCONT.1554051",
      "street": "CAM VALE NAVIO",
      "house": "",
      "postcode": "8200-393",
      "city": "ALBUFEIRA",
      "lon": "-8.200917962387598",
      "lat": "37.09918266486349"
    },
    {
      "id": "pt.ine.add.PTCONT.1558930",
      "street": "CAM VALE NAVIO DE BAIXO BARRACAO AGRICOLA",
      "house": "",
      "postcode": "8200-393",
      "city": "ALBUFEIRA",
      "lon": "-8.198746030612304",
      "lat": "37.09819271301647"
    },
    {
      "id": "pt.ine.add.PTCONT.1561056",
      "street": "CAM VALE DA AZINHEIRA",
      "house": "",
      "postcode": "8200-389",
      "city": "ALBUFEIRA",
      "lon": "-8.19148989331383",
      "lat": "37.09746664277937"
    },
    {
      "id": "pt.ine.add.PTCONT.1565023",
      "street": "CAM VALE DA AZINHEIRA",
      "house": "",
      "postcode": "8200-633",
      "city": "ALBUFEIRA",
      "lon": "-8.192904847988384",
      "lat": "37.094411318373"
    },
    {
      "id": "pt.ine.add.PTCONT.1565024",
      "street": "CAM VALE DA AZINHEIRA",
      "house": "",
      "postcode": "8200-633",
      "city": "ALBUFEIRA",
      "lon": "-8.192904847988384",
      "lat": "37.094411318373"
    },
    {
      "id": "pt.ine.add.PTCONT.1565025",
      "street": "CAM VALE DA AZINHEIRA",
      "house": "",
      "postcode": "8200-633",
      "city": "ALBUFEIRA",
      "lon": "-8.192904847988384",
      "lat": "37.094411318373"
    },
    {
      "id": "pt.ine.add.PTCONT.1565026",
      "street": "CAM VALE DA AZINHEIRA",
      "house": "",
      "postcode": "8200-633",
      "city": "ALBUFEIRA",
      "lon": "-8.192904847988384",
      "lat": "37.094411318373"
    },
    {
      "id": "pt.ine.add.PTCONT.1565027",
      "street": "CAM VALE DA AZINHEIRA",
      "house": "",
      "postcode": "8200-633",
      "city": "ALBUFEIRA",
      "lon": "-8.192904847988384",
      "lat": "37.094411318373"
    },
    {
      "id": "pt.ine.add.PTCONT.1565041",
      "street": "CAM VALE DA AZINHEIRA",
      "house": "",
      "postcode": "8200-633",
      "city": "ALBUFEIRA",
      "lon": "-8.192904847988384",
      "lat": "37.094411318373"
    },
    {
      "id": "pt.ine.add.PTCONT.1565042",
      "street": "CAM VALE DA AZINHEIRA",
      "house": "",
      "postcode": "8200-633",
      "city": "ALBUFEIRA",
      "lon": "-8.192904847988384",
      "lat": "37.094411318373"
    },
    {
      "id": "pt.ine.add.PTCONT.1565764",
      "street": "CAM VALE DA AZINHEIRA",
      "house": "",
      "postcode": "8200-633",
      "city": "ALBUFEIRA",
      "lon": "-8.192184551778727",
      "lat": "37.09389807066084"
    },
    {
      "id": "pt.ine.add.PTCONT.1565765",
      "street": "CAM VALE DA AZINHEIRA",
      "house": "",
      "postcode": "8200-633",
      "city": "ALBUFEIRA",
      "lon": "-8.192184551778727",
      "lat": "37.09389807066084"
    },
    {
      "id": "pt.ine.add.PTCONT.1565766",
      "street": "CAM VALE DA AZINHEIRA",
      "house": "",
      "postcode": "8200-633",
      "city": "ALBUFEIRA",
      "lon": "-8.192184551778727",
      "lat": "37.09389807066084"
    },
    {
      "id": "pt.ine.add.PTCONT.1565767",
      "street": "CAM VALE DA AZINHEIRA",
      "house": "",
      "postcode": "8200-633",
      "city": "ALBUFEIRA",
      "lon": "-8.192184551778727",
      "lat": "37.09389807066084"
    },
    {
      "id": "pt.ine.add.PTCONT.1565769",
      "street": "CAM VALE DA AZINHEIRA",
      "house": "",
      "postcode": "8200-633",
      "city": "ALBUFEIRA",
      "lon": "-8.192184551778727",
      "lat": "37.09389807066084"
    },
    {
      "id": "pt.ine.add.PTCONT.1565770",
      "street": "CAM VALE DA AZINHEIRA",
      "house": "",
      "postcode": "8200-633",
      "city": "ALBUFEIRA",
      "lon": "-8.192184551778727",
      "lat": "37.09389807066084"
    },
    {
      "id": "pt.ine.add.PTCONT.1568055",
      "street": "CAM VALE DA AZINHEIRA",
      "house": "",
      "postcode": "8200-633",
      "city": "ALBUFEIRA",
      "lon": "-8.192184551778727",
      "lat": "37.09389807066084"
    },
    {
      "id": "pt.ine.add.PTCONT.1568145",
      "street": "R TORRE MEDRONHEIRA",
      "house": "",
      "postcode": "8200-635",
      "city": "ALBUFEIRA",
      "lon": "-8.196718416336942",
      "lat": "37.094841846691764"
    },
    {
      "id": "pt.ine.add.PTCONT.1572950",
      "street": "CASA MARLIS",
      "house": "",
      "postcode": "8200-636",
      "city": "ALBUFEIRA",
      "lon": "-8.197768343917971",
      "lat": "37.099337605494156"
    },
    {
      "id": "pt.ine.add.PTCONT.1574423",
      "street": "BC MERCADO CONDOMINIO BOSQUE S JODE",
      "house": "",
      "postcode": "8200-609",
      "city": "ALBUFEIRA",
      "lon": "-8.193614063057538",
      "lat": "37.09512280223089"
    },
    {
      "id": "pt.ine.add.PTCONT.1574424",
      "street": "BC MERCADO CONDOMINIO BOSQUE S JODE",
      "house": "",
      "postcode": "8200-609",
      "city": "ALBUFEIRA",
      "lon": "-8.193614063057538",
      "lat": "37.09512280223089"
    },
    {
      "id": "pt.ine.add.PTCONT.1574425",
      "street": "BC MERCADO CONDOMINIO BOSQUE S JODE",
      "house": "",
      "postcode": "8200-609",
      "city": "ALBUFEIRA",
      "lon": "-8.193614063057538",
      "lat": "37.09512280223089"
    },
    {
      "id": "pt.ine.add.PTCONT.1574426",
      "street": "BC MERCADO CONDOMINIO BOSQUE S JODE",
      "house": "",
      "postcode": "8200-609",
      "city": "ALBUFEIRA",
      "lon": "-8.193614063057538",
      "lat": "37.09512280223089"
    },
    {
      "id": "pt.ine.add.PTCONT.1574430",
      "street": "BC MERCADO CONDOMINIO BOSQUE S JODE",
      "house": "",
      "postcode": "8200-609",
      "city": "ALBUFEIRA",
      "lon": "-8.193614063057538",
      "lat": "37.09512280223089"
    },
    {
      "id": "pt.ine.add.PTCONT.1574431",
      "street": "BC MERCADO CONDOMINIO BOSQUE S JODE",
      "house": "",
      "postcode": "8200-609",
      "city": "ALBUFEIRA",
      "lon": "-8.193614063057538",
      "lat": "37.09512280223089"
    },
    {
      "id": "pt.ine.add.PTCONT.1574432",
      "street": "BC MERCADO CONDOMINIO BOSQUE S JODE",
      "house": "",
      "postcode": "8200-609",
      "city": "ALBUFEIRA",
      "lon": "-8.193614063057538",
      "lat": "37.09512280223089"
    },
    {
      "id": "pt.ine.add.PTCONT.1574433",
      "street": "BC MERCADO CONDOMINIO BOSQUE S JODE",
      "house": "",
      "postcode": "8200-609",
      "city": "ALBUFEIRA",
      "lon": "-8.193614063057538",
      "lat": "37.09512280223089"
    },
    {
      "id": "pt.ine.add.PTCONT.1574434",
      "street": "BC MERCADO CONDOMINIO BOSQUE S JODE",
      "house": "",
      "postcode": "8200-609",
      "city": "ALBUFEIRA",
      "lon": "-8.193614063057538",
      "lat": "37.09512280223089"
    },
    {
      "id": "pt.ine.add.PTCONT.1574435",
      "street": "BC MERCADO CONDOMINIO BOSQUE S JODE",
      "house": "",
      "postcode": "8200-609",
      "city": "ALBUFEIRA",
      "lon": "-8.193614063057538",
      "lat": "37.09512280223089"
    },
    {
      "id": "pt.ine.add.PTCONT.1574436",
      "street": "BC MERCADO CONDOMINIO BOSQUE S JODE",
      "house": "",
      "postcode": "8200-609",
      "city": "ALBUFEIRA",
      "lon": "-8.193614063057538",
      "lat": "37.09512280223089"
    },
    {
      "id": "pt.ine.add.PTCONT.1574437",
      "street": "BC MERCADO CONDOMINIO BOSQUE S JODE",
      "house": "",
      "postcode": "8200-609",
      "city": "ALBUFEIRA",
      "lon": "-8.193614063057538",
      "lat": "37.09512280223089"
    },
    {
      "id": "pt.ine.add.PTCONT.1574438",
      "street": "BC MERCADO CONDOMINIO BOSQUE S JODE",
      "house": "",
      "postcode": "8200-609",
      "city": "ALBUFEIRA",
      "lon": "-8.193614063057538",
      "lat": "37.09512280223089"
    },
    {
      "id": "pt.ine.add.PTCONT.1574439",
      "street": "BC MERCADO CONDOMINIO BOSQUE S JODE",
      "house": "",
      "postcode": "8200-609",
      "city": "ALBUFEIRA",
      "lon": "-8.193614063057538",
      "lat": "37.09512280223089"
    },
    {
      "id": "pt.ine.add.PTCONT.1574440",
      "street": "BC MERCADO CONDOMINIO BOSQUE S JODE",
      "house": "",
      "postcode": "8200-609",
      "city": "ALBUFEIRA",
      "lon": "-8.193614063057538",
      "lat": "37.09512280223089"
    },
    {
      "id": "pt.ine.add.PTCONT.1574441",
      "street": "BC MERCADO CONDOMINIO BOSQUE S JODE",
      "house": "",
      "postcode": "8200-609",
      "city": "ALBUFEIRA",
      "lon": "-8.193614063057538",
      "lat": "37.09512280223089"
    },
    {
      "id": "pt.ine.add.PTCONT.1574442",
      "street": "BC MERCADO CONDOMINIO BOSQUE S JODE",
      "house": "",
      "postcode": "8200-609",
      "city": "ALBUFEIRA",
      "lon": "-8.193614063057538",
      "lat": "37.09512280223089"
    },
    {
      "id": "pt.ine.add.PTCONT.1574443",
      "street": "BC MERCADO CONDOMINIO BOSQUE S JODE",
      "house": "",
      "postcode": "8200-609",
      "city": "ALBUFEIRA",
      "lon": "-8.193614063057538",
      "lat": "37.09512280223089"
    },
    {
      "id": "pt.ine.add.PTCONT.1574444",
      "street": "BC MERCADO CONDOMINIO BOSQUE S JODE",
      "house": "",
      "postcode": "8200-609",
      "city": "ALBUFEIRA",
      "lon": "-8.193614063057538",
      "lat": "37.09512280223089"
    },
    {
      "id": "pt.ine.add.PTCONT.1574445",
      "street": "BC MERCADO CONDOMINIO BOSQUE S JODE",
      "house": "",
      "postcode": "8200-609",
      "city": "ALBUFEIRA",
      "lon": "-8.193614063057538",
      "lat": "37.09512280223089"
    },
    {
      "id": "pt.ine.add.PTCONT.1574446",
      "street": "BC MERCADO CONDOMINIO BOSQUE S JODE",
      "house": "",
      "postcode": "8200-609",
      "city": "ALBUFEIRA",
      "lon": "-8.193614063057538",
      "lat": "37.09512280223089"
    },
    {
      "id": "pt.ine.add.PTCONT.1574447",
      "street": "BC MERCADO CONDOMINIO BOSQUE S JODE",
      "house": "",
      "postcode": "8200-609",
      "city": "ALBUFEIRA",
      "lon": "-8.193614063057538",
      "lat": "37.09512280223089"
    },
    {
      "id": "pt.ine.add.PTCONT.1574449",
      "street": "BC MERCADO CONDOMINIO BOSQUE S JODE",
      "house": "",
      "postcode": "8200-609",
      "city": "ALBUFEIRA",
      "lon": "-8.193614063057538",
      "lat": "37.09512280223089"
    },
    {
      "id": "pt.ine.add.PTCONT.1574450",
      "street": "BC MERCADO CONDOMINIO BOSQUE S JODE",
      "house": "",
      "postcode": "8200-609",
      "city": "ALBUFEIRA",
      "lon": "-8.193614063057538",
      "lat": "37.09512280223089"
    },
    {
      "id": "pt.ine.add.PTCONT.1574451",
      "street": "BC MERCADO CONDOMINIO BOSQUE S JODE",
      "house": "",
      "postcode": "8200-609",
      "city": "ALBUFEIRA",
      "lon": "-8.193614063057538",
      "lat": "37.09512280223089"
    },
    {
      "id": "pt.ine.add.PTCONT.1574452",
      "street": "BC MERCADO CONDOMINIO BOSQUE S JODE",
      "house": "",
      "postcode": "8200-609",
      "city": "ALBUFEIRA",
      "lon": "-8.193614063057538",
      "lat": "37.09512280223089"
    },
    {
      "id": "pt.ine.add.PTCONT.1576127",
      "street": "CAM VALE NAVIO C P",
      "house": "C P 150H",
      "postcode": "8200-393",
      "city": "ALBUFEIRA",
      "lon": "-8.200016774361995",
      "lat": "37.09775047985583"
    },
    {
      "id": "pt.ine.add.PTCONT.1577589",
      "street": "CAM ALBUFEIRA",
      "house": "",
      "postcode": "8200-393",
      "city": "ALBUFEIRA",
      "lon": "-8.199491857968953",
      "lat": "37.10208490723185"
    },
    {
      "id": "pt.ine.add.PTCONT.1577590",
      "street": "R MULATINHO",
      "house": "15",
      "postcode": "8200-609",
      "city": "ALBUFEIRA",
      "lon": "-8.196132802334139",
      "lat": "37.094004166242534"
    },
    {
      "id": "pt.ine.add.PTCONT.1579977",
      "street": "BC MERCADO COND BOSQUE S JOSÉ",
      "house": "",
      "postcode": "8200-609",
      "city": "ALBUFEIRA",
      "lon": "-8.194131682075268",
      "lat": "37.095356814620565"
    },
    {
      "id": "pt.ine.add.PTCONT.1579978",
      "street": "BC MERCADO COND BOSQUE S JOSÉ",
      "house": "",
      "postcode": "8200-609",
      "city": "ALBUFEIRA",
      "lon": "-8.194131682075268",
      "lat": "37.095356814620565"
    },
    {
      "id": "pt.ine.add.PTCONT.1579979",
      "street": "BC MERCADO COND BOSQUE S JOSÉ",
      "house": "",
      "postcode": "8200-609",
      "city": "ALBUFEIRA",
      "lon": "-8.194131682075268",
      "lat": "37.095356814620565"
    },
    {
      "id": "pt.ine.add.PTCONT.1579980",
      "street": "BC MERCADO COND BOSQUE S JOSÉ",
      "house": "",
      "postcode": "8200-609",
      "city": "ALBUFEIRA",
      "lon": "-8.194131682075268",
      "lat": "37.095356814620565"
    },
    {
      "id": "pt.ine.add.PTCONT.1579981",
      "street": "BC MERCADO COND BOSQUE S JOSÉ",
      "house": "",
      "postcode": "8200-609",
      "city": "ALBUFEIRA",
      "lon": "-8.194131682075268",
      "lat": "37.095356814620565"
    },
    {
      "id": "pt.ine.add.PTCONT.1579982",
      "street": "BC MERCADO COND BOSQUE S JOSÉ",
      "house": "",
      "postcode": "8200-609",
      "city": "ALBUFEIRA",
      "lon": "-8.194131682075268",
      "lat": "37.095356814620565"
    },
    {
      "id": "pt.ine.add.PTCONT.1579983",
      "street": "BC MERCADO COND BOSQUE S JOSÉ",
      "house": "",
      "postcode": "8200-609",
      "city": "ALBUFEIRA",
      "lon": "-8.194131682075268",
      "lat": "37.095356814620565"
    },
    {
      "id": "pt.ine.add.PTCONT.1579984",
      "street": "BC MERCADO COND BOSQUE S JOSÉ",
      "house": "",
      "postcode": "8200-609",
      "city": "ALBUFEIRA",
      "lon": "-8.194131682075268",
      "lat": "37.095356814620565"
    },
    {
      "id": "pt.ine.add.PTCONT.1579985",
      "street": "BC MERCADO COND BOSQUE S JOSÉ",
      "house": "",
      "postcode": "8200-609",
      "city": "ALBUFEIRA",
      "lon": "-8.194131682075268",
      "lat": "37.095356814620565"
    },
    {
      "id": "pt.ine.add.PTCONT.1579986",
      "street": "BC MERCADO COND BOSQUE S JOSÉ",
      "house": "",
      "postcode": "8200-609",
      "city": "ALBUFEIRA",
      "lon": "-8.194131682075268",
      "lat": "37.095356814620565"
    },
    {
      "id": "pt.ine.add.PTCONT.1579987",
      "street": "BC MERCADO COND BOSQUE S JOSÉ",
      "house": "",
      "postcode": "8200-609",
      "city": "ALBUFEIRA",
      "lon": "-8.194131682075268",
      "lat": "37.095356814620565"
    },
    {
      "id": "pt.ine.add.PTCONT.1579988",
      "street": "BC MERCADO COND BOSQUE S JOSÉ",
      "house": "",
      "postcode": "8200-609",
      "city": "ALBUFEIRA",
      "lon": "-8.194131682075268",
      "lat": "37.095356814620565"
    },
    {
      "id": "pt.ine.add.PTCONT.1579989",
      "street": "BC MERCADO COND BOSQUE S JOSÉ",
      "house": "",
      "postcode": "8200-609",
      "city": "ALBUFEIRA",
      "lon": "-8.194131682075268",
      "lat": "37.095356814620565"
    },
    {
      "id": "pt.ine.add.PTCONT.1579990",
      "street": "BC MERCADO COND BOSQUE S JOSÉ",
      "house": "",
      "postcode": "8200-609",
      "city": "ALBUFEIRA",
      "lon": "-8.194131682075268",
      "lat": "37.095356814620565"
    },
    {
      "id": "pt.ine.add.PTCONT.1579991",
      "street": "BC MERCADO COND BOSQUE S JOSÉ",
      "house": "",
      "postcode": "8200-609",
      "city": "ALBUFEIRA",
      "lon": "-8.194131682075268",
      "lat": "37.095356814620565"
    },
    {
      "id": "pt.ine.add.PTCONT.1579992",
      "street": "BC MERCADO COND BOSQUE S JOSÉ",
      "house": "",
      "postcode": "8200-609",
      "city": "ALBUFEIRA",
      "lon": "-8.194131682075268",
      "lat": "37.095356814620565"
    },
    {
      "id": "pt.ine.add.PTCONT.1579993",
      "street": "BC MERCADO COND BOSQUE S JOSÉ",
      "house": "",
      "postcode": "8200-609",
      "city": "ALBUFEIRA",
      "lon": "-8.194131682075268",
      "lat": "37.095356814620565"
    },
    {
      "id": "pt.ine.add.PTCONT.1579994",
      "street": "BC MERCADO COND BOSQUE S JOSÉ",
      "house": "",
      "postcode": "8200-609",
      "city": "ALBUFEIRA",
      "lon": "-8.194131682075268",
      "lat": "37.095356814620565"
    },
    {
      "id": "pt.ine.add.PTCONT.1579995",
      "street": "BC MERCADO COND BOSQUE S JOSÉ",
      "house": "",
      "postcode": "8200-609",
      "city": "ALBUFEIRA",
      "lon": "-8.194131682075268",
      "lat": "37.095356814620565"
    },
    {
      "id": "pt.ine.add.PTCONT.1579996",
      "street": "BC MERCADO COND BOSQUE S JOSÉ",
      "house": "",
      "postcode": "8200-609",
      "city": "ALBUFEIRA",
      "lon": "-8.194131682075268",
      "lat": "37.095356814620565"
    },
    {
      "id": "pt.ine.add.PTCONT.1579997",
      "street": "BC MERCADO COND BOSQUE S JOSÉ",
      "house": "",
      "postcode": "8200-609",
      "city": "ALBUFEIRA",
      "lon": "-8.194131682075268",
      "lat": "37.095356814620565"
    },
    {
      "id": "pt.ine.add.PTCONT.1580003",
      "street": "BC MERCADO COND BOSQUE S JOSÉ",
      "house": "",
      "postcode": "8200-609",
      "city": "ALBUFEIRA",
      "lon": "-8.194131682075268",
      "lat": "37.095356814620565"
    },
    {
      "id": "pt.ine.add.PTCONT.1580004",
      "street": "BC MERCADO COND BOSQUE S JOSÉ",
      "house": "",
      "postcode": "8200-609",
      "city": "ALBUFEIRA",
      "lon": "-8.194131682075268",
      "lat": "37.095356814620565"
    },
    {
      "id": "pt.ine.add.PTCONT.1580005",
      "street": "BC MERCADO COND BOSQUE S JOSÉ",
      "house": "",
      "postcode": "8200-609",
      "city": "ALBUFEIRA",
      "lon": "-8.194131682075268",
      "lat": "37.095356814620565"
    },
    {
      "id": "pt.ine.add.PTCONT.1580006",
      "street": "BC MERCADO COND BOSQUE S JOSÉ",
      "house": "",
      "postcode": "8200-609",
      "city": "ALBUFEIRA",
      "lon": "-8.194131682075268",
      "lat": "37.095356814620565"
    },
    {
      "id": "pt.ine.add.PTCONT.1590468",
      "street": "R MULATINHO",
      "house": "",
      "postcode": "8200-609",
      "city": "ALBUFEIRA",
      "lon": "-8.19584033813365",
      "lat": "37.09399531063272"
    },
    {
      "id": "pt.ine.add.PTCONT.1591230",
      "street": "CAM VALE DA AZINHEIRA",
      "house": "",
      "postcode": "8200-633",
      "city": "ALBUFEIRA",
      "lon": "-8.192567283394082",
      "lat": "37.09426731723923"
    },
    {
      "id": "pt.ine.add.PTCONT.1591231",
      "street": "CAM VALE DA AZINHEIRA",
      "house": "",
      "postcode": "8200-633",
      "city": "ALBUFEIRA",
      "lon": "-8.192567283394082",
      "lat": "37.09426731723923"
    },
    {
      "id": "pt.ine.add.PTCONT.1591232",
      "street": "CAM VALE DA AZINHEIRA",
      "house": "",
      "postcode": "8200-633",
      "city": "ALBUFEIRA",
      "lon": "-8.192567283394082",
      "lat": "37.09426731723923"
    },
    {
      "id": "pt.ine.add.PTCONT.1591233",
      "street": "CAM VALE DA AZINHEIRA",
      "house": "",
      "postcode": "8200-633",
      "city": "ALBUFEIRA",
      "lon": "-8.192567283394082",
      "lat": "37.09426731723923"
    },
    {
      "id": "pt.ine.add.PTCONT.1591234",
      "street": "CAM VALE DA AZINHEIRA",
      "house": "",
      "postcode": "8200-633",
      "city": "ALBUFEIRA",
      "lon": "-8.192567283394082",
      "lat": "37.09426731723923"
    },
    {
      "id": "pt.ine.add.PTCONT.1591405",
      "street": "CAM VALE DA AZINHEIRA",
      "house": "",
      "postcode": "8200-633",
      "city": "ALBUFEIRA",
      "lon": "-8.192567283394082",
      "lat": "37.09426731723923"
    },
    {
      "id": "pt.ine.add.PTCONT.1591443",
      "street": "CAM VALE DA AZINHEIRA",
      "house": "",
      "postcode": "8200-633",
      "city": "ALBUFEIRA",
      "lon": "-8.192567283394082",
      "lat": "37.09426731723923"
    },
    {
      "id": "pt.ine.add.PTCONT.1594451",
      "street": "CAM VALE DA AZINHEIRA",
      "house": "",
      "postcode": "8200-389",
      "city": "ALBUFEIRA",
      "lon": "-8.191714807854687",
      "lat": "37.09738543576776"
    },
    {
      "id": "pt.ine.add.PTCONT.1594452",
      "street": "CAM VALE DA AZINHEIRA",
      "house": "",
      "postcode": "8200-389",
      "city": "ALBUFEIRA",
      "lon": "-8.191714807854687",
      "lat": "37.09738543576776"
    },
    {
      "id": "pt.ine.add.PTCONT.1604450",
      "street": "ESTR ALBUFEIRA",
      "house": "26",
      "postcode": "8200-609",
      "city": "ALBUFEIRA",
      "lon": "-8.196537622311089",
      "lat": "37.09385977953839"
    },
    {
      "id": "pt.ine.add.PTCONT.1604560",
      "street": "",
      "house": "",
      "postcode": "8200-633",
      "city": "ALBUFEIRA",
      "lon": "-8.193627583295331",
      "lat": "37.097979179501124"
    },
    {
      "id": "pt.ine.add.PTCONT.1607706",
      "street": "ESTR ALBUFEIRA",
      "house": "19",
      "postcode": "8200-315",
      "city": "ALBUFEIRA",
      "lon": "-8.195783955451379",
      "lat": "37.09382413753367"
    },
    {
      "id": "pt.ine.add.PTCONT.1607707",
      "street": "ESTR ALBUFEIRA",
      "house": "",
      "postcode": "8200-609",
      "city": "ALBUFEIRA",
      "lon": "-8.196436387467518",
      "lat": "37.09385983364197"
    },
    {
      "id": "pt.ine.add.PTCONT.1607939",
      "street": "CAM ALFARROBEIRA",
      "house": "",
      "postcode": "8200-602",
      "city": "ALBUFEIRA",
      "lon": "-8.195695421476525",
      "lat": "37.0955902772432"
    },
    {
      "id": "pt.ine.add.PTCONT.1611713",
      "street": "CAM ALFARROBEIRA",
      "house": "",
      "postcode": "8200-602",
      "city": "ALBUFEIRA",
      "lon": "-8.19592041522736",
      "lat": "37.09561719031555"
    },
    {
      "id": "pt.ine.add.PTCONT.1615806",
      "street": "TV MULATINHO",
      "house": "",
      "postcode": "8200-609",
      "city": "ALBUFEIRA",
      "lon": "-8.19639152907889",
      "lat": "37.09402204981856"
    },
    {
      "id": "pt.ine.add.PTCONT.1619466",
      "street": "TV MULATINHO",
      "house": "",
      "postcode": "8200-609",
      "city": "ALBUFEIRA",
      "lon": "-8.19645901161746",
      "lat": "37.09401300310916"
    },
    {
      "id": "pt.ine.add.PTCONT.1624889",
      "street": "CAM ALBUFEIRA",
      "house": "",
      "postcode": "8200-393",
      "city": "ALBUFEIRA",
      "lon": "-8.2002122094601",
      "lat": "37.102517013770786"
    },
    {
      "id": "pt.ine.add.PTCONT.1629346",
      "street": "CAM VALE DA AZINHEIRA",
      "house": "",
      "postcode": "8200-633",
      "city": "ALBUFEIRA",
      "lon": "-8.193549162909047",
      "lat": "37.098384699787594"
    },
    {
      "id": "pt.ine.add.PTCONT.1640072",
      "street": "TV MULATINHO",
      "house": "",
      "postcode": "8200-609",
      "city": "ALBUFEIRA",
      "lon": "-8.196290286538055",
      "lat": "37.09401309312228"
    },
    {
      "id": "pt.ine.add.PTCONT.1655430",
      "street": "R EUCALIPTO",
      "house": "1",
      "postcode": "8200-609",
      "city": "ALBUFEIRA",
      "lon": "-8.195065485958485",
      "lat": "37.09398139821405"
    },
    {
      "id": "pt.ine.add.PTCONT.1655431",
      "street": "R EUCALIPTO",
      "house": "1",
      "postcode": "8200-609",
      "city": "ALBUFEIRA",
      "lon": "-8.195065485958485",
      "lat": "37.09398139821405"
    },
    {
      "id": "pt.ine.add.PTCONT.1655432",
      "street": "R EUCALIPTO",
      "house": "1",
      "postcode": "8200-609",
      "city": "ALBUFEIRA",
      "lon": "-8.195065485958485",
      "lat": "37.09398139821405"
    },
    {
      "id": "pt.ine.add.PTCONT.1655433",
      "street": "R EUCALIPTO",
      "house": "1",
      "postcode": "8200-609",
      "city": "ALBUFEIRA",
      "lon": "-8.195065485958485",
      "lat": "37.09398139821405"
    },
    {
      "id": "pt.ine.add.PTCONT.1655434",
      "street": "R EUCALIPTO",
      "house": "1",
      "postcode": "8200-609",
      "city": "ALBUFEIRA",
      "lon": "-8.195065485958485",
      "lat": "37.09398139821405"
    },
    {
      "id": "pt.ine.add.PTCONT.1655435",
      "street": "R EUCALIPTO",
      "house": "1",
      "postcode": "8200-609",
      "city": "ALBUFEIRA",
      "lon": "-8.195065485958485",
      "lat": "37.09398139821405"
    },
    {
      "id": "pt.ine.add.PTCONT.1655436",
      "street": "R EUCALIPTO",
      "house": "1",
      "postcode": "8200-609",
      "city": "ALBUFEIRA",
      "lon": "-8.195065485958485",
      "lat": "37.09398139821405"
    },
    {
      "id": "pt.ine.add.PTCONT.1655437",
      "street": "R EUCALIPTO",
      "house": "1",
      "postcode": "8200-609",
      "city": "ALBUFEIRA",
      "lon": "-8.195065485958485",
      "lat": "37.09398139821405"
    },
    {
      "id": "pt.ine.add.PTCONT.1655438",
      "street": "R EUCALIPTO",
      "house": "1",
      "postcode": "8200-609",
      "city": "ALBUFEIRA",
      "lon": "-8.195065485958485",
      "lat": "37.09398139821405"
    },
    {
      "id": "pt.ine.add.PTCONT.1657662",
      "street": "R TORRE MEDRONHEIRA",
      "house": "22",
      "postcode": "8200-635",
      "city": "ALBUFEIRA",
      "lon": "-8.196155172102232",
      "lat": "37.093850972800645"
    },
    {
      "id": "pt.ine.add.PTCONT.1658622",
      "street": "CAM ALFARROBEIRA",
      "house": "",
      "postcode": "8200-602",
      "city": "ALBUFEIRA",
      "lon": "-8.197034501111801",
      "lat": "37.09618426760289"
    },
    {
      "id": "pt.ine.add.PTCONT.1663671",
      "street": "BC GIRASSOL",
      "house": "",
      "postcode": "8200-602",
      "city": "ALBUFEIRA",
      "lon": "-8.197876401950676",
      "lat": "37.09412937629666"
    },
    {
      "id": "pt.ine.add.PTCONT.1670158",
      "street": "R MULATINHO",
      "house": "5-6",
      "postcode": "8200-609",
      "city": "ALBUFEIRA",
      "lon": "-8.195683380078501",
      "lat": "37.0946261410822"
    },
    {
      "id": "pt.ine.add.PTCONT.1672873",
      "street": "BC PAPOILAS",
      "house": "",
      "postcode": "8200-604",
      "city": "ALBUFEIRA",
      "lon": "-8.198315952573541",
      "lat": "37.09513833139052"
    },
    {
      "id": "pt.ine.add.PTCONT.1677722",
      "street": "CAM VALE NAVIO",
      "house": "",
      "postcode": "8200-393",
      "city": "ALBUFEIRA",
      "lon": "-8.20032175202603",
      "lat": "37.09917399362433"
    },
    {
      "id": "pt.ine.add.PTCONT.1683274",
      "street": "BC MERCADO",
      "house": "1",
      "postcode": "8200-609",
      "city": "ALBUFEIRA",
      "lon": "-8.194221113174063",
      "lat": "37.094662946366284"
    },
    {
      "id": "pt.ine.add.PTCONT.1686931",
      "street": "",
      "house": "",
      "postcode": "8200-389",
      "city": "ALBUFEIRA",
      "lon": "-8.197119260634686",
      "lat": "37.10333869430551"
    },
    {
      "id": "pt.ine.add.PTCONT.1686962",
      "street": "ESTR ALBUFEIRA - PLOSSER",
      "house": "",
      "postcode": "8200-609",
      "city": "ALBUFEIRA",
      "lon": "-8.197628800615957",
      "lat": "37.09396731904036"
    },
    {
      "id": "pt.ine.add.PTCONT.1686963",
      "street": "ESTR ALBUFEIRA - PLOSSER",
      "house": "",
      "postcode": "8200-609",
      "city": "ALBUFEIRA",
      "lon": "-8.197628800615957",
      "lat": "37.09396731904036"
    },
    {
      "id": "pt.ine.add.PTCONT.1686964",
      "street": "ESTR ALBUFEIRA - PLOSSER",
      "house": "",
      "postcode": "8200-609",
      "city": "ALBUFEIRA",
      "lon": "-8.197628800615957",
      "lat": "37.09396731904036"
    },
    {
      "id": "pt.ine.add.PTCONT.1692489",
      "street": "BC PAPOILAS",
      "house": "",
      "postcode": "8200-604",
      "city": "ALBUFEIRA",
      "lon": "-8.198259424612408",
      "lat": "37.094804967381314"
    },
    {
      "id": "pt.ine.add.PTCONT.1698267",
      "street": "CAM ALFARROBEIRA",
      "house": "",
      "postcode": "8200-602",
      "city": "ALBUFEIRA",
      "lon": "-8.196910312553584",
      "lat": "37.095643693897884"
    },
    {
      "id": "pt.ine.add.PTCONT.1698303",
      "street": "R MULATINHO",
      "house": "",
      "postcode": "8200-609",
      "city": "ALBUFEIRA",
      "lon": "-8.195829327447125",
      "lat": "37.094283658190534"
    },
    {
      "id": "pt.ine.add.PTCONT.1701339",
      "street": "CAM ALFARROBEIRA",
      "house": "",
      "postcode": "8200-602",
      "city": "ALBUFEIRA",
      "lon": "-8.19854103888258",
      "lat": "37.095273367571046"
    },
    {
      "id": "pt.ine.add.PTCONT.1706881",
      "street": "R EUCALIPTO",
      "house": "",
      "postcode": "8200-609",
      "city": "ALBUFEIRA",
      "lon": "-8.194941335167126",
      "lat": "37.095059042862296"
    },
    {
      "id": "pt.ine.add.PTCONT.1712660",
      "street": "CAM ALFARROBEIRA",
      "house": "",
      "postcode": "8200-602",
      "city": "ALBUFEIRA",
      "lon": "-8.195481595208834",
      "lat": "37.09546424042238"
    },
    {
      "id": "pt.ine.add.PTCONT.1721214",
      "street": "ESTR ALBUFEIRA",
      "house": "2",
      "postcode": "8200-609",
      "city": "ALBUFEIRA",
      "lon": "-8.197201348835051",
      "lat": "37.093949529472845"
    },
    {
      "id": "pt.ine.add.PTCONT.1721215",
      "street": "ESTR ALBUFEIRA",
      "house": "2",
      "postcode": "8200-609",
      "city": "ALBUFEIRA",
      "lon": "-8.197201348835051",
      "lat": "37.093949529472845"
    },
    {
      "id": "pt.ine.add.PTCONT.1721216",
      "street": "ESTR ALBUFEIRA",
      "house": "2",
      "postcode": "8200-609",
      "city": "ALBUFEIRA",
      "lon": "-8.197201348835051",
      "lat": "37.093949529472845"
    },
    {
      "id": "pt.ine.add.PTCONT.1721217",
      "street": "ESTR ALBUFEIRA",
      "house": "2",
      "postcode": "8200-609",
      "city": "ALBUFEIRA",
      "lon": "-8.197201348835051",
      "lat": "37.093949529472845"
    },
    {
      "id": "pt.ine.add.PTCONT.1723032",
      "street": "ESTR ALBUFEIRA",
      "house": "2",
      "postcode": "8200-609",
      "city": "ALBUFEIRA",
      "lon": "-8.197201348835051",
      "lat": "37.093949529472845"
    },
    {
      "id": "pt.ine.add.PTCONT.1723577",
      "street": "R MULATINHO",
      "house": "",
      "postcode": "8200-609",
      "city": "ALBUFEIRA",
      "lon": "-8.196178393117261",
      "lat": "37.094724996310426"
    },
    {
      "id": "pt.ine.add.PTCONT.1723916",
      "street": "",
      "house": "",
      "postcode": "8200-389",
      "city": "ALBUFEIRA",
      "lon": "-8.199279363029433",
      "lat": "37.103517721866126"
    },
    {
      "id": "pt.ine.add.PTCONT.1723956",
      "street": "BC GIRASSOL",
      "house": "",
      "postcode": "8200-602",
      "city": "ALBUFEIRA",
      "lon": "-8.197663011875479",
      "lat": "37.09451695183753"
    },
    {
      "id": "pt.ine.add.PTCONT.1733631",
      "street": "ESTR ALBUFEIRA",
      "house": "",
      "postcode": "8200-609",
      "city": "ALBUFEIRA",
      "lon": "-8.196357641766623",
      "lat": "37.093850864987196"
    },
    {
      "id": "pt.ine.add.PTCONT.1738310",
      "street": "",
      "house": "",
      "postcode": "8200-389",
      "city": "ALBUFEIRA",
      "lon": "-8.199482243634746",
      "lat": "37.10395913103292"
    },
    {
      "id": "pt.ine.add.PTCONT.1738339",
      "street": "CAM VALE NAVIO",
      "house": "",
      "postcode": "8200-393",
      "city": "ALBUFEIRA",
      "lon": "-8.200670082088644",
      "lat": "37.09873227276944"
    },
    {
      "id": "pt.ine.add.PTCONT.1741432",
      "street": "CAM ALFARROBEIRA",
      "house": "",
      "postcode": "8200-602",
      "city": "ALBUFEIRA",
      "lon": "-8.196122971671153",
      "lat": "37.09571620030024"
    },
    {
      "id": "pt.ine.add.PTCONT.1741588",
      "street": "",
      "house": "",
      "postcode": "8200-389",
      "city": "ALBUFEIRA",
      "lon": "-8.196791532892105",
      "lat": "37.101563769469756"
    },
    {
      "id": "pt.ine.add.PTCONT.1741681",
      "street": "R MULATINHO",
      "house": "L4",
      "postcode": "8200-609",
      "city": "ALBUFEIRA",
      "lon": "-8.195874759451716",
      "lat": "37.094815264188036"
    },
    {
      "id": "pt.ine.add.PTCONT.1744609",
      "street": "CAM VALE DA AZINHEIRA",
      "house": "",
      "postcode": "8200-633",
      "city": "ALBUFEIRA",
      "lon": "-8.192398438392658",
      "lat": "37.09411422022801"
    },
    {
      "id": "pt.ine.add.PTCONT.1744610",
      "street": "CAM VALE DA AZINHEIRA",
      "house": "",
      "postcode": "8200-633",
      "city": "ALBUFEIRA",
      "lon": "-8.192398438392658",
      "lat": "37.09411422022801"
    },
    {
      "id": "pt.ine.add.PTCONT.1744611",
      "street": "CAM VALE DA AZINHEIRA",
      "house": "",
      "postcode": "8200-633",
      "city": "ALBUFEIRA",
      "lon": "-8.192398438392658",
      "lat": "37.09411422022801"
    },
    {
      "id": "pt.ine.add.PTCONT.1744612",
      "street": "CAM VALE DA AZINHEIRA",
      "house": "",
      "postcode": "8200-633",
      "city": "ALBUFEIRA",
      "lon": "-8.192398438392658",
      "lat": "37.09411422022801"
    },
    {
      "id": "pt.ine.add.PTCONT.1744613",
      "street": "CAM VALE DA AZINHEIRA",
      "house": "",
      "postcode": "8200-633",
      "city": "ALBUFEIRA",
      "lon": "-8.192398438392658",
      "lat": "37.09411422022801"
    },
    {
      "id": "pt.ine.add.PTCONT.1744614",
      "street": "CAM VALE DA AZINHEIRA",
      "house": "",
      "postcode": "8200-633",
      "city": "ALBUFEIRA",
      "lon": "-8.192398438392658",
      "lat": "37.09411422022801"
    },
    {
      "id": "pt.ine.add.PTCONT.1746662",
      "street": "CAM VALE DA AZINHEIRA",
      "house": "",
      "postcode": "8200-633",
      "city": "ALBUFEIRA",
      "lon": "-8.192398438392658",
      "lat": "37.09411422022801"
    },
    {
      "id": "pt.ine.add.PTCONT.1750704",
      "street": "R MERCADO",
      "house": "",
      "postcode": "8200-609",
      "city": "ALBUFEIRA",
      "lon": "-8.193309818835848",
      "lat": "37.09444715619737"
    },
    {
      "id": "pt.ine.add.PTCONT.1750705",
      "street": "R MERCADO",
      "house": "",
      "postcode": "8200-609",
      "city": "ALBUFEIRA",
      "lon": "-8.193309818835848",
      "lat": "37.09444715619737"
    },
    {
      "id": "pt.ine.add.PTCONT.1750706",
      "street": "R MERCADO",
      "house": "",
      "postcode": "8200-609",
      "city": "ALBUFEIRA",
      "lon": "-8.193309818835848",
      "lat": "37.09444715619737"
    },
    {
      "id": "pt.ine.add.PTCONT.1750707",
      "street": "R MERCADO",
      "house": "",
      "postcode": "8200-609",
      "city": "ALBUFEIRA",
      "lon": "-8.193309818835848",
      "lat": "37.09444715619737"
    },
    {
      "id": "pt.ine.add.PTCONT.1750708",
      "street": "R MERCADO",
      "house": "",
      "postcode": "8200-609",
      "city": "ALBUFEIRA",
      "lon": "-8.193309818835848",
      "lat": "37.09444715619737"
    },
    {
      "id": "pt.ine.add.PTCONT.1750709",
      "street": "R MERCADO",
      "house": "",
      "postcode": "8200-609",
      "city": "ALBUFEIRA",
      "lon": "-8.193309818835848",
      "lat": "37.09444715619737"
    },
    {
      "id": "pt.ine.add.PTCONT.1750710",
      "street": "R MERCADO",
      "house": "",
      "postcode": "8200-609",
      "city": "ALBUFEIRA",
      "lon": "-8.193309818835848",
      "lat": "37.09444715619737"
    },
    {
      "id": "pt.ine.add.PTCONT.1750711",
      "street": "R MERCADO",
      "house": "",
      "postcode": "8200-609",
      "city": "ALBUFEIRA",
      "lon": "-8.193309818835848",
      "lat": "37.09444715619737"
    },
    {
      "id": "pt.ine.add.PTCONT.1750719",
      "street": "R MERCADO",
      "house": "",
      "postcode": "8200-609",
      "city": "ALBUFEIRA",
      "lon": "-8.193309818835848",
      "lat": "37.09444715619737"
    },
    {
      "id": "pt.ine.add.PTCONT.1750720",
      "street": "R MERCADO",
      "house": "",
      "postcode": "8200-609",
      "city": "ALBUFEIRA",
      "lon": "-8.193309818835848",
      "lat": "37.09444715619737"
    },
    {
      "id": "pt.ine.add.PTCONT.1750721",
      "street": "R MERCADO",
      "house": "",
      "postcode": "8200-609",
      "city": "ALBUFEIRA",
      "lon": "-8.193309818835848",
      "lat": "37.09444715619737"
    },
    {
      "id": "pt.ine.add.PTCONT.1750722",
      "street": "R MERCADO",
      "house": "",
      "postcode": "8200-609",
      "city": "ALBUFEIRA",
      "lon": "-8.193309818835848",
      "lat": "37.09444715619737"
    },
    {
      "id": "pt.ine.add.PTCONT.1750723",
      "street": "R MERCADO",
      "house": "",
      "postcode": "8200-609",
      "city": "ALBUFEIRA",
      "lon": "-8.193309818835848",
      "lat": "37.09444715619737"
    },
    {
      "id": "pt.ine.add.PTCONT.1750724",
      "street": "R MERCADO",
      "house": "",
      "postcode": "8200-609",
      "city": "ALBUFEIRA",
      "lon": "-8.193309818835848",
      "lat": "37.09444715619737"
    },
    {
      "id": "pt.ine.add.PTCONT.1756879",
      "street": "BC PAPOILAS",
      "house": "",
      "postcode": "8200-604",
      "city": "ALBUFEIRA",
      "lon": "-8.198405584944497",
      "lat": "37.09472379088962"
    },
    {
      "id": "pt.ine.add.PTCONT.1763043",
      "street": "BC MALMEQUERES",
      "house": "504",
      "postcode": "8200-635",
      "city": "ALBUFEIRA",
      "lon": "-8.198281682292857",
      "lat": "37.09452562412494"
    },
    {
      "id": "pt.ine.add.PTCONT.1767762",
      "street": "BC GIRASSOL",
      "house": "",
      "postcode": "8200-602",
      "city": "ALBUFEIRA",
      "lon": "-8.198034048055112",
      "lat": "37.09432752502955"
    },
    {
      "id": "pt.ine.add.PTCONT.1767856",
      "street": "CAM ALFARROBEIRA",
      "house": "",
      "postcode": "8200-602",
      "city": "ALBUFEIRA",
      "lon": "-8.195425654987389",
      "lat": "37.09583370758493"
    },
    {
      "id": "pt.ine.add.PTCONT.1767857",
      "street": "CAM ALFARROBEIRA",
      "house": "",
      "postcode": "8200-602",
      "city": "ALBUFEIRA",
      "lon": "-8.195425654987389",
      "lat": "37.09583370758493"
    },
    {
      "id": "pt.ine.add.PTCONT.1767858",
      "street": "CAM ALFARROBEIRA",
      "house": "",
      "postcode": "8200-602",
      "city": "ALBUFEIRA",
      "lon": "-8.195425654987389",
      "lat": "37.09583370758493"
    },
    {
      "id": "pt.ine.add.PTCONT.1772187",
      "street": "BC MALMEQUERES",
      "house": "",
      "postcode": "8200-602",
      "city": "ALBUFEIRA",
      "lon": "-8.198101792322177",
      "lat": "37.09462484031377"
    },
    {
      "id": "pt.ine.add.PTCONT.1772237",
      "street": "CAM ALFARROBEIRA",
      "house": "",
      "postcode": "8200-602",
      "city": "ALBUFEIRA",
      "lon": "-8.196303031431677",
      "lat": "37.09581522192755"
    },
    {
      "id": "pt.ine.add.PTCONT.1786989",
      "street": "BC MERCADO",
      "house": "",
      "postcode": "8200-609",
      "city": "ALBUFEIRA",
      "lon": "-8.194626289934313",
      "lat": "37.094951078576095"
    },
    {
      "id": "pt.ine.add.PTCONT.1789762",
      "street": "BC MERCADO",
      "house": "",
      "postcode": "8200-609",
      "city": "ALBUFEIRA",
      "lon": "-8.193782553519291",
      "lat": "37.09482536377027"
    },
    {
      "id": "pt.ine.add.PTCONT.1789763",
      "street": "BC MERCADO",
      "house": "",
      "postcode": "8200-609",
      "city": "ALBUFEIRA",
      "lon": "-8.193782553519291",
      "lat": "37.09482536377027"
    },
    {
      "id": "pt.ine.add.PTCONT.1789764",
      "street": "BC MERCADO",
      "house": "",
      "postcode": "8200-609",
      "city": "ALBUFEIRA",
      "lon": "-8.193782553519291",
      "lat": "37.09482536377027"
    },
    {
      "id": "pt.ine.add.PTCONT.1789765",
      "street": "BC MERCADO",
      "house": "",
      "postcode": "8200-609",
      "city": "ALBUFEIRA",
      "lon": "-8.193782553519291",
      "lat": "37.09482536377027"
    },
    {
      "id": "pt.ine.add.PTCONT.1789766",
      "street": "BC MERCADO",
      "house": "",
      "postcode": "8200-609",
      "city": "ALBUFEIRA",
      "lon": "-8.193782553519291",
      "lat": "37.09482536377027"
    },
    {
      "id": "pt.ine.add.PTCONT.1789768",
      "street": "BC MERCADO",
      "house": "",
      "postcode": "8200-609",
      "city": "ALBUFEIRA",
      "lon": "-8.193782553519291",
      "lat": "37.09482536377027"
    },
    {
      "id": "pt.ine.add.PTCONT.1789769",
      "street": "BC MERCADO",
      "house": "",
      "postcode": "8200-609",
      "city": "ALBUFEIRA",
      "lon": "-8.193782553519291",
      "lat": "37.09482536377027"
    },
    {
      "id": "pt.ine.add.PTCONT.1789770",
      "street": "BC MERCADO",
      "house": "",
      "postcode": "8200-609",
      "city": "ALBUFEIRA",
      "lon": "-8.193782553519291",
      "lat": "37.09482536377027"
    },
    {
      "id": "pt.ine.add.PTCONT.1789771",
      "street": "BC MERCADO",
      "house": "9",
      "postcode": "8200-609",
      "city": "ALBUFEIRA",
      "lon": "-8.193782553519291",
      "lat": "37.09482536377027"
    },
    {
      "id": "pt.ine.add.PTCONT.1789772",
      "street": "BC MERCADO",
      "house": "",
      "postcode": "8200-609",
      "city": "ALBUFEIRA",
      "lon": "-8.193782553519291",
      "lat": "37.09482536377027"
    },
    {
      "id": "pt.ine.add.PTCONT.1789773",
      "street": "BC MERCADO C",
      "house": "C",
      "postcode": "8200-609",
      "city": "ALBUFEIRA",
      "lon": "-8.193782553519291",
      "lat": "37.09482536377027"
    },
    {
      "id": "pt.ine.add.PTCONT.1789774",
      "street": "BC MERCADO",
      "house": "",
      "postcode": "8200-609",
      "city": "ALBUFEIRA",
      "lon": "-8.193782553519291",
      "lat": "37.09482536377027"
    },
    {
      "id": "pt.ine.add.PTCONT.1801657",
      "street": "R MULATINHO CASA JANAMAR",
      "house": "",
      "postcode": "8200-609",
      "city": "ALBUFEIRA",
      "lon": "-8.196302051173127",
      "lat": "37.09463482369645"
    },
    {
      "id": "pt.ine.add.PTCONT.1801676",
      "street": "CAM VALE DA AZINHEIRA",
      "house": "",
      "postcode": "8200-635",
      "city": "ALBUFEIRA",
      "lon": "-8.192263374087602",
      "lat": "37.09400615952439"
    },
    {
      "id": "pt.ine.add.PTCONT.1801677",
      "street": "CAM VALE DA AZINHEIRA",
      "house": "",
      "postcode": "8200-635",
      "city": "ALBUFEIRA",
      "lon": "-8.192263374087602",
      "lat": "37.09400615952439"
    },
    {
      "id": "pt.ine.add.PTCONT.1801678",
      "street": "CAM VALE DA AZINHEIRA",
      "house": "",
      "postcode": "8200-635",
      "city": "ALBUFEIRA",
      "lon": "-8.192263374087602",
      "lat": "37.09400615952439"
    },
    {
      "id": "pt.ine.add.PTCONT.1801680",
      "street": "CAM VALE DA AZINHEIRA",
      "house": "",
      "postcode": "8200-635",
      "city": "ALBUFEIRA",
      "lon": "-8.192263374087602",
      "lat": "37.09400615952439"
    },
    {
      "id": "pt.ine.add.PTCONT.1801681",
      "street": "CAM VALE DA AZINHEIRA",
      "house": "",
      "postcode": "8200-635",
      "city": "ALBUFEIRA",
      "lon": "-8.192263374087602",
      "lat": "37.09400615952439"
    },
    {
      "id": "pt.ine.add.PTCONT.1801682",
      "street": "CAM VALE DA AZINHEIRA",
      "house": "",
      "postcode": "8200-635",
      "city": "ALBUFEIRA",
      "lon": "-8.192263374087602",
      "lat": "37.09400615952439"
    },
    {
      "id": "pt.ine.add.PTCONT.1801683",
      "street": "CAM VALE DA AZINHEIRA",
      "house": "",
      "postcode": "8200-635",
      "city": "ALBUFEIRA",
      "lon": "-8.192263374087602",
      "lat": "37.09400615952439"
    },
    {
      "id": "pt.ine.add.PTCONT.1801684",
      "street": "CAM VALE DA AZINHEIRA",
      "house": "",
      "postcode": "8200-635",
      "city": "ALBUFEIRA",
      "lon": "-8.192263374087602",
      "lat": "37.09400615952439"
    },
    {
      "id": "pt.ine.add.PTCONT.1801685",
      "street": "CAM VALE DA AZINHEIRA",
      "house": "",
      "postcode": "8200-635",
      "city": "ALBUFEIRA",
      "lon": "-8.192263374087602",
      "lat": "37.09400615952439"
    },
    {
      "id": "pt.ine.add.PTCONT.1801686",
      "street": "CAM VALE DA AZINHEIRA",
      "house": "",
      "postcode": "8200-635",
      "city": "ALBUFEIRA",
      "lon": "-8.192263374087602",
      "lat": "37.09400615952439"
    },
    {
      "id": "pt.ine.add.PTCONT.1801687",
      "street": "CAM VALE DA AZINHEIRA",
      "house": "",
      "postcode": "8200-635",
      "city": "ALBUFEIRA",
      "lon": "-8.192263374087602",
      "lat": "37.09400615952439"
    },
    {
      "id": "pt.ine.add.PTCONT.1801688",
      "street": "CAM VALE DA AZINHEIRA",
      "house": "",
      "postcode": "8200-635",
      "city": "ALBUFEIRA",
      "lon": "-8.192263374087602",
      "lat": "37.09400615952439"
    },
    {
      "id": "pt.ine.add.PTCONT.1801689",
      "street": "CAM VALE DA AZINHEIRA",
      "house": "",
      "postcode": "8200-635",
      "city": "ALBUFEIRA",
      "lon": "-8.192263374087602",
      "lat": "37.09400615952439"
    },
    {
      "id": "pt.ine.add.PTCONT.1803797",
      "street": "CAM VALE DA AZINHEIRA",
      "house": "",
      "postcode": "8200-635",
      "city": "ALBUFEIRA",
      "lon": "-8.192263374087602",
      "lat": "37.09400615952439"
    },
    {
      "id": "pt.ine.add.PTCONT.1807287",
      "street": "CAM ALFARROBEIRA",
      "house": "",
      "postcode": "8200-602",
      "city": "ALBUFEIRA",
      "lon": "-8.195302362179628",
      "lat": "37.09637441288375"
    },
    {
      "id": "pt.ine.add.PTCONT.1807512",
      "street": "CAM ALBUFEIRA",
      "house": "",
      "postcode": "8200-393",
      "city": "ALBUFEIRA",
      "lon": "-8.200020799914315",
      "lat": "37.10232789794073"
    },
    {
      "id": "pt.ine.add.PTCONT.1807513",
      "street": "CAM VALE NAVIO",
      "house": "",
      "postcode": "8200-393",
      "city": "ALBUFEIRA",
      "lon": "-8.201459886341528",
      "lat": "37.10137194643915"
    },
    {
      "id": "pt.ine.add.PTCONT.1807517",
      "street": "R MULATINHO CASA MARIE",
      "house": "CASA MARIE",
      "postcode": "8200-609",
      "city": "ALBUFEIRA",
      "lon": "-8.19602057223305",
      "lat": "37.09431058892515"
    },
    {
      "id": "pt.ine.add.PTCONT.1810285",
      "street": "ESTR VALE NAVIO DE BAIXO",
      "house": "",
      "postcode": "8200-393",
      "city": "ALBUFEIRA",
      "lon": "-8.200414837692735",
      "lat": "37.10267008025437"
    },
    {
      "id": "pt.ine.add.PTCONT.1818002",
      "street": "ESTR ALBUFEIRA",
      "house": "20",
      "postcode": "8200-315",
      "city": "ALBUFEIRA",
      "lon": "-8.195896438559535",
      "lat": "37.093824078032135"
    },
    {
      "id": "pt.ine.add.PTCONT.1818327",
      "street": "CAM ALFARROBEIRA",
      "house": "",
      "postcode": "8200-602",
      "city": "ALBUFEIRA",
      "lon": "-8.195785142870726",
      "lat": "37.09526584547692"
    },
    {
      "id": "pt.ine.add.PTCONT.1821829",
      "street": "R MULATINHO",
      "house": "10",
      "postcode": "8200-609",
      "city": "ALBUFEIRA",
      "lon": "-8.196312977794598",
      "lat": "37.09424735868924"
    },
    {
      "id": "pt.ine.add.PTCONT.1824717",
      "street": "CAM ALFARROBEIRA L A",
      "house": "L A",
      "postcode": "8200-602",
      "city": "ALBUFEIRA",
      "lon": "-8.195268741249407",
      "lat": "37.09652761199853"
    },
    {
      "id": "pt.ine.add.PTCONT.1827686",
      "street": "R MULATINHO",
      "house": "",
      "postcode": "8200-609",
      "city": "ALBUFEIRA",
      "lon": "-8.195762475187387",
      "lat": "37.09505861186976"
    },
    {
      "id": "pt.ine.add.PTCONT.1829995",
      "street": "R MULATINHO",
      "house": "",
      "postcode": "8200-609",
      "city": "ALBUFEIRA",
      "lon": "-8.195716599022946",
      "lat": "37.09398636534477"
    },
    {
      "id": "pt.ine.add.PTCONT.1835495",
      "street": "CAM VALE DA AZINHEIRA",
      "house": "",
      "postcode": "8200-633",
      "city": "ALBUFEIRA",
      "lon": "-8.19271356169872",
      "lat": "37.09433031856077"
    },
    {
      "id": "pt.ine.add.PTCONT.1835496",
      "street": "CAM VALE DA AZINHEIRA",
      "house": "",
      "postcode": "8200-633",
      "city": "ALBUFEIRA",
      "lon": "-8.19271356169872",
      "lat": "37.09433031856077"
    },
    {
      "id": "pt.ine.add.PTCONT.1835497",
      "street": "CAM VALE DA AZINHEIRA",
      "house": "",
      "postcode": "8200-633",
      "city": "ALBUFEIRA",
      "lon": "-8.19271356169872",
      "lat": "37.09433031856077"
    },
    {
      "id": "pt.ine.add.PTCONT.1835498",
      "street": "CAM VALE DA AZINHEIRA",
      "house": "",
      "postcode": "8200-633",
      "city": "ALBUFEIRA",
      "lon": "-8.19271356169872",
      "lat": "37.09433031856077"
    },
    {
      "id": "pt.ine.add.PTCONT.1835499",
      "street": "CAM VALE DA AZINHEIRA",
      "house": "",
      "postcode": "8200-633",
      "city": "ALBUFEIRA",
      "lon": "-8.19271356169872",
      "lat": "37.09433031856077"
    },
    {
      "id": "pt.ine.add.PTCONT.1835500",
      "street": "CAM VALE DA AZINHEIRA",
      "house": "",
      "postcode": "8200-633",
      "city": "ALBUFEIRA",
      "lon": "-8.19271356169872",
      "lat": "37.09433031856077"
    },
    {
      "id": "pt.ine.add.PTCONT.1835501",
      "street": "CAM VALE DA AZINHEIRA",
      "house": "",
      "postcode": "8200-633",
      "city": "ALBUFEIRA",
      "lon": "-8.19271356169872",
      "lat": "37.09433031856077"
    },
    {
      "id": "pt.ine.add.PTCONT.1835502",
      "street": "CAM VALE DA AZINHEIRA",
      "house": "",
      "postcode": "8200-633",
      "city": "ALBUFEIRA",
      "lon": "-8.19271356169872",
      "lat": "37.09433031856077"
    },
    {
      "id": "pt.ine.add.PTCONT.1835503",
      "street": "CAM VALE DA AZINHEIRA",
      "house": "",
      "postcode": "8200-633",
      "city": "ALBUFEIRA",
      "lon": "-8.19271356169872",
      "lat": "37.09433031856077"
    },
    {
      "id": "pt.ine.add.PTCONT.1835504",
      "street": "CAM VALE DA AZINHEIRA",
      "house": "",
      "postcode": "8200-633",
      "city": "ALBUFEIRA",
      "lon": "-8.19271356169872",
      "lat": "37.09433031856077"
    },
    {
      "id": "pt.ine.add.PTCONT.1835505",
      "street": "CAM VALE DA AZINHEIRA",
      "house": "",
      "postcode": "8200-633",
      "city": "ALBUFEIRA",
      "lon": "-8.19271356169872",
      "lat": "37.09433031856077"
    },
    {
      "id": "pt.ine.add.PTCONT.1835506",
      "street": "CAM VALE DA AZINHEIRA",
      "house": "",
      "postcode": "8200-633",
      "city": "ALBUFEIRA",
      "lon": "-8.19271356169872",
      "lat": "37.09433031856077"
    },
    {
      "id": "pt.ine.add.PTCONT.1835507",
      "street": "CAM VALE DA AZINHEIRA",
      "house": "",
      "postcode": "8200-633",
      "city": "ALBUFEIRA",
      "lon": "-8.19271356169872",
      "lat": "37.09433031856077"
    },
    {
      "id": "pt.ine.add.PTCONT.1836066",
      "street": "R MERCADO",
      "house": "",
      "postcode": "8200-609",
      "city": "ALBUFEIRA",
      "lon": "-8.193894814984136",
      "lat": "37.09454597524843"
    },
    {
      "id": "pt.ine.add.PTCONT.1836123",
      "street": "R EUCALIPTO",
      "house": "",
      "postcode": "8200-609",
      "city": "ALBUFEIRA",
      "lon": "-8.195436291020881",
      "lat": "37.09508581578837"
    },
    {
      "id": "pt.ine.add.PTCONT.1836124",
      "street": "ESTR ALBUFEIRA",
      "house": "23",
      "postcode": "8200-609",
      "city": "ALBUFEIRA",
      "lon": "-8.19625640693456",
      "lat": "37.093850918937136"
    },
    {
      "id": "pt.ine.add.PTCONT.1838952",
      "street": "BC MERCADO",
      "house": "",
      "postcode": "8200-609",
      "city": "ALBUFEIRA",
      "lon": "-8.19419891288466",
      "lat": "37.09503239561018"
    },
    {
      "id": "pt.ine.add.PTCONT.1840550",
      "street": "R EUCALIPTO",
      "house": "1",
      "postcode": "8200-609",
      "city": "ALBUFEIRA",
      "lon": "-8.195065485958485",
      "lat": "37.09398139821405"
    },
    {
      "id": "pt.ine.add.PTCONT.1843098",
      "street": "CAM VALE DA AZINHEIRA",
      "house": "",
      "postcode": "8200-633",
      "city": "ALBUFEIRA",
      "lon": "-8.19271356169872",
      "lat": "37.09433031856077"
    },
    {
      "id": "pt.ine.add.PTCONT.1843165",
      "street": "CAM VALE DA AZINHEIRA",
      "house": "",
      "postcode": "8200-389",
      "city": "ALBUFEIRA",
      "lon": "-8.192209679742154",
      "lat": "37.09728607274415"
    },
    {
      "id": "pt.ine.add.PTCONT.1847353",
      "street": "BC PAPOILAS",
      "house": "",
      "postcode": "8200-604",
      "city": "ALBUFEIRA",
      "lon": "-8.198102077068137",
      "lat": "37.09495823524669"
    },
    {
      "id": "pt.ine.add.PTCONT.1848277",
      "street": "BC MERCADO COND BOSQUE S JOSÉ",
      "house": "",
      "postcode": "8200-609",
      "city": "ALBUFEIRA",
      "lon": "-8.194131682075268",
      "lat": "37.095356814620565"
    },
    {
      "id": "pt.ine.add.PTCONT.1848537",
      "street": "R MERCADO",
      "house": "",
      "postcode": "8200-609",
      "city": "ALBUFEIRA",
      "lon": "-8.193501034542969",
      "lat": "37.09443804829413"
    }
  ]
}