{
  "data": {
    "distrito": "Leiria",
    "concelho": "Peniche",
    "freguesia": "Ferrel",
    "OBJECTID": 412,
    "BGRI2021": "10140600536",
    "DT21": "10",
    "DTMN21": "1014",
    "DTMNFR21": "101406",
    "DTMNFRSEC21": "101406005",
    "SECNUM21": "005",
    "SSNUM21": "36",
    "SECSSNUM21": "00536",
    "OBJECTID_1": 94294,
    "DT": "10",
    "CC": "14",
    "fr": "06",
    "SEC": "005",
    "SS": "36"
  },
  "addresses": [
    {
      "id": "pt.ine.add.PTCONT.1987952",
      "street": "R BIQUINHA",
      "house": "27",
      "postcode": "2520-123",
      "city": "FERREL",
      "lon": "-9.318360313182563",
      "lat": "39.364281326688605"
    },
    {
      "id": "pt.ine.add.PTCONT.2005826",
      "street": "R BIQUINHA",
      "house": "19",
      "postcode": "2520-123",
      "city": "FERREL",
      "lon": "-9.318003571538503",
      "lat": "39.36445608927975"
    },
    {
      "id": "pt.ine.add.PTCONT.2022151",
      "street": "AV MAR",
      "house": "16",
      "postcode": "2520-101",
      "city": "FERREL",
      "lon": "-9.319041857425365",
      "lat": "39.36478777035443"
    },
    {
      "id": "pt.ine.add.PTCONT.2022152",
      "street": "AV MAR",
      "house": "16",
      "postcode": "2520-101",
      "city": "FERREL",
      "lon": "-9.319041857425365",
      "lat": "39.36478777035443"
    },
    {
      "id": "pt.ine.add.PTCONT.2031861",
      "street": "LG DR MANUEL PEDROSA",
      "house": "14",
      "postcode": "2520-106",
      "city": "FERREL",
      "lon": "-9.31779277363281",
      "lat": "39.364341147163046"
    },
    {
      "id": "pt.ine.add.PTCONT.2031862",
      "street": "LG DR MANUEL PEDROSA",
      "house": "14",
      "postcode": "2520-106",
      "city": "FERREL",
      "lon": "-9.31779277363281",
      "lat": "39.364341147163046"
    },
    {
      "id": "pt.ine.add.PTCONT.2031863",
      "street": "LG DR MANUEL PEDROSA",
      "house": "14",
      "postcode": "2520-106",
      "city": "FERREL",
      "lon": "-9.31779277363281",
      "lat": "39.364341147163046"
    },
    {
      "id": "pt.ine.add.PTCONT.2031864",
      "street": "LG DR MANUEL PEDROSA",
      "house": "14",
      "postcode": "2520-106",
      "city": "FERREL",
      "lon": "-9.31779277363281",
      "lat": "39.364341147163046"
    },
    {
      "id": "pt.ine.add.PTCONT.2031865",
      "street": "LG DR MANUEL PEDROSA",
      "house": "14",
      "postcode": "2520-106",
      "city": "FERREL",
      "lon": "-9.31779277363281",
      "lat": "39.364341147163046"
    },
    {
      "id": "pt.ine.add.PTCONT.2033847",
      "street": "AV MAR",
      "house": "20",
      "postcode": "2520-101",
      "city": "FERREL",
      "lon": "-9.319263041037047",
      "lat": "39.36483054986873"
    },
    {
      "id": "pt.ine.add.PTCONT.2033848",
      "street": "R S JOÃO",
      "house": "17",
      "postcode": "2520-139",
      "city": "FERREL",
      "lon": "-9.319226996073022",
      "lat": "39.36544338004035"
    },
    {
      "id": "pt.ine.add.PTCONT.2034465",
      "street": "R S JOÃO",
      "house": "17",
      "postcode": "2520-139",
      "city": "FERREL",
      "lon": "-9.319226996073022",
      "lat": "39.36544338004035"
    },
    {
      "id": "pt.ine.add.PTCONT.2038511",
      "street": "R TRAMAGUEIRAS",
      "house": "3",
      "postcode": "2520-198",
      "city": "FERREL",
      "lon": "-9.318748603218566",
      "lat": "39.36528613312946"
    },
    {
      "id": "pt.ine.add.PTCONT.2047830",
      "street": "R S JOÃO",
      "house": "19",
      "postcode": "2520-139",
      "city": "FERREL",
      "lon": "-9.319352476785818",
      "lat": "39.36531600560469"
    },
    {
      "id": "pt.ine.add.PTCONT.2052966",
      "street": "R S JOÃO",
      "house": "11",
      "postcode": "2520-139",
      "city": "FERREL",
      "lon": "-9.31903297350789",
      "lat": "39.365634500568135"
    },
    {
      "id": "pt.ine.add.PTCONT.2056207",
      "street": "AV MAR",
      "house": "8",
      "postcode": "2520-101",
      "city": "FERREL",
      "lon": "-9.318661484164181",
      "lat": "39.36425123812033"
    },
    {
      "id": "pt.ine.add.PTCONT.2081529",
      "street": "AV MAR",
      "house": "28",
      "postcode": "2520-101",
      "city": "FERREL",
      "lon": "-9.319613361669514",
      "lat": "39.36496208028366"
    },
    {
      "id": "pt.ine.add.PTCONT.2082794",
      "street": "AV MAR",
      "house": "18",
      "postcode": "2520-101",
      "city": "FERREL",
      "lon": "-9.319158325944715",
      "lat": "39.36481360366591"
    },
    {
      "id": "pt.ine.add.PTCONT.2105581",
      "street": "AV MAR",
      "house": "4",
      "postcode": "2520-101",
      "city": "FERREL",
      "lon": "-9.31852135787567",
      "lat": "39.36419862489847"
    },
    {
      "id": "pt.ine.add.PTCONT.2105582",
      "street": "AV MAR",
      "house": "4",
      "postcode": "2520-101",
      "city": "FERREL",
      "lon": "-9.31852135787567",
      "lat": "39.36419862489847"
    },
    {
      "id": "pt.ine.add.PTCONT.2105583",
      "street": "AV MAR",
      "house": "4",
      "postcode": "2520-101",
      "city": "FERREL",
      "lon": "-9.31852135787567",
      "lat": "39.36419862489847"
    },
    {
      "id": "pt.ine.add.PTCONT.2105584",
      "street": "AV MAR",
      "house": "4",
      "postcode": "2520-101",
      "city": "FERREL",
      "lon": "-9.31852135787567",
      "lat": "39.36419862489847"
    },
    {
      "id": "pt.ine.add.PTCONT.2105585",
      "street": "AV MAR",
      "house": "4",
      "postcode": "2520-101",
      "city": "FERREL",
      "lon": "-9.31852135787567",
      "lat": "39.36419862489847"
    },
    {
      "id": "pt.ine.add.PTCONT.2106506",
      "street": "AV MAR",
      "house": "4",
      "postcode": "2520-101",
      "city": "FERREL",
      "lon": "-9.31852135787567",
      "lat": "39.36419862489847"
    },
    {
      "id": "pt.ine.add.PTCONT.2119599",
      "street": "LG DR MANUEL PEDROSA",
      "house": "9",
      "postcode": "2520-106",
      "city": "FERREL",
      "lon": "-9.318185079444559",
      "lat": "39.36421105704967"
    },
    {
      "id": "pt.ine.add.PTCONT.2128070",
      "street": "R BIQUINHA",
      "house": "20",
      "postcode": "2520-123",
      "city": "FERREL",
      "lon": "-9.317994861991712",
      "lat": "39.36462730729558"
    },
    {
      "id": "pt.ine.add.PTCONT.2128071",
      "street": "R BIQUINHA",
      "house": "20",
      "postcode": "2520-123",
      "city": "FERREL",
      "lon": "-9.317994861991712",
      "lat": "39.36462730729558"
    },
    {
      "id": "pt.ine.add.PTCONT.2128092",
      "street": "R BIQUINHA",
      "house": "20",
      "postcode": "2520-123",
      "city": "FERREL",
      "lon": "-9.317994861991712",
      "lat": "39.36462730729558"
    },
    {
      "id": "pt.ine.add.PTCONT.2128093",
      "street": "R BIQUINHA",
      "house": "20",
      "postcode": "2520-123",
      "city": "FERREL",
      "lon": "-9.317994861991712",
      "lat": "39.36462730729558"
    },
    {
      "id": "pt.ine.add.PTCONT.2128094",
      "street": "R BIQUINHA",
      "house": "20",
      "postcode": "2520-123",
      "city": "FERREL",
      "lon": "-9.317994861991712",
      "lat": "39.36462730729558"
    },
    {
      "id": "pt.ine.add.PTCONT.2128095",
      "street": "LG DR MANUEL PEDROSA",
      "house": "12",
      "postcode": "2520-106",
      "city": "FERREL",
      "lon": "-9.317943587696055",
      "lat": "39.36433961159293"
    },
    {
      "id": "pt.ine.add.PTCONT.2128381",
      "street": "R BIQUINHA",
      "house": "20",
      "postcode": "2520-123",
      "city": "FERREL",
      "lon": "-9.317994861991712",
      "lat": "39.36462730729558"
    },
    {
      "id": "pt.ine.add.PTCONT.2134709",
      "street": "AV MAR",
      "house": "12",
      "postcode": "2520-101",
      "city": "FERREL",
      "lon": "-9.319073766668005",
      "lat": "39.36461631582244"
    },
    {
      "id": "pt.ine.add.PTCONT.2137047",
      "street": "R BIQUINHA",
      "house": "18",
      "postcode": "2520-123",
      "city": "FERREL",
      "lon": "-9.318202312370115",
      "lat": "39.36454413338839"
    },
    {
      "id": "pt.ine.add.PTCONT.2137048",
      "street": "R BIQUINHA",
      "house": "18",
      "postcode": "2520-123",
      "city": "FERREL",
      "lon": "-9.318202312370115",
      "lat": "39.36454413338839"
    },
    {
      "id": "pt.ine.add.PTCONT.2137049",
      "street": "R BIQUINHA",
      "house": "18",
      "postcode": "2520-123",
      "city": "FERREL",
      "lon": "-9.318202312370115",
      "lat": "39.36454413338839"
    },
    {
      "id": "pt.ine.add.PTCONT.2137050",
      "street": "R BIQUINHA",
      "house": "18",
      "postcode": "2520-123",
      "city": "FERREL",
      "lon": "-9.318202312370115",
      "lat": "39.36454413338839"
    },
    {
      "id": "pt.ine.add.PTCONT.2137054",
      "street": "R BIQUINHA",
      "house": "18",
      "postcode": "2520-123",
      "city": "FERREL",
      "lon": "-9.318202312370115",
      "lat": "39.36454413338839"
    },
    {
      "id": "pt.ine.add.PTCONT.2137055",
      "street": "R BIQUINHA",
      "house": "18",
      "postcode": "2520-123",
      "city": "FERREL",
      "lon": "-9.318202312370115",
      "lat": "39.36454413338839"
    },
    {
      "id": "pt.ine.add.PTCONT.2137057",
      "street": "LG DR MANUEL PEDROSA",
      "house": "",
      "postcode": "2520-106",
      "city": "FERREL",
      "lon": "-9.317977325653406",
      "lat": "39.364276220401386"
    },
    {
      "id": "pt.ine.add.PTCONT.2153823",
      "street": "AV MAR",
      "house": "22",
      "postcode": "2520-101",
      "city": "FERREL",
      "lon": "-9.319344858583362",
      "lat": "39.364865743021284"
    },
    {
      "id": "pt.ine.add.PTCONT.2165467",
      "street": "AV MAR",
      "house": "2",
      "postcode": "2520-101",
      "city": "FERREL",
      "lon": "-9.318265830195791",
      "lat": "39.36418321418728"
    },
    {
      "id": "pt.ine.add.PTCONT.2178379",
      "street": "R TRAMAGUEIRAS",
      "house": "5",
      "postcode": "2520-198",
      "city": "FERREL",
      "lon": "-9.318314029382007",
      "lat": "39.36497532221751"
    },
    {
      "id": "pt.ine.add.PTCONT.2187140",
      "street": "LG DR MANUEL PEDROSA",
      "house": "13",
      "postcode": "2520-106",
      "city": "FERREL",
      "lon": "-9.3178861909774",
      "lat": "39.36437622325025"
    },
    {
      "id": "pt.ine.add.PTCONT.2193018",
      "street": "AV MAR",
      "house": "24",
      "postcode": "2520-101",
      "city": "FERREL",
      "lon": "-9.319473233261224",
      "lat": "39.36490946824702"
    },
    {
      "id": "pt.ine.add.PTCONT.2224979",
      "street": "BC TRAMAGUEIRAS",
      "house": "6",
      "postcode": "2520-198",
      "city": "FERREL",
      "lon": "-9.318993143046393",
      "lat": "39.36533768196049"
    },
    {
      "id": "pt.ine.add.PTCONT.2224980",
      "street": "BC TRAMAGUEIRAS",
      "house": "6",
      "postcode": "2520-198",
      "city": "FERREL",
      "lon": "-9.318993143046393",
      "lat": "39.36533768196049"
    },
    {
      "id": "pt.ine.add.PTCONT.2224981",
      "street": "BC TRAMAGUEIRAS",
      "house": "6",
      "postcode": "2520-198",
      "city": "FERREL",
      "lon": "-9.318993143046393",
      "lat": "39.36533768196049"
    },
    {
      "id": "pt.ine.add.PTCONT.2225328",
      "street": "BC TRAMAGUEIRAS",
      "house": "6",
      "postcode": "2520-198",
      "city": "FERREL",
      "lon": "-9.318993143046393",
      "lat": "39.36533768196049"
    },
    {
      "id": "pt.ine.add.PTCONT.2237768",
      "street": "R TRAMAGUEIRAS",
      "house": "C",
      "postcode": "2520-198",
      "city": "FERREL",
      "lon": "-9.317975007814077",
      "lat": "39.364825659209295"
    },
    {
      "id": "pt.ine.add.PTCONT.2237769",
      "street": "R TRAMAGUEIRAS",
      "house": "N 1",
      "postcode": "2520-198",
      "city": "FERREL",
      "lon": "-9.317975007814077",
      "lat": "39.364825659209295"
    },
    {
      "id": "pt.ine.add.PTCONT.2237770",
      "street": "R TRAMAGUEIRAS",
      "house": "C",
      "postcode": "2520-198",
      "city": "FERREL",
      "lon": "-9.317975007814077",
      "lat": "39.364825659209295"
    },
    {
      "id": "pt.ine.add.PTCONT.2237771",
      "street": "R TRAMAGUEIRAS",
      "house": "C",
      "postcode": "2520-198",
      "city": "FERREL",
      "lon": "-9.317975007814077",
      "lat": "39.364825659209295"
    },
    {
      "id": "pt.ine.add.PTCONT.2237772",
      "street": "R TRAMAGUEIRAS",
      "house": "C",
      "postcode": "2520-198",
      "city": "FERREL",
      "lon": "-9.317975007814077",
      "lat": "39.364825659209295"
    },
    {
      "id": "pt.ine.add.PTCONT.2237773",
      "street": "R TRAMAGUEIRAS",
      "house": "C",
      "postcode": "2520-198",
      "city": "FERREL",
      "lon": "-9.317975007814077",
      "lat": "39.364825659209295"
    },
    {
      "id": "pt.ine.add.PTCONT.2237774",
      "street": "R TRAMAGUEIRAS",
      "house": "C",
      "postcode": "2520-198",
      "city": "FERREL",
      "lon": "-9.317975007814077",
      "lat": "39.364825659209295"
    },
    {
      "id": "pt.ine.add.PTCONT.2237775",
      "street": "R TRAMAGUEIRAS",
      "house": "C",
      "postcode": "2520-198",
      "city": "FERREL",
      "lon": "-9.317975007814077",
      "lat": "39.364825659209295"
    },
    {
      "id": "pt.ine.add.PTCONT.2237776",
      "street": "R TRAMAGUEIRAS",
      "house": "C",
      "postcode": "2520-198",
      "city": "FERREL",
      "lon": "-9.317975007814077",
      "lat": "39.364825659209295"
    },
    {
      "id": "pt.ine.add.PTCONT.2237777",
      "street": "R TRAMAGUEIRAS",
      "house": "C",
      "postcode": "2520-198",
      "city": "FERREL",
      "lon": "-9.317975007814077",
      "lat": "39.364825659209295"
    },
    {
      "id": "pt.ine.add.PTCONT.2245656",
      "street": "R S JOÃO",
      "house": "15",
      "postcode": "2520-139",
      "city": "FERREL",
      "lon": "-9.319147310663867",
      "lat": "39.365534260341995"
    },
    {
      "id": "pt.ine.add.PTCONT.2251652",
      "street": "R DE S JOÃO",
      "house": "",
      "postcode": "2520-648",
      "city": "FERREL",
      "lon": "-9.319361792521736",
      "lat": "39.3651808085623"
    },
    {
      "id": "pt.ine.add.PTCONT.2251653",
      "street": "R DE S JOÃO",
      "house": "",
      "postcode": "2520-648",
      "city": "FERREL",
      "lon": "-9.319361792521736",
      "lat": "39.3651808085623"
    }
  ]
}