{
  "data": {
    "distrito": "Lisboa",
    "concelho": "Alenquer",
    "freguesia": "União das freguesias de Carregado e Cadafais",
    "OBJECTID": 484,
    "BGRI2021": "11012000308",
    "DT21": "11",
    "DTMN21": "1101",
    "DTMNFR21": "110120",
    "DTMNFRSEC21": "110120003",
    "SECNUM21": "003",
    "SSNUM21": "08",
    "SECSSNUM21": "00308",
    "OBJECTID_1": 98840,
    "DT": "11",
    "CC": "01",
    "fr": "20",
    "SEC": "003",
    "SS": "08"
  },
  "addresses": [
    {
      "id": "pt.ine.add.PTCONT.2277573",
      "street": "R SARRA",
      "house": "18",
      "postcode": "2580-503",
      "city": "CARREGADO",
      "lon": "-8.977704958981366",
      "lat": "39.02807564929949"
    },
    {
      "id": "pt.ine.add.PTCONT.2277802",
      "street": "R SARRA",
      "house": "29",
      "postcode": "2580-503",
      "city": "CARREGADO",
      "lon": "-8.977534967153346",
      "lat": "39.02834710517689"
    },
    {
      "id": "pt.ine.add.PTCONT.2304691",
      "street": "EN 1",
      "house": "4",
      "postcode": "2580-491",
      "city": "CARREGADO",
      "lon": "-8.979501100676785",
      "lat": "39.026657459278354"
    },
    {
      "id": "pt.ine.add.PTCONT.2321002",
      "street": "URB PARQUE NORTE",
      "house": "",
      "postcode": "2580-588",
      "city": "CARREGADO",
      "lon": "-8.976586385676152",
      "lat": "39.028209848354045"
    },
    {
      "id": "pt.ine.add.PTCONT.2321003",
      "street": "URB PARQUE NORTE",
      "house": "",
      "postcode": "2580-588",
      "city": "CARREGADO",
      "lon": "-8.976586385676152",
      "lat": "39.028209848354045"
    },
    {
      "id": "pt.ine.add.PTCONT.2321004",
      "street": "URB PARQUE NORTE",
      "house": "",
      "postcode": "2580-588",
      "city": "CARREGADO",
      "lon": "-8.976586385676152",
      "lat": "39.028209848354045"
    },
    {
      "id": "pt.ine.add.PTCONT.2321005",
      "street": "URB PARQUE NORTE",
      "house": "",
      "postcode": "2580-588",
      "city": "CARREGADO",
      "lon": "-8.976586385676152",
      "lat": "39.028209848354045"
    },
    {
      "id": "pt.ine.add.PTCONT.2321006",
      "street": "URB PARQUE NORTE",
      "house": "",
      "postcode": "2580-588",
      "city": "CARREGADO",
      "lon": "-8.976586385676152",
      "lat": "39.028209848354045"
    },
    {
      "id": "pt.ine.add.PTCONT.2321059",
      "street": "URB PARQUE NORTE",
      "house": "",
      "postcode": "2580-588",
      "city": "CARREGADO",
      "lon": "-8.976586385676152",
      "lat": "39.028209848354045"
    },
    {
      "id": "pt.ine.add.PTCONT.2331804",
      "street": "URB PARQUE NORTE",
      "house": "6 D",
      "postcode": "2580-588",
      "city": "CARREGADO",
      "lon": "-8.976595577675244",
      "lat": "39.02801161677823"
    },
    {
      "id": "pt.ine.add.PTCONT.2350178",
      "street": "URB PARQUE NORTE",
      "house": "7 B",
      "postcode": "2580-588",
      "city": "CARREGADO",
      "lon": "-8.976768035024849",
      "lat": "39.027947317030154"
    },
    {
      "id": "pt.ine.add.PTCONT.2371832",
      "street": "R SARRA",
      "house": "27",
      "postcode": "2580-503",
      "city": "CARREGADO",
      "lon": "-8.977788790617737",
      "lat": "39.02832725237746"
    },
    {
      "id": "pt.ine.add.PTCONT.2386548",
      "street": "URB PARQUE NORTE",
      "house": "",
      "postcode": "2580-588",
      "city": "CARREGADO",
      "lon": "-8.9761732559779",
      "lat": "39.02842901516039"
    },
    {
      "id": "pt.ine.add.PTCONT.2386549",
      "street": "URB PARQUE NORTE",
      "house": "",
      "postcode": "2580-588",
      "city": "CARREGADO",
      "lon": "-8.9761732559779",
      "lat": "39.02842901516039"
    },
    {
      "id": "pt.ine.add.PTCONT.2386550",
      "street": "URB PARQUE NORTE",
      "house": "",
      "postcode": "2580-588",
      "city": "CARREGADO",
      "lon": "-8.9761732559779",
      "lat": "39.02842901516039"
    },
    {
      "id": "pt.ine.add.PTCONT.2386558",
      "street": "URB PARQUE NORTE",
      "house": "",
      "postcode": "2580-588",
      "city": "CARREGADO",
      "lon": "-8.9761732559779",
      "lat": "39.02842901516039"
    },
    {
      "id": "pt.ine.add.PTCONT.2386559",
      "street": "URB PARQUE NORTE",
      "house": "",
      "postcode": "2580-588",
      "city": "CARREGADO",
      "lon": "-8.9761732559779",
      "lat": "39.02842901516039"
    },
    {
      "id": "pt.ine.add.PTCONT.2386561",
      "street": "URB PARQUE NORTE",
      "house": "5 C",
      "postcode": "2580-588",
      "city": "CARREGADO",
      "lon": "-8.976226925699548",
      "lat": "39.02808634205908"
    },
    {
      "id": "pt.ine.add.PTCONT.2393207",
      "street": "URB PARQUE NORTE",
      "house": "",
      "postcode": "2580-588",
      "city": "CARREGADO",
      "lon": "-8.9761732559779",
      "lat": "39.02842901516039"
    },
    {
      "id": "pt.ine.add.PTCONT.2405007",
      "street": "URB PARQUE NORTE",
      "house": "4 D",
      "postcode": "2580-588",
      "city": "CARREGADO",
      "lon": "-8.975973637464957",
      "lat": "39.02815122511631"
    },
    {
      "id": "pt.ine.add.PTCONT.2405564",
      "street": "URB PARQUE NORTE",
      "house": "3 A",
      "postcode": "2580-588",
      "city": "CARREGADO",
      "lon": "-8.975489940097841",
      "lat": "39.02826280934719"
    },
    {
      "id": "pt.ine.add.PTCONT.2445736",
      "street": "URB PARQUE NORTE",
      "house": "",
      "postcode": "2580-588",
      "city": "CARREGADO",
      "lon": "-8.975561147706411",
      "lat": "39.028424430167554"
    },
    {
      "id": "pt.ine.add.PTCONT.2445737",
      "street": "URB PARQUE NORTE",
      "house": "",
      "postcode": "2580-588",
      "city": "CARREGADO",
      "lon": "-8.975561147706411",
      "lat": "39.028424430167554"
    },
    {
      "id": "pt.ine.add.PTCONT.2445738",
      "street": "URB PARQUE NORTE",
      "house": "",
      "postcode": "2580-588",
      "city": "CARREGADO",
      "lon": "-8.975561147706411",
      "lat": "39.028424430167554"
    },
    {
      "id": "pt.ine.add.PTCONT.2448006",
      "street": "PQ NORTE",
      "house": "",
      "postcode": "2580-588",
      "city": "CARREGADO",
      "lon": "-8.975561147706411",
      "lat": "39.028424430167554"
    },
    {
      "id": "pt.ine.add.PTCONT.2450336",
      "street": "URB PARQUE NORTE",
      "house": "",
      "postcode": "2580-588",
      "city": "CARREGADO",
      "lon": "-8.975561147706411",
      "lat": "39.028424430167554"
    },
    {
      "id": "pt.ine.add.PTCONT.2450555",
      "street": "URB PARQUE NORTE",
      "house": "",
      "postcode": "2580-588",
      "city": "CARREGADO",
      "lon": "-8.975561147706411",
      "lat": "39.028424430167554"
    },
    {
      "id": "pt.ine.add.PTCONT.2460071",
      "street": "R SARRA",
      "house": "33",
      "postcode": "2580-503",
      "city": "CARREGADO",
      "lon": "-8.97715348180221",
      "lat": "39.02831383623985"
    },
    {
      "id": "pt.ine.add.PTCONT.2471122",
      "street": "URB PARQUE NORTE",
      "house": "8 B",
      "postcode": "2580-588",
      "city": "CARREGADO",
      "lon": "-8.977090604391723",
      "lat": "39.02788193098719"
    },
    {
      "id": "pt.ine.add.PTCONT.2477249",
      "street": "URB PARQUE NORTE",
      "house": "25",
      "postcode": "2580-588",
      "city": "CARREGADO",
      "lon": "-8.975305719835116",
      "lat": "39.02830917713041"
    },
    {
      "id": "pt.ine.add.PTCONT.2492028",
      "street": "URB PARQUE NORTE",
      "house": "9 A",
      "postcode": "2580-588",
      "city": "CARREGADO",
      "lon": "-8.977332557803086",
      "lat": "39.02783514255572"
    },
    {
      "id": "pt.ine.add.PTCONT.2531995",
      "street": "URB PARQUE NORTE",
      "house": "6 B",
      "postcode": "2580-588",
      "city": "CARREGADO",
      "lon": "-8.976468666335252",
      "lat": "39.028021541944625"
    },
    {
      "id": "pt.ine.add.PTCONT.2541093",
      "street": "URB PARQUE NORTE",
      "house": "9 B",
      "postcode": "2580-588",
      "city": "CARREGADO",
      "lon": "-8.977390078967618",
      "lat": "39.02781671121767"
    },
    {
      "id": "pt.ine.add.PTCONT.2576875",
      "street": "R SARRA",
      "house": "24",
      "postcode": "2580-503",
      "city": "CARREGADO",
      "lon": "-8.977128673525433",
      "lat": "39.02816989568174"
    },
    {
      "id": "pt.ine.add.PTCONT.2586177",
      "street": "R SARRA",
      "house": "7",
      "postcode": "2580-503",
      "city": "CARREGADO",
      "lon": "-8.977822757611214",
      "lat": "39.02730015086597"
    },
    {
      "id": "pt.ine.add.PTCONT.2586178",
      "street": "R SARRA",
      "house": "7",
      "postcode": "2580-503",
      "city": "CARREGADO",
      "lon": "-8.977822757611214",
      "lat": "39.02730015086597"
    },
    {
      "id": "pt.ine.add.PTCONT.2586179",
      "street": "R SARRA",
      "house": "7",
      "postcode": "2580-503",
      "city": "CARREGADO",
      "lon": "-8.977822757611214",
      "lat": "39.02730015086597"
    },
    {
      "id": "pt.ine.add.PTCONT.2586182",
      "street": "R SARRA",
      "house": "7",
      "postcode": "2580-503",
      "city": "CARREGADO",
      "lon": "-8.977822757611214",
      "lat": "39.02730015086597"
    },
    {
      "id": "pt.ine.add.PTCONT.2608486",
      "street": "URB PARQUE NORTE",
      "house": "1 A",
      "postcode": "2580-588",
      "city": "CARREGADO",
      "lon": "-8.974856234553586",
      "lat": "39.02838448169295"
    },
    {
      "id": "pt.ine.add.PTCONT.2610403",
      "street": "R SARRA",
      "house": "5",
      "postcode": "2580-503",
      "city": "CARREGADO",
      "lon": "-8.977624314917252",
      "lat": "39.02712143765702"
    },
    {
      "id": "pt.ine.add.PTCONT.2612557",
      "street": "R ALEXANDRE HERCULANO",
      "house": "10",
      "postcode": "2580-466",
      "city": "CARREGADO",
      "lon": "-8.978132274612264",
      "lat": "39.027108751393875"
    },
    {
      "id": "pt.ine.add.PTCONT.2628308",
      "street": "R ANTERO DE QUENTAL",
      "house": "1",
      "postcode": "2580-604",
      "city": "CARREGADO",
      "lon": "-8.974336717692234",
      "lat": "39.02839723707133"
    },
    {
      "id": "pt.ine.add.PTCONT.2641107",
      "street": "URB PARQUE NORTE",
      "house": "8 D",
      "postcode": "2580-588",
      "city": "CARREGADO",
      "lon": "-8.977205754024826",
      "lat": "39.027854075249365"
    },
    {
      "id": "pt.ine.add.PTCONT.2651451",
      "street": "R SARRA",
      "house": "31",
      "postcode": "2580-503",
      "city": "CARREGADO",
      "lon": "-8.977384639546248",
      "lat": "39.02833017834509"
    },
    {
      "id": "pt.ine.add.PTCONT.2651452",
      "street": "URB PARQUE NORTE",
      "house": "4 B",
      "postcode": "2580-588",
      "city": "CARREGADO",
      "lon": "-8.975846832734035",
      "lat": "39.02817015634179"
    },
    {
      "id": "pt.ine.add.PTCONT.2666153",
      "street": "URB PARQUE NORTE",
      "house": "7 A",
      "postcode": "2580-588",
      "city": "CARREGADO",
      "lon": "-8.97672216777294",
      "lat": "39.02797467128232"
    },
    {
      "id": "pt.ine.add.PTCONT.2680987",
      "street": "URB PARQUE NORTE",
      "house": "3 B",
      "postcode": "2580-588",
      "city": "CARREGADO",
      "lon": "-8.975547462102103",
      "lat": "39.028244378910074"
    },
    {
      "id": "pt.ine.add.PTCONT.2687534",
      "street": "CSL SARRA QTA DAS BOA AGUA",
      "house": "",
      "postcode": "2580-477",
      "city": "CARREGADO",
      "lon": "-8.973590016818033",
      "lat": "39.027754079375164"
    },
    {
      "id": "pt.ine.add.PTCONT.2687535",
      "street": "R ALEXANDRE HERCULANO",
      "house": "2",
      "postcode": "2580-466",
      "city": "CARREGADO",
      "lon": "-8.977700105900235",
      "lat": "39.02669753611491"
    },
    {
      "id": "pt.ine.add.PTCONT.2687652",
      "street": "URB PARQUE NORTE",
      "house": "2",
      "postcode": "2580-588",
      "city": "CARREGADO",
      "lon": "-8.975432418063269",
      "lat": "39.0282812397562"
    },
    {
      "id": "pt.ine.add.PTCONT.2691887",
      "street": "URB PARQUE NORTE",
      "house": "9 E",
      "postcode": "2580-588",
      "city": "CARREGADO",
      "lon": "-8.977574403711367",
      "lat": "39.02777934689657"
    },
    {
      "id": "pt.ine.add.PTCONT.2733209",
      "street": "URB PARQUE NORTE",
      "house": "6 E",
      "postcode": "2580-588",
      "city": "CARREGADO",
      "lon": "-8.976653099180012",
      "lat": "39.02799318580048"
    },
    {
      "id": "pt.ine.add.PTCONT.2762623",
      "street": "URB PARQUE NORTE",
      "house": "",
      "postcode": "2580-588",
      "city": "CARREGADO",
      "lon": "-8.975628185331418",
      "lat": "39.02823478836988"
    },
    {
      "id": "pt.ine.add.PTCONT.2764300",
      "street": "URB PARQUE NORTE",
      "house": "5 B",
      "postcode": "2580-588",
      "city": "CARREGADO",
      "lon": "-8.976169404005201",
      "lat": "39.02810477282841"
    },
    {
      "id": "pt.ine.add.PTCONT.2775006",
      "street": "URB PARQUE NORTE",
      "house": "",
      "postcode": "2580-588",
      "city": "CARREGADO",
      "lon": "-8.975757450015667",
      "lat": "39.02842301222385"
    },
    {
      "id": "pt.ine.add.PTCONT.2775007",
      "street": "URB PARQUE NORTE",
      "house": "",
      "postcode": "2580-588",
      "city": "CARREGADO",
      "lon": "-8.975757450015667",
      "lat": "39.02842301222385"
    },
    {
      "id": "pt.ine.add.PTCONT.2775008",
      "street": "URB PARQUE NORTE",
      "house": "",
      "postcode": "2580-588",
      "city": "CARREGADO",
      "lon": "-8.975757450015667",
      "lat": "39.02842301222385"
    },
    {
      "id": "pt.ine.add.PTCONT.2775141",
      "street": "URB PARQUE NORTE",
      "house": "",
      "postcode": "2580-588",
      "city": "CARREGADO",
      "lon": "-8.975757450015667",
      "lat": "39.02842301222385"
    },
    {
      "id": "pt.ine.add.PTCONT.2781562",
      "street": "URB PARQUE NORTE",
      "house": "",
      "postcode": "2580-588",
      "city": "CARREGADO",
      "lon": "-8.975757450015667",
      "lat": "39.02842301222385"
    },
    {
      "id": "pt.ine.add.PTCONT.2781799",
      "street": "URB PARQUE NORTE",
      "house": "",
      "postcode": "2580-588",
      "city": "CARREGADO",
      "lon": "-8.975757450015667",
      "lat": "39.02842301222385"
    },
    {
      "id": "pt.ine.add.PTCONT.2781971",
      "street": "URB PARQUE NORTE",
      "house": "2 A",
      "postcode": "2580-588",
      "city": "CARREGADO",
      "lon": "-8.975178914631348",
      "lat": "39.02832810763435"
    },
    {
      "id": "pt.ine.add.PTCONT.2804445",
      "street": "R SARRA",
      "house": "3",
      "postcode": "2580-503",
      "city": "CARREGADO",
      "lon": "-8.977577376796473",
      "lat": "39.02705872494043"
    },
    {
      "id": "pt.ine.add.PTCONT.2829186",
      "street": "CSL GRILO",
      "house": "2",
      "postcode": "2580-491",
      "city": "CARREGADO",
      "lon": "-8.975936245058715",
      "lat": "39.032781351116945"
    },
    {
      "id": "pt.ine.add.PTCONT.2856521",
      "street": "URB PARQUE NORTE",
      "house": "1 D",
      "postcode": "2580-588",
      "city": "CARREGADO",
      "lon": "-8.975052109357524",
      "lat": "39.02834703800113"
    },
    {
      "id": "pt.ine.add.PTCONT.2856522",
      "street": "URB PARQUE NORTE",
      "house": "7 C",
      "postcode": "2580-588",
      "city": "CARREGADO",
      "lon": "-8.976837317707107",
      "lat": "39.027946815905445"
    },
    {
      "id": "pt.ine.add.PTCONT.2862749",
      "street": "PQ NORTE",
      "house": "5 D",
      "postcode": "2580-588",
      "city": "CARREGADO",
      "lon": "-8.97628455437645",
      "lat": "39.028076917993104"
    },
    {
      "id": "pt.ine.add.PTCONT.2862750",
      "street": "URB PARQUE NORTE",
      "house": "7 D",
      "postcode": "2580-588",
      "city": "CARREGADO",
      "lon": "-8.976894839094701",
      "lat": "39.02792838480954"
    },
    {
      "id": "pt.ine.add.PTCONT.2872493",
      "street": "URB PARQUE NORTE",
      "house": "",
      "postcode": "2580-588",
      "city": "CARREGADO",
      "lon": "-8.976553992208537",
      "lat": "39.02839924018893"
    },
    {
      "id": "pt.ine.add.PTCONT.2872494",
      "street": "URB PARQUE NORTE",
      "house": "",
      "postcode": "2580-588",
      "city": "CARREGADO",
      "lon": "-8.976553992208537",
      "lat": "39.02839924018893"
    },
    {
      "id": "pt.ine.add.PTCONT.2872495",
      "street": "URB PARQUE NORTE",
      "house": "",
      "postcode": "2580-588",
      "city": "CARREGADO",
      "lon": "-8.976553992208537",
      "lat": "39.02839924018893"
    },
    {
      "id": "pt.ine.add.PTCONT.2872496",
      "street": "URB PARQUE NORTE",
      "house": "",
      "postcode": "2580-588",
      "city": "CARREGADO",
      "lon": "-8.976553992208537",
      "lat": "39.02839924018893"
    },
    {
      "id": "pt.ine.add.PTCONT.2872497",
      "street": "URB PARQUE NORTE",
      "house": "",
      "postcode": "2580-588",
      "city": "CARREGADO",
      "lon": "-8.976553992208537",
      "lat": "39.02839924018893"
    },
    {
      "id": "pt.ine.add.PTCONT.2872498",
      "street": "URB PARQUE NORTE",
      "house": "",
      "postcode": "2580-588",
      "city": "CARREGADO",
      "lon": "-8.976553992208537",
      "lat": "39.02839924018893"
    },
    {
      "id": "pt.ine.add.PTCONT.2872499",
      "street": "URB PARQUE NORTE",
      "house": "",
      "postcode": "2580-588",
      "city": "CARREGADO",
      "lon": "-8.976553992208537",
      "lat": "39.02839924018893"
    },
    {
      "id": "pt.ine.add.PTCONT.2878181",
      "street": "URB PARQUE NORTE",
      "house": "",
      "postcode": "2580-588",
      "city": "CARREGADO",
      "lon": "-8.976553992208537",
      "lat": "39.02839924018893"
    },
    {
      "id": "pt.ine.add.PTCONT.2880365",
      "street": "URB PARQUE NORTE",
      "house": "",
      "postcode": "2580-588",
      "city": "CARREGADO",
      "lon": "-8.976553992208537",
      "lat": "39.02839924018893"
    },
    {
      "id": "pt.ine.add.PTCONT.2890490",
      "street": "URB PARQUE NORTE",
      "house": "",
      "postcode": "2580-588",
      "city": "CARREGADO",
      "lon": "-8.976954930793774",
      "lat": "39.02812611520589"
    },
    {
      "id": "pt.ine.add.PTCONT.2890491",
      "street": "URB PARQUE NORTE",
      "house": "",
      "postcode": "2580-588",
      "city": "CARREGADO",
      "lon": "-8.976954930793774",
      "lat": "39.02812611520589"
    },
    {
      "id": "pt.ine.add.PTCONT.2890492",
      "street": "URB PARQUE NORTE",
      "house": "",
      "postcode": "2580-588",
      "city": "CARREGADO",
      "lon": "-8.976954930793774",
      "lat": "39.02812611520589"
    },
    {
      "id": "pt.ine.add.PTCONT.2890493",
      "street": "URB PARQUE NORTE",
      "house": "",
      "postcode": "2580-588",
      "city": "CARREGADO",
      "lon": "-8.976954930793774",
      "lat": "39.02812611520589"
    },
    {
      "id": "pt.ine.add.PTCONT.2890494",
      "street": "URB PARQUE NORTE",
      "house": "",
      "postcode": "2580-588",
      "city": "CARREGADO",
      "lon": "-8.976954930793774",
      "lat": "39.02812611520589"
    },
    {
      "id": "pt.ine.add.PTCONT.2896967",
      "street": "URB PARQUE NORTE",
      "house": "",
      "postcode": "2580-588",
      "city": "CARREGADO",
      "lon": "-8.976954930793774",
      "lat": "39.02812611520589"
    },
    {
      "id": "pt.ine.add.PTCONT.2922616",
      "street": "URB PARQUE NORTE",
      "house": "4 E",
      "postcode": "2580-588",
      "city": "CARREGADO",
      "lon": "-8.976042706395535",
      "lat": "39.028132710997355"
    },
    {
      "id": "pt.ine.add.PTCONT.2953917",
      "street": "URB PARQUE NORTE",
      "house": "2 D",
      "postcode": "2580-588",
      "city": "CARREGADO",
      "lon": "-8.975374789100124",
      "lat": "39.02829066340389"
    },
    {
      "id": "pt.ine.add.PTCONT.2954342",
      "street": "PCT GUILHERME JOÃO CARLOS HENRIQUES",
      "house": "7",
      "postcode": "2580-589",
      "city": "CARREGADO",
      "lon": "-8.976489298705143",
      "lat": "39.027814220147995"
    },
    {
      "id": "pt.ine.add.PTCONT.2960527",
      "street": "URB PARQUE NORTE",
      "house": "8 A",
      "postcode": "2580-588",
      "city": "CARREGADO",
      "lon": "-8.977033083094163",
      "lat": "39.02790036217881"
    },
    {
      "id": "pt.ine.add.PTCONT.2981420",
      "street": "URB PARQUE NORTE",
      "house": "8 E",
      "postcode": "2580-588",
      "city": "CARREGADO",
      "lon": "-8.977263382374886",
      "lat": "39.02784465070293"
    },
    {
      "id": "pt.ine.add.PTCONT.2990156",
      "street": "R ANTERO DE QUENTAL",
      "house": "5",
      "postcode": "2580-604",
      "city": "CARREGADO",
      "lon": "-8.974241030748571",
      "lat": "39.02811869444097"
    },
    {
      "id": "pt.ine.add.PTCONT.2999651",
      "street": "URB PARQUE NORTE",
      "house": "1 C",
      "postcode": "2580-588",
      "city": "CARREGADO",
      "lon": "-8.974982826252727",
      "lat": "39.02834753806983"
    },
    {
      "id": "pt.ine.add.PTCONT.2999654",
      "street": "URB PARQUE NORTE",
      "house": "7 E",
      "postcode": "2580-588",
      "city": "CARREGADO",
      "lon": "-8.976964014657678",
      "lat": "39.027918876879596"
    },
    {
      "id": "pt.ine.add.PTCONT.3017984",
      "street": "R ALEXANDRE HERCULANO",
      "house": "6",
      "postcode": "2580-466",
      "city": "CARREGADO",
      "lon": "-8.977829694777425",
      "lat": "39.02691277788117"
    },
    {
      "id": "pt.ine.add.PTCONT.3027258",
      "street": "URB PARQUE NORTE",
      "house": "4 C",
      "postcode": "2580-588",
      "city": "CARREGADO",
      "lon": "-8.975915901717396",
      "lat": "39.02815164229744"
    },
    {
      "id": "pt.ine.add.PTCONT.3035897",
      "street": "R ARSÉNIO DA ASSUNÇÃO CARVALHO",
      "house": "6",
      "postcode": "2580-491",
      "city": "CARREGADO",
      "lon": "-8.979299966271642",
      "lat": "39.02819019433338"
    },
    {
      "id": "pt.ine.add.PTCONT.3074040",
      "street": "R SARRA",
      "house": "1",
      "postcode": "2580-503",
      "city": "CARREGADO",
      "lon": "-8.97755224663867",
      "lat": "39.026887764255356"
    },
    {
      "id": "pt.ine.add.PTCONT.3083704",
      "street": "URB PARQUE NORTE",
      "house": "",
      "postcode": "2580-588",
      "city": "CARREGADO",
      "lon": "-8.97677049773377",
      "lat": "39.02815447182915"
    },
    {
      "id": "pt.ine.add.PTCONT.3083705",
      "street": "URB PARQUE NORTE",
      "house": "",
      "postcode": "2580-588",
      "city": "CARREGADO",
      "lon": "-8.97677049773377",
      "lat": "39.02815447182915"
    },
    {
      "id": "pt.ine.add.PTCONT.3083706",
      "street": "URB PARQUE NORTE",
      "house": "",
      "postcode": "2580-588",
      "city": "CARREGADO",
      "lon": "-8.97677049773377",
      "lat": "39.02815447182915"
    },
    {
      "id": "pt.ine.add.PTCONT.3083707",
      "street": "URB PARQUE NORTE",
      "house": "",
      "postcode": "2580-588",
      "city": "CARREGADO",
      "lon": "-8.97677049773377",
      "lat": "39.02815447182915"
    },
    {
      "id": "pt.ine.add.PTCONT.3083708",
      "street": "URB PARQUE NORTE",
      "house": "",
      "postcode": "2580-588",
      "city": "CARREGADO",
      "lon": "-8.97677049773377",
      "lat": "39.02815447182915"
    },
    {
      "id": "pt.ine.add.PTCONT.3083709",
      "street": "URB PARQUE NORTE",
      "house": "",
      "postcode": "2580-588",
      "city": "CARREGADO",
      "lon": "-8.97677049773377",
      "lat": "39.02815447182915"
    },
    {
      "id": "pt.ine.add.PTCONT.3083721",
      "street": "URB PARQUE NORTE",
      "house": "5 E",
      "postcode": "2580-588",
      "city": "CARREGADO",
      "lon": "-8.976353623150596",
      "lat": "39.02805840369151"
    },
    {
      "id": "pt.ine.add.PTCONT.3092875",
      "street": "URB PARQUE NORTE",
      "house": "9 D",
      "postcode": "2580-588",
      "city": "CARREGADO",
      "lon": "-8.977516775458284",
      "lat": "39.027788771595716"
    },
    {
      "id": "pt.ine.add.PTCONT.3101232",
      "street": "R SARRA",
      "house": "12",
      "postcode": "2580-503",
      "city": "CARREGADO",
      "lon": "-8.977065046635161",
      "lat": "39.027674943290386"
    },
    {
      "id": "pt.ine.add.PTCONT.3110927",
      "street": "URB PARQUE NORTE",
      "house": "1 B",
      "postcode": "2580-588",
      "city": "CARREGADO",
      "lon": "-8.974925304013626",
      "lat": "39.028365968230695"
    },
    {
      "id": "pt.ine.add.PTCONT.3120233",
      "street": "URB PARQUE NORTE",
      "house": "6 A",
      "postcode": "2580-588",
      "city": "CARREGADO",
      "lon": "-8.976411144758078",
      "lat": "39.02803997283212"
    },
    {
      "id": "pt.ine.add.PTCONT.3148683",
      "street": "R FERNANDO PESSOA",
      "house": "50",
      "postcode": "2580-477",
      "city": "CARREGADO",
      "lon": "-8.977387375046208",
      "lat": "39.02661873251777"
    },
    {
      "id": "pt.ine.add.PTCONT.3148684",
      "street": "R ALEXANDRE HERCULANO",
      "house": "4",
      "postcode": "2580-466",
      "city": "CARREGADO",
      "lon": "-8.977759019581734",
      "lat": "39.026796192094935"
    },
    {
      "id": "pt.ine.add.PTCONT.3148685",
      "street": "URB PARQUE NORTE",
      "house": "5 A",
      "postcode": "2580-588",
      "city": "CARREGADO",
      "lon": "-8.976111882280543",
      "lat": "39.02812320356965"
    },
    {
      "id": "pt.ine.add.PTCONT.3157256",
      "street": "R SARRA",
      "house": "9",
      "postcode": "2580-503",
      "city": "CARREGADO",
      "lon": "-8.977974905945613",
      "lat": "39.02747019154543"
    },
    {
      "id": "pt.ine.add.PTCONT.3176021",
      "street": "URB PARQUE NORTE",
      "house": "3 D",
      "postcode": "2580-588",
      "city": "CARREGADO",
      "lon": "-8.975674160115089",
      "lat": "39.02821644127526"
    },
    {
      "id": "pt.ine.add.PTCONT.3213118",
      "street": "R ANTERO DE QUENTAL",
      "house": "3",
      "postcode": "2580-604",
      "city": "CARREGADO",
      "lon": "-8.97425375220758",
      "lat": "39.02821768526933"
    },
    {
      "id": "pt.ine.add.PTCONT.3213124",
      "street": "URB PARQUE NORTE",
      "house": "1 E",
      "postcode": "2580-588",
      "city": "CARREGADO",
      "lon": "-8.975109631547294",
      "lat": "39.02832860777818"
    },
    {
      "id": "pt.ine.add.PTCONT.3222328",
      "street": "URB PARQUE NORTE",
      "house": "3 E",
      "postcode": "2580-588",
      "city": "CARREGADO",
      "lon": "-8.975731788975697",
      "lat": "39.02820701748063"
    },
    {
      "id": "pt.ine.add.PTCONT.3231392",
      "street": "URB PARQUE NORTE",
      "house": "2 B",
      "postcode": "2580-588",
      "city": "CARREGADO",
      "lon": "-8.975236543652583",
      "lat": "39.0283186840829"
    },
    {
      "id": "pt.ine.add.PTCONT.3241061",
      "street": "R SARRA",
      "house": "1",
      "postcode": "2580-503",
      "city": "CARREGADO",
      "lon": "-8.977551389286397",
      "lat": "39.0268157104119"
    },
    {
      "id": "pt.ine.add.PTCONT.3241062",
      "street": "R FERNANDO PESSOA",
      "house": "52",
      "postcode": "2580-477",
      "city": "CARREGADO",
      "lon": "-8.977548174242719",
      "lat": "39.02654550849087"
    },
    {
      "id": "pt.ine.add.PTCONT.3241063",
      "street": "R FERNANDO PESSOA",
      "house": "52",
      "postcode": "2580-477",
      "city": "CARREGADO",
      "lon": "-8.977548174242719",
      "lat": "39.02654550849087"
    },
    {
      "id": "pt.ine.add.PTCONT.3241064",
      "street": "R FERNANDO PESSOA",
      "house": "52",
      "postcode": "2580-477",
      "city": "CARREGADO",
      "lon": "-8.977548174242719",
      "lat": "39.02654550849087"
    },
    {
      "id": "pt.ine.add.PTCONT.3241075",
      "street": "URB PARQUE NORTE",
      "house": "",
      "postcode": "2580-588",
      "city": "CARREGADO",
      "lon": "-8.975965406478213",
      "lat": "39.02843051724334"
    },
    {
      "id": "pt.ine.add.PTCONT.3241076",
      "street": "PQ NORTE",
      "house": "",
      "postcode": "2580-588",
      "city": "CARREGADO",
      "lon": "-8.975965406478213",
      "lat": "39.02843051724334"
    },
    {
      "id": "pt.ine.add.PTCONT.3241077",
      "street": "URB PARQUE NORTE",
      "house": "",
      "postcode": "2580-588",
      "city": "CARREGADO",
      "lon": "-8.975965406478213",
      "lat": "39.02843051724334"
    },
    {
      "id": "pt.ine.add.PTCONT.3241078",
      "street": "URB PARQUE NORTE",
      "house": "",
      "postcode": "2580-588",
      "city": "CARREGADO",
      "lon": "-8.975965406478213",
      "lat": "39.02843051724334"
    },
    {
      "id": "pt.ine.add.PTCONT.3241079",
      "street": "URB PARQUE NORTE",
      "house": "",
      "postcode": "2580-588",
      "city": "CARREGADO",
      "lon": "-8.975965406478213",
      "lat": "39.02843051724334"
    },
    {
      "id": "pt.ine.add.PTCONT.3247934",
      "street": "URB PARQUE NORTE",
      "house": "",
      "postcode": "2580-588",
      "city": "CARREGADO",
      "lon": "-8.975965406478213",
      "lat": "39.02843051724334"
    },
    {
      "id": "pt.ine.add.PTCONT.3249624",
      "street": "R FERNANDO PESSOA",
      "house": "52",
      "postcode": "2580-477",
      "city": "CARREGADO",
      "lon": "-8.977548174242719",
      "lat": "39.02654550849087"
    },
    {
      "id": "pt.ine.add.PTCONT.3249641",
      "street": "URB PARQUE NORTE",
      "house": "8 C",
      "postcode": "2580-588",
      "city": "CARREGADO",
      "lon": "-8.97714812565897",
      "lat": "39.02786349976749"
    },
    {
      "id": "pt.ine.add.PTCONT.3268437",
      "street": "EN 1",
      "house": "2",
      "postcode": "2580-491",
      "city": "CARREGADO",
      "lon": "-8.979648954200675",
      "lat": "39.02646722872317"
    },
    {
      "id": "pt.ine.add.PTCONT.3268448",
      "street": "URB PARQUE NORTE",
      "house": "6 C",
      "postcode": "2580-588",
      "city": "CARREGADO",
      "lon": "-8.976526294925412",
      "lat": "39.02801211776007"
    },
    {
      "id": "pt.ine.add.PTCONT.3311906",
      "street": "CSL GRILO",
      "house": "1",
      "postcode": "2580-491",
      "city": "CARREGADO",
      "lon": "-8.975971744696865",
      "lat": "39.03285315457981"
    },
    {
      "id": "pt.ine.add.PTCONT.3314627",
      "street": "URB PARQUE NORTE",
      "house": "9 C",
      "postcode": "2580-588",
      "city": "CARREGADO",
      "lon": "-8.97744760010184",
      "lat": "39.0277982798515"
    },
    {
      "id": "pt.ine.add.PTCONT.3324028",
      "street": "R SARRA",
      "house": "22",
      "postcode": "2580-503",
      "city": "CARREGADO",
      "lon": "-8.97722094358379",
      "lat": "39.028160220488395"
    },
    {
      "id": "pt.ine.add.PTCONT.3324029",
      "street": "URB PARQUE NORTE",
      "house": "",
      "postcode": "2580-588",
      "city": "CARREGADO",
      "lon": "-8.97638110546207",
      "lat": "39.02842751270715"
    },
    {
      "id": "pt.ine.add.PTCONT.3324084",
      "street": "URB PARQUE NORTE",
      "house": "",
      "postcode": "2580-588",
      "city": "CARREGADO",
      "lon": "-8.97638110546207",
      "lat": "39.02842751270715"
    },
    {
      "id": "pt.ine.add.PTCONT.3324085",
      "street": "URB PARQUE NORTE",
      "house": "",
      "postcode": "2580-588",
      "city": "CARREGADO",
      "lon": "-8.97638110546207",
      "lat": "39.02842751270715"
    },
    {
      "id": "pt.ine.add.PTCONT.3324086",
      "street": "URB PARQUE NORTE",
      "house": "",
      "postcode": "2580-588",
      "city": "CARREGADO",
      "lon": "-8.97638110546207",
      "lat": "39.02842751270715"
    },
    {
      "id": "pt.ine.add.PTCONT.3324087",
      "street": "URB PARQUE NORTE",
      "house": "",
      "postcode": "2580-588",
      "city": "CARREGADO",
      "lon": "-8.97638110546207",
      "lat": "39.02842751270715"
    },
    {
      "id": "pt.ine.add.PTCONT.3333055",
      "street": "URB PARQUE NORTE",
      "house": "",
      "postcode": "2580-588",
      "city": "CARREGADO",
      "lon": "-8.97638110546207",
      "lat": "39.02842751270715"
    },
    {
      "id": "pt.ine.add.PTCONT.3351162",
      "street": "PCT GUILHERME JOÃO CARLOS HENRIQUES",
      "house": "1",
      "postcode": "2580-589",
      "city": "CARREGADO",
      "lon": "-8.975199978348227",
      "lat": "39.02815681296975"
    },
    {
      "id": "pt.ine.add.PTCONT.3360280",
      "street": "PCT GUILHERME JOÃO CARLOS HENRIQUES",
      "house": "1",
      "postcode": "2580-589",
      "city": "CARREGADO",
      "lon": "-8.975199978348227",
      "lat": "39.02815681296975"
    },
    {
      "id": "pt.ine.add.PTCONT.3363544",
      "street": "URB PARQUE NORTE",
      "house": "4 A",
      "postcode": "2580-588",
      "city": "CARREGADO",
      "lon": "-8.97578931087002",
      "lat": "39.02818858692527"
    },
    {
      "id": "pt.ine.add.PTCONT.3370900",
      "street": "R SARRA",
      "house": "16",
      "postcode": "2580-503",
      "city": "CARREGADO",
      "lon": "-8.977704208630552",
      "lat": "39.028012602201876"
    },
    {
      "id": "pt.ine.add.PTCONT.3451607",
      "street": "PCT GUILHERME JOÃO CARLOS HENRIQUES",
      "house": "7",
      "postcode": "2580-589",
      "city": "CARREGADO",
      "lon": "-8.976489298705143",
      "lat": "39.027814220147995"
    }
  ]
}