{
  "data": {
    "distrito": "Faro",
    "concelho": "Albufeira",
    "freguesia": "Albufeira e Olhos de Água",
    "OBJECTID": 267,
    "BGRI2021": "08010603705",
    "DT21": "08",
    "DTMN21": "0801",
    "DTMNFR21": "080106",
    "DTMNFRSEC21": "080106037",
    "SECNUM21": "037",
    "SSNUM21": "05",
    "SECSSNUM21": "03705",
    "OBJECTID_1": 64709,
    "DT": "08",
    "CC": "01",
    "fr": "06",
    "SEC": "037",
    "SS": "05"
  },
  "addresses": [
    {
      "id": "pt.ine.add.PTCONT.1469317",
      "street": "PCT LEONARDO COIMBRA",
      "house": "",
      "postcode": "8200-112",
      "city": "ALBUFEIRA",
      "lon": "-8.235343390874169",
      "lat": "37.10153679858505"
    },
    {
      "id": "pt.ine.add.PTCONT.1469318",
      "street": "PCT LEONARDO COIMBRA",
      "house": "",
      "postcode": "8200-112",
      "city": "ALBUFEIRA",
      "lon": "-8.235343390874169",
      "lat": "37.10153679858505"
    },
    {
      "id": "pt.ine.add.PTCONT.1486881",
      "street": "ESTR DE VALE PEDRAS",
      "house": "220-222",
      "postcode": "8200-047",
      "city": "ALBUFEIRA",
      "lon": "-8.234535269180649",
      "lat": "37.102916124221686"
    },
    {
      "id": "pt.ine.add.PTCONT.1486882",
      "street": "ESTR DE VALE PEDRAS",
      "house": "220-222",
      "postcode": "8200-047",
      "city": "ALBUFEIRA",
      "lon": "-8.234535269180649",
      "lat": "37.102916124221686"
    },
    {
      "id": "pt.ine.add.PTCONT.1486883",
      "street": "ESTR DE VALE PEDRAS",
      "house": "220-222",
      "postcode": "8200-047",
      "city": "ALBUFEIRA",
      "lon": "-8.234535269180649",
      "lat": "37.102916124221686"
    },
    {
      "id": "pt.ine.add.PTCONT.1486884",
      "street": "ESTR DE VALE PEDRAS",
      "house": "220-222",
      "postcode": "8200-047",
      "city": "ALBUFEIRA",
      "lon": "-8.234535269180649",
      "lat": "37.102916124221686"
    },
    {
      "id": "pt.ine.add.PTCONT.1486885",
      "street": "ESTR DE VALE PEDRAS",
      "house": "220-222",
      "postcode": "8200-047",
      "city": "ALBUFEIRA",
      "lon": "-8.234535269180649",
      "lat": "37.102916124221686"
    },
    {
      "id": "pt.ine.add.PTCONT.1486886",
      "street": "ESTR DE VALE PEDRAS",
      "house": "220-222",
      "postcode": "8200-047",
      "city": "ALBUFEIRA",
      "lon": "-8.234535269180649",
      "lat": "37.102916124221686"
    },
    {
      "id": "pt.ine.add.PTCONT.1486887",
      "street": "ESTR DE VALE PEDRAS",
      "house": "220-222",
      "postcode": "8200-047",
      "city": "ALBUFEIRA",
      "lon": "-8.234535269180649",
      "lat": "37.102916124221686"
    },
    {
      "id": "pt.ine.add.PTCONT.1486888",
      "street": "ESTR DE VALE PEDRAS",
      "house": "220-222",
      "postcode": "8200-047",
      "city": "ALBUFEIRA",
      "lon": "-8.234535269180649",
      "lat": "37.102916124221686"
    },
    {
      "id": "pt.ine.add.PTCONT.1486889",
      "street": "ESTR DE VALE PEDRAS",
      "house": "220-222",
      "postcode": "8200-047",
      "city": "ALBUFEIRA",
      "lon": "-8.234535269180649",
      "lat": "37.102916124221686"
    },
    {
      "id": "pt.ine.add.PTCONT.1486890",
      "street": "ESTR DE VALE PEDRAS",
      "house": "220-222",
      "postcode": "8200-047",
      "city": "ALBUFEIRA",
      "lon": "-8.234535269180649",
      "lat": "37.102916124221686"
    },
    {
      "id": "pt.ine.add.PTCONT.1486891",
      "street": "ESTR DE VALE PEDRAS",
      "house": "220-222",
      "postcode": "8200-047",
      "city": "ALBUFEIRA",
      "lon": "-8.234535269180649",
      "lat": "37.102916124221686"
    },
    {
      "id": "pt.ine.add.PTCONT.1486892",
      "street": "ESTR DE VALE PEDRAS",
      "house": "220-222",
      "postcode": "8200-047",
      "city": "ALBUFEIRA",
      "lon": "-8.234535269180649",
      "lat": "37.102916124221686"
    },
    {
      "id": "pt.ine.add.PTCONT.1486893",
      "street": "ESTR DE VALE PEDRAS",
      "house": "220-222",
      "postcode": "8200-047",
      "city": "ALBUFEIRA",
      "lon": "-8.234535269180649",
      "lat": "37.102916124221686"
    },
    {
      "id": "pt.ine.add.PTCONT.1486894",
      "street": "ESTR DE VALE PEDRAS",
      "house": "220-222",
      "postcode": "8200-047",
      "city": "ALBUFEIRA",
      "lon": "-8.234535269180649",
      "lat": "37.102916124221686"
    },
    {
      "id": "pt.ine.add.PTCONT.1486895",
      "street": "ESTR DE VALE PEDRAS",
      "house": "220-222",
      "postcode": "8200-047",
      "city": "ALBUFEIRA",
      "lon": "-8.234535269180649",
      "lat": "37.102916124221686"
    },
    {
      "id": "pt.ine.add.PTCONT.1486896",
      "street": "ESTR DE VALE PEDRAS",
      "house": "220-222",
      "postcode": "8200-047",
      "city": "ALBUFEIRA",
      "lon": "-8.234535269180649",
      "lat": "37.102916124221686"
    },
    {
      "id": "pt.ine.add.PTCONT.1486897",
      "street": "ESTR DE VALE PEDRAS",
      "house": "220-222",
      "postcode": "8200-047",
      "city": "ALBUFEIRA",
      "lon": "-8.234535269180649",
      "lat": "37.102916124221686"
    },
    {
      "id": "pt.ine.add.PTCONT.1486898",
      "street": "ESTR DE VALE PEDRAS",
      "house": "220-222",
      "postcode": "8200-047",
      "city": "ALBUFEIRA",
      "lon": "-8.234535269180649",
      "lat": "37.102916124221686"
    },
    {
      "id": "pt.ine.add.PTCONT.1486899",
      "street": "ESTR DE VALE PEDRAS",
      "house": "220-222",
      "postcode": "8200-047",
      "city": "ALBUFEIRA",
      "lon": "-8.234535269180649",
      "lat": "37.102916124221686"
    },
    {
      "id": "pt.ine.add.PTCONT.1486900",
      "street": "ESTR DE VALE PEDRAS",
      "house": "220-222",
      "postcode": "8200-047",
      "city": "ALBUFEIRA",
      "lon": "-8.234535269180649",
      "lat": "37.102916124221686"
    },
    {
      "id": "pt.ine.add.PTCONT.1486901",
      "street": "ESTR DE VALE PEDRAS",
      "house": "220-222",
      "postcode": "8200-047",
      "city": "ALBUFEIRA",
      "lon": "-8.234535269180649",
      "lat": "37.102916124221686"
    },
    {
      "id": "pt.ine.add.PTCONT.1486902",
      "street": "ESTR DE VALE PEDRAS",
      "house": "220-222",
      "postcode": "8200-047",
      "city": "ALBUFEIRA",
      "lon": "-8.234535269180649",
      "lat": "37.102916124221686"
    },
    {
      "id": "pt.ine.add.PTCONT.1486903",
      "street": "ESTR DE VALE PEDRAS",
      "house": "220-222",
      "postcode": "8200-047",
      "city": "ALBUFEIRA",
      "lon": "-8.234535269180649",
      "lat": "37.102916124221686"
    },
    {
      "id": "pt.ine.add.PTCONT.1486904",
      "street": "ESTR DE VALE PEDRAS",
      "house": "220-222",
      "postcode": "8200-047",
      "city": "ALBUFEIRA",
      "lon": "-8.234535269180649",
      "lat": "37.102916124221686"
    },
    {
      "id": "pt.ine.add.PTCONT.1486905",
      "street": "ESTR DE VALE PEDRAS",
      "house": "220-222",
      "postcode": "8200-047",
      "city": "ALBUFEIRA",
      "lon": "-8.234535269180649",
      "lat": "37.102916124221686"
    },
    {
      "id": "pt.ine.add.PTCONT.1486906",
      "street": "ESTR DE VALE PEDRAS",
      "house": "220-222",
      "postcode": "8200-047",
      "city": "ALBUFEIRA",
      "lon": "-8.234535269180649",
      "lat": "37.102916124221686"
    },
    {
      "id": "pt.ine.add.PTCONT.1486907",
      "street": "ESTR DE VALE PEDRAS",
      "house": "220-222",
      "postcode": "8200-047",
      "city": "ALBUFEIRA",
      "lon": "-8.234535269180649",
      "lat": "37.102916124221686"
    },
    {
      "id": "pt.ine.add.PTCONT.1486908",
      "street": "ESTR DE VALE PEDRAS",
      "house": "220-222",
      "postcode": "8200-047",
      "city": "ALBUFEIRA",
      "lon": "-8.234535269180649",
      "lat": "37.102916124221686"
    },
    {
      "id": "pt.ine.add.PTCONT.1486909",
      "street": "ESTR DE VALE PEDRAS",
      "house": "220-222",
      "postcode": "8200-047",
      "city": "ALBUFEIRA",
      "lon": "-8.234535269180649",
      "lat": "37.102916124221686"
    },
    {
      "id": "pt.ine.add.PTCONT.1486910",
      "street": "ESTR DE VALE PEDRAS",
      "house": "220-222",
      "postcode": "8200-047",
      "city": "ALBUFEIRA",
      "lon": "-8.234535269180649",
      "lat": "37.102916124221686"
    },
    {
      "id": "pt.ine.add.PTCONT.1486911",
      "street": "ESTR DE VALE PEDRAS",
      "house": "220-222",
      "postcode": "8200-047",
      "city": "ALBUFEIRA",
      "lon": "-8.234535269180649",
      "lat": "37.102916124221686"
    },
    {
      "id": "pt.ine.add.PTCONT.1486912",
      "street": "ESTR DE VALE PEDRAS",
      "house": "220-222",
      "postcode": "8200-047",
      "city": "ALBUFEIRA",
      "lon": "-8.234535269180649",
      "lat": "37.102916124221686"
    },
    {
      "id": "pt.ine.add.PTCONT.1486913",
      "street": "ESTR DE VALE PEDRAS",
      "house": "220-222",
      "postcode": "8200-047",
      "city": "ALBUFEIRA",
      "lon": "-8.234535269180649",
      "lat": "37.102916124221686"
    },
    {
      "id": "pt.ine.add.PTCONT.1486914",
      "street": "ESTR DE VALE PEDRAS",
      "house": "220-222",
      "postcode": "8200-047",
      "city": "ALBUFEIRA",
      "lon": "-8.234535269180649",
      "lat": "37.102916124221686"
    },
    {
      "id": "pt.ine.add.PTCONT.1486915",
      "street": "ESTR DE VALE PEDRAS",
      "house": "220-222",
      "postcode": "8200-047",
      "city": "ALBUFEIRA",
      "lon": "-8.234535269180649",
      "lat": "37.102916124221686"
    },
    {
      "id": "pt.ine.add.PTCONT.1486916",
      "street": "ESTR DE VALE PEDRAS",
      "house": "220-222",
      "postcode": "8200-047",
      "city": "ALBUFEIRA",
      "lon": "-8.234535269180649",
      "lat": "37.102916124221686"
    },
    {
      "id": "pt.ine.add.PTCONT.1486917",
      "street": "ESTR DE VALE PEDRAS",
      "house": "220-222",
      "postcode": "8200-047",
      "city": "ALBUFEIRA",
      "lon": "-8.234535269180649",
      "lat": "37.102916124221686"
    },
    {
      "id": "pt.ine.add.PTCONT.1486918",
      "street": "ESTR DE VALE PEDRAS",
      "house": "220-222",
      "postcode": "8200-047",
      "city": "ALBUFEIRA",
      "lon": "-8.234535269180649",
      "lat": "37.102916124221686"
    },
    {
      "id": "pt.ine.add.PTCONT.1486919",
      "street": "ESTR DE VALE PEDRAS",
      "house": "220-222",
      "postcode": "8200-047",
      "city": "ALBUFEIRA",
      "lon": "-8.234535269180649",
      "lat": "37.102916124221686"
    },
    {
      "id": "pt.ine.add.PTCONT.1486920",
      "street": "ESTR DE VALE PEDRAS",
      "house": "220-222",
      "postcode": "8200-047",
      "city": "ALBUFEIRA",
      "lon": "-8.234535269180649",
      "lat": "37.102916124221686"
    },
    {
      "id": "pt.ine.add.PTCONT.1486921",
      "street": "ESTR DE VALE PEDRAS",
      "house": "220-222",
      "postcode": "8200-047",
      "city": "ALBUFEIRA",
      "lon": "-8.234535269180649",
      "lat": "37.102916124221686"
    },
    {
      "id": "pt.ine.add.PTCONT.1486922",
      "street": "ESTR DE VALE PEDRAS",
      "house": "220-222",
      "postcode": "8200-047",
      "city": "ALBUFEIRA",
      "lon": "-8.234535269180649",
      "lat": "37.102916124221686"
    },
    {
      "id": "pt.ine.add.PTCONT.1486923",
      "street": "ESTR DE VALE PEDRAS",
      "house": "220-222",
      "postcode": "8200-047",
      "city": "ALBUFEIRA",
      "lon": "-8.234535269180649",
      "lat": "37.102916124221686"
    },
    {
      "id": "pt.ine.add.PTCONT.1486924",
      "street": "ESTR DE VALE PEDRAS",
      "house": "220-222",
      "postcode": "8200-047",
      "city": "ALBUFEIRA",
      "lon": "-8.234535269180649",
      "lat": "37.102916124221686"
    },
    {
      "id": "pt.ine.add.PTCONT.1486925",
      "street": "ESTR DE VALE PEDRAS",
      "house": "220-222",
      "postcode": "8200-047",
      "city": "ALBUFEIRA",
      "lon": "-8.234535269180649",
      "lat": "37.102916124221686"
    },
    {
      "id": "pt.ine.add.PTCONT.1486926",
      "street": "ESTR DE VALE PEDRAS",
      "house": "220-222",
      "postcode": "8200-047",
      "city": "ALBUFEIRA",
      "lon": "-8.234535269180649",
      "lat": "37.102916124221686"
    },
    {
      "id": "pt.ine.add.PTCONT.1486927",
      "street": "ESTR DE VALE PEDRAS",
      "house": "220-222",
      "postcode": "8200-047",
      "city": "ALBUFEIRA",
      "lon": "-8.234535269180649",
      "lat": "37.102916124221686"
    },
    {
      "id": "pt.ine.add.PTCONT.1486928",
      "street": "ESTR DE VALE PEDRAS",
      "house": "220-222",
      "postcode": "8200-047",
      "city": "ALBUFEIRA",
      "lon": "-8.234535269180649",
      "lat": "37.102916124221686"
    },
    {
      "id": "pt.ine.add.PTCONT.1486929",
      "street": "ESTR DE VALE PEDRAS",
      "house": "220-222",
      "postcode": "8200-047",
      "city": "ALBUFEIRA",
      "lon": "-8.234535269180649",
      "lat": "37.102916124221686"
    },
    {
      "id": "pt.ine.add.PTCONT.1486930",
      "street": "ESTR DE VALE PEDRAS",
      "house": "220-222",
      "postcode": "8200-047",
      "city": "ALBUFEIRA",
      "lon": "-8.234535269180649",
      "lat": "37.102916124221686"
    },
    {
      "id": "pt.ine.add.PTCONT.1486931",
      "street": "ESTR DE VALE PEDRAS",
      "house": "220-222",
      "postcode": "8200-047",
      "city": "ALBUFEIRA",
      "lon": "-8.234535269180649",
      "lat": "37.102916124221686"
    },
    {
      "id": "pt.ine.add.PTCONT.1486932",
      "street": "ESTR DE VALE PEDRAS",
      "house": "220-222",
      "postcode": "8200-047",
      "city": "ALBUFEIRA",
      "lon": "-8.234535269180649",
      "lat": "37.102916124221686"
    },
    {
      "id": "pt.ine.add.PTCONT.1486933",
      "street": "ESTR DE VALE PEDRAS",
      "house": "220-222",
      "postcode": "8200-047",
      "city": "ALBUFEIRA",
      "lon": "-8.234535269180649",
      "lat": "37.102916124221686"
    },
    {
      "id": "pt.ine.add.PTCONT.1486934",
      "street": "ESTR DE VALE PEDRAS",
      "house": "220-222",
      "postcode": "8200-047",
      "city": "ALBUFEIRA",
      "lon": "-8.234535269180649",
      "lat": "37.102916124221686"
    },
    {
      "id": "pt.ine.add.PTCONT.1486935",
      "street": "ESTR DE VALE PEDRAS",
      "house": "220-222",
      "postcode": "8200-047",
      "city": "ALBUFEIRA",
      "lon": "-8.234535269180649",
      "lat": "37.102916124221686"
    },
    {
      "id": "pt.ine.add.PTCONT.1486936",
      "street": "ESTR DE VALE PEDRAS",
      "house": "220-222",
      "postcode": "8200-047",
      "city": "ALBUFEIRA",
      "lon": "-8.234535269180649",
      "lat": "37.102916124221686"
    },
    {
      "id": "pt.ine.add.PTCONT.1486937",
      "street": "ESTR DE VALE PEDRAS",
      "house": "220-222",
      "postcode": "8200-047",
      "city": "ALBUFEIRA",
      "lon": "-8.234535269180649",
      "lat": "37.102916124221686"
    },
    {
      "id": "pt.ine.add.PTCONT.1486938",
      "street": "ESTR DE VALE PEDRAS",
      "house": "220-222",
      "postcode": "8200-047",
      "city": "ALBUFEIRA",
      "lon": "-8.234535269180649",
      "lat": "37.102916124221686"
    },
    {
      "id": "pt.ine.add.PTCONT.1486939",
      "street": "ESTR DE VALE PEDRAS",
      "house": "220-222",
      "postcode": "8200-047",
      "city": "ALBUFEIRA",
      "lon": "-8.234535269180649",
      "lat": "37.102916124221686"
    },
    {
      "id": "pt.ine.add.PTCONT.1489046",
      "street": "ESTR DE VALE PEDRAS",
      "house": "220-222",
      "postcode": "8200-047",
      "city": "ALBUFEIRA",
      "lon": "-8.234535269180649",
      "lat": "37.102916124221686"
    },
    {
      "id": "pt.ine.add.PTCONT.1489047",
      "street": "ESTR DE VALE PEDRAS",
      "house": "220-222",
      "postcode": "8200-047",
      "city": "ALBUFEIRA",
      "lon": "-8.234535269180649",
      "lat": "37.102916124221686"
    },
    {
      "id": "pt.ine.add.PTCONT.1489048",
      "street": "ESTR DE VALE PEDRAS",
      "house": "220-222",
      "postcode": "8200-047",
      "city": "ALBUFEIRA",
      "lon": "-8.234535269180649",
      "lat": "37.102916124221686"
    },
    {
      "id": "pt.ine.add.PTCONT.1489069",
      "street": "ESTR DE VALE PEDRAS",
      "house": "220-222",
      "postcode": "8200-047",
      "city": "ALBUFEIRA",
      "lon": "-8.234535269180649",
      "lat": "37.102916124221686"
    },
    {
      "id": "pt.ine.add.PTCONT.1489070",
      "street": "ESTR DE VALE PEDRAS",
      "house": "220-222",
      "postcode": "8200-047",
      "city": "ALBUFEIRA",
      "lon": "-8.234535269180649",
      "lat": "37.102916124221686"
    },
    {
      "id": "pt.ine.add.PTCONT.1489071",
      "street": "ESTR DE VALE PEDRAS",
      "house": "220-222",
      "postcode": "8200-047",
      "city": "ALBUFEIRA",
      "lon": "-8.234535269180649",
      "lat": "37.102916124221686"
    },
    {
      "id": "pt.ine.add.PTCONT.1489196",
      "street": "ESTR DE VALE PEDRAS",
      "house": "220-222",
      "postcode": "8200-047",
      "city": "ALBUFEIRA",
      "lon": "-8.234535269180649",
      "lat": "37.102916124221686"
    },
    {
      "id": "pt.ine.add.PTCONT.1489197",
      "street": "ESTR DE VALE PEDRAS",
      "house": "220-222",
      "postcode": "8200-047",
      "city": "ALBUFEIRA",
      "lon": "-8.234535269180649",
      "lat": "37.102916124221686"
    },
    {
      "id": "pt.ine.add.PTCONT.1489198",
      "street": "ESTR DE VALE PEDRAS",
      "house": "220-222",
      "postcode": "8200-047",
      "city": "ALBUFEIRA",
      "lon": "-8.234535269180649",
      "lat": "37.102916124221686"
    },
    {
      "id": "pt.ine.add.PTCONT.1489199",
      "street": "ESTR DE VALE PEDRAS",
      "house": "220-222",
      "postcode": "8200-047",
      "city": "ALBUFEIRA",
      "lon": "-8.234535269180649",
      "lat": "37.102916124221686"
    },
    {
      "id": "pt.ine.add.PTCONT.1489200",
      "street": "ESTR DE VALE PEDRAS",
      "house": "220-222",
      "postcode": "8200-047",
      "city": "ALBUFEIRA",
      "lon": "-8.234535269180649",
      "lat": "37.102916124221686"
    },
    {
      "id": "pt.ine.add.PTCONT.1489201",
      "street": "ESTR DE VALE PEDRAS",
      "house": "220-222",
      "postcode": "8200-047",
      "city": "ALBUFEIRA",
      "lon": "-8.234535269180649",
      "lat": "37.102916124221686"
    },
    {
      "id": "pt.ine.add.PTCONT.1489202",
      "street": "ESTR DE VALE PEDRAS",
      "house": "220-222",
      "postcode": "8200-047",
      "city": "ALBUFEIRA",
      "lon": "-8.234535269180649",
      "lat": "37.102916124221686"
    },
    {
      "id": "pt.ine.add.PTCONT.1523895",
      "street": "ESTR VALE PEDRAS",
      "house": "",
      "postcode": "8200-047",
      "city": "ALBUFEIRA",
      "lon": "-8.234209568369891",
      "lat": "37.10332188220432"
    },
    {
      "id": "pt.ine.add.PTCONT.1523896",
      "street": "ESTR VALE PEDRAS",
      "house": "",
      "postcode": "8200-047",
      "city": "ALBUFEIRA",
      "lon": "-8.234209568369891",
      "lat": "37.10332188220432"
    },
    {
      "id": "pt.ine.add.PTCONT.1523897",
      "street": "ESTR VALE PEDRAS",
      "house": "",
      "postcode": "8200-047",
      "city": "ALBUFEIRA",
      "lon": "-8.234209568369891",
      "lat": "37.10332188220432"
    },
    {
      "id": "pt.ine.add.PTCONT.1523898",
      "street": "ESTR VALE PEDRAS",
      "house": "",
      "postcode": "8200-047",
      "city": "ALBUFEIRA",
      "lon": "-8.234209568369891",
      "lat": "37.10332188220432"
    },
    {
      "id": "pt.ine.add.PTCONT.1523899",
      "street": "ESTR VALE PEDRAS",
      "house": "",
      "postcode": "8200-047",
      "city": "ALBUFEIRA",
      "lon": "-8.234209568369891",
      "lat": "37.10332188220432"
    },
    {
      "id": "pt.ine.add.PTCONT.1523900",
      "street": "ESTR VALE PEDRAS",
      "house": "",
      "postcode": "8200-047",
      "city": "ALBUFEIRA",
      "lon": "-8.234209568369891",
      "lat": "37.10332188220432"
    },
    {
      "id": "pt.ine.add.PTCONT.1523901",
      "street": "ESTR VALE PEDRAS",
      "house": "",
      "postcode": "8200-047",
      "city": "ALBUFEIRA",
      "lon": "-8.234209568369891",
      "lat": "37.10332188220432"
    },
    {
      "id": "pt.ine.add.PTCONT.1523902",
      "street": "ESTR VALE PEDRAS",
      "house": "",
      "postcode": "8200-047",
      "city": "ALBUFEIRA",
      "lon": "-8.234209568369891",
      "lat": "37.10332188220432"
    },
    {
      "id": "pt.ine.add.PTCONT.1523903",
      "street": "ESTR VALE PEDRAS",
      "house": "",
      "postcode": "8200-047",
      "city": "ALBUFEIRA",
      "lon": "-8.234209568369891",
      "lat": "37.10332188220432"
    },
    {
      "id": "pt.ine.add.PTCONT.1523904",
      "street": "ESTR VALE PEDRAS",
      "house": "",
      "postcode": "8200-047",
      "city": "ALBUFEIRA",
      "lon": "-8.234209568369891",
      "lat": "37.10332188220432"
    },
    {
      "id": "pt.ine.add.PTCONT.1523905",
      "street": "ESTR VALE PEDRAS",
      "house": "",
      "postcode": "8200-047",
      "city": "ALBUFEIRA",
      "lon": "-8.234209568369891",
      "lat": "37.10332188220432"
    },
    {
      "id": "pt.ine.add.PTCONT.1523906",
      "street": "ESTR VALE PEDRAS",
      "house": "",
      "postcode": "8200-047",
      "city": "ALBUFEIRA",
      "lon": "-8.234209568369891",
      "lat": "37.10332188220432"
    },
    {
      "id": "pt.ine.add.PTCONT.1523907",
      "street": "ESTR VALE PEDRAS",
      "house": "",
      "postcode": "8200-047",
      "city": "ALBUFEIRA",
      "lon": "-8.234209568369891",
      "lat": "37.10332188220432"
    },
    {
      "id": "pt.ine.add.PTCONT.1523908",
      "street": "ESTR VALE PEDRAS",
      "house": "",
      "postcode": "8200-047",
      "city": "ALBUFEIRA",
      "lon": "-8.234209568369891",
      "lat": "37.10332188220432"
    },
    {
      "id": "pt.ine.add.PTCONT.1523909",
      "street": "ESTR VALE PEDRAS",
      "house": "",
      "postcode": "8200-047",
      "city": "ALBUFEIRA",
      "lon": "-8.234209568369891",
      "lat": "37.10332188220432"
    },
    {
      "id": "pt.ine.add.PTCONT.1523910",
      "street": "ESTR VALE PEDRAS",
      "house": "",
      "postcode": "8200-047",
      "city": "ALBUFEIRA",
      "lon": "-8.234209568369891",
      "lat": "37.10332188220432"
    },
    {
      "id": "pt.ine.add.PTCONT.1523911",
      "street": "ESTR VALE PEDRAS",
      "house": "",
      "postcode": "8200-047",
      "city": "ALBUFEIRA",
      "lon": "-8.234209568369891",
      "lat": "37.10332188220432"
    },
    {
      "id": "pt.ine.add.PTCONT.1523912",
      "street": "ESTR VALE PEDRAS",
      "house": "",
      "postcode": "8200-047",
      "city": "ALBUFEIRA",
      "lon": "-8.234209568369891",
      "lat": "37.10332188220432"
    },
    {
      "id": "pt.ine.add.PTCONT.1523913",
      "street": "ESTR VALE PEDRAS",
      "house": "",
      "postcode": "8200-047",
      "city": "ALBUFEIRA",
      "lon": "-8.234209568369891",
      "lat": "37.10332188220432"
    },
    {
      "id": "pt.ine.add.PTCONT.1523914",
      "street": "ESTR VALE PEDRAS",
      "house": "",
      "postcode": "8200-047",
      "city": "ALBUFEIRA",
      "lon": "-8.234209568369891",
      "lat": "37.10332188220432"
    },
    {
      "id": "pt.ine.add.PTCONT.1523915",
      "street": "ESTR VALE PEDRAS",
      "house": "",
      "postcode": "8200-047",
      "city": "ALBUFEIRA",
      "lon": "-8.234209568369891",
      "lat": "37.10332188220432"
    },
    {
      "id": "pt.ine.add.PTCONT.1523965",
      "street": "ESTR VALE PEDRAS",
      "house": "",
      "postcode": "8200-047",
      "city": "ALBUFEIRA",
      "lon": "-8.234209568369891",
      "lat": "37.10332188220432"
    },
    {
      "id": "pt.ine.add.PTCONT.1523966",
      "street": "ESTR VALE PEDRAS",
      "house": "",
      "postcode": "8200-047",
      "city": "ALBUFEIRA",
      "lon": "-8.234209568369891",
      "lat": "37.10332188220432"
    },
    {
      "id": "pt.ine.add.PTCONT.1523967",
      "street": "ESTR VALE PEDRAS",
      "house": "",
      "postcode": "8200-047",
      "city": "ALBUFEIRA",
      "lon": "-8.234209568369891",
      "lat": "37.10332188220432"
    },
    {
      "id": "pt.ine.add.PTCONT.1523968",
      "street": "ESTR VALE PEDRAS",
      "house": "",
      "postcode": "8200-047",
      "city": "ALBUFEIRA",
      "lon": "-8.234209568369891",
      "lat": "37.10332188220432"
    },
    {
      "id": "pt.ine.add.PTCONT.1523969",
      "street": "ESTR VALE PEDRAS",
      "house": "",
      "postcode": "8200-047",
      "city": "ALBUFEIRA",
      "lon": "-8.234209568369891",
      "lat": "37.10332188220432"
    },
    {
      "id": "pt.ine.add.PTCONT.1523970",
      "street": "ESTR VALE PEDRAS",
      "house": "",
      "postcode": "8200-047",
      "city": "ALBUFEIRA",
      "lon": "-8.234209568369891",
      "lat": "37.10332188220432"
    },
    {
      "id": "pt.ine.add.PTCONT.1523971",
      "street": "ESTR VALE PEDRAS",
      "house": "",
      "postcode": "8200-047",
      "city": "ALBUFEIRA",
      "lon": "-8.234209568369891",
      "lat": "37.10332188220432"
    },
    {
      "id": "pt.ine.add.PTCONT.1523972",
      "street": "ESTR VALE PEDRAS",
      "house": "",
      "postcode": "8200-047",
      "city": "ALBUFEIRA",
      "lon": "-8.234209568369891",
      "lat": "37.10332188220432"
    },
    {
      "id": "pt.ine.add.PTCONT.1523973",
      "street": "ESTR VALE PEDRAS",
      "house": "",
      "postcode": "8200-047",
      "city": "ALBUFEIRA",
      "lon": "-8.234209568369891",
      "lat": "37.10332188220432"
    },
    {
      "id": "pt.ine.add.PTCONT.1523974",
      "street": "ESTR VALE PEDRAS",
      "house": "",
      "postcode": "8200-047",
      "city": "ALBUFEIRA",
      "lon": "-8.234209568369891",
      "lat": "37.10332188220432"
    },
    {
      "id": "pt.ine.add.PTCONT.1523975",
      "street": "ESTR VALE PEDRAS",
      "house": "",
      "postcode": "8200-047",
      "city": "ALBUFEIRA",
      "lon": "-8.234209568369891",
      "lat": "37.10332188220432"
    },
    {
      "id": "pt.ine.add.PTCONT.1523976",
      "street": "ESTR VALE PEDRAS",
      "house": "",
      "postcode": "8200-047",
      "city": "ALBUFEIRA",
      "lon": "-8.234209568369891",
      "lat": "37.10332188220432"
    },
    {
      "id": "pt.ine.add.PTCONT.1524018",
      "street": "ESTR VALE PEDRAS",
      "house": "",
      "postcode": "8200-047",
      "city": "ALBUFEIRA",
      "lon": "-8.234209568369891",
      "lat": "37.10332188220432"
    },
    {
      "id": "pt.ine.add.PTCONT.1524019",
      "street": "ESTR VALE PEDRAS",
      "house": "",
      "postcode": "8200-047",
      "city": "ALBUFEIRA",
      "lon": "-8.234209568369891",
      "lat": "37.10332188220432"
    },
    {
      "id": "pt.ine.add.PTCONT.1524020",
      "street": "ESTR VALE PEDRAS",
      "house": "",
      "postcode": "8200-047",
      "city": "ALBUFEIRA",
      "lon": "-8.234209568369891",
      "lat": "37.10332188220432"
    },
    {
      "id": "pt.ine.add.PTCONT.1524021",
      "street": "ESTR VALE PEDRAS",
      "house": "",
      "postcode": "8200-047",
      "city": "ALBUFEIRA",
      "lon": "-8.234209568369891",
      "lat": "37.10332188220432"
    },
    {
      "id": "pt.ine.add.PTCONT.1524022",
      "street": "ESTR VALE PEDRAS",
      "house": "",
      "postcode": "8200-047",
      "city": "ALBUFEIRA",
      "lon": "-8.234209568369891",
      "lat": "37.10332188220432"
    },
    {
      "id": "pt.ine.add.PTCONT.1524023",
      "street": "ESTR VALE PEDRAS",
      "house": "",
      "postcode": "8200-047",
      "city": "ALBUFEIRA",
      "lon": "-8.234209568369891",
      "lat": "37.10332188220432"
    },
    {
      "id": "pt.ine.add.PTCONT.1524044",
      "street": "ESTR VALE PEDRAS",
      "house": "",
      "postcode": "8200-047",
      "city": "ALBUFEIRA",
      "lon": "-8.234209568369891",
      "lat": "37.10332188220432"
    },
    {
      "id": "pt.ine.add.PTCONT.1524045",
      "street": "ESTR VALE PEDRAS",
      "house": "",
      "postcode": "8200-047",
      "city": "ALBUFEIRA",
      "lon": "-8.234209568369891",
      "lat": "37.10332188220432"
    },
    {
      "id": "pt.ine.add.PTCONT.1524046",
      "street": "ESTR VALE PEDRAS",
      "house": "",
      "postcode": "8200-047",
      "city": "ALBUFEIRA",
      "lon": "-8.234209568369891",
      "lat": "37.10332188220432"
    },
    {
      "id": "pt.ine.add.PTCONT.1524148",
      "street": "ESTR VALE PEDRAS",
      "house": "",
      "postcode": "8200-047",
      "city": "ALBUFEIRA",
      "lon": "-8.234209568369891",
      "lat": "37.10332188220432"
    },
    {
      "id": "pt.ine.add.PTCONT.1562406",
      "street": "PCT LEONARDO COIMBRA",
      "house": "",
      "postcode": "8200-112",
      "city": "ALBUFEIRA",
      "lon": "-8.234926920413038",
      "lat": "37.10135694360349"
    },
    {
      "id": "pt.ine.add.PTCONT.1635774",
      "street": "URB MONTECHORO VILA PANTEÃO",
      "house": "",
      "postcode": "8200-317",
      "city": "ALBUFEIRA",
      "lon": "-8.234095289096105",
      "lat": "37.10197939067012"
    },
    {
      "id": "pt.ine.add.PTCONT.1635775",
      "street": "URB MONTECHORO VILA PANTEÃO",
      "house": "",
      "postcode": "8200-317",
      "city": "ALBUFEIRA",
      "lon": "-8.234095289096105",
      "lat": "37.10197939067012"
    },
    {
      "id": "pt.ine.add.PTCONT.1635919",
      "street": "URB MONTECHORO VILA PANTEÃO",
      "house": "",
      "postcode": "8200-317",
      "city": "ALBUFEIRA",
      "lon": "-8.234095289096105",
      "lat": "37.10197939067012"
    },
    {
      "id": "pt.ine.add.PTCONT.1635920",
      "street": "URB MONTECHORO VILA PANTEÃO",
      "house": "",
      "postcode": "8200-317",
      "city": "ALBUFEIRA",
      "lon": "-8.234095289096105",
      "lat": "37.10197939067012"
    },
    {
      "id": "pt.ine.add.PTCONT.1635921",
      "street": "URB MONTECHORO VILA PANTEÃO",
      "house": "",
      "postcode": "8200-317",
      "city": "ALBUFEIRA",
      "lon": "-8.234095289096105",
      "lat": "37.10197939067012"
    },
    {
      "id": "pt.ine.add.PTCONT.1635922",
      "street": "URB MONTECHORO VILA PANTEÃO",
      "house": "",
      "postcode": "8200-317",
      "city": "ALBUFEIRA",
      "lon": "-8.234095289096105",
      "lat": "37.10197939067012"
    },
    {
      "id": "pt.ine.add.PTCONT.1635923",
      "street": "URB MONTECHORO VILA PANTEÃO",
      "house": "",
      "postcode": "8200-317",
      "city": "ALBUFEIRA",
      "lon": "-8.234095289096105",
      "lat": "37.10197939067012"
    },
    {
      "id": "pt.ine.add.PTCONT.1635924",
      "street": "URB MONTECHORO VILA PANTEÃO",
      "house": "",
      "postcode": "8200-317",
      "city": "ALBUFEIRA",
      "lon": "-8.234095289096105",
      "lat": "37.10197939067012"
    },
    {
      "id": "pt.ine.add.PTCONT.1635925",
      "street": "URB MONTECHORO VILA PANTEÃO",
      "house": "",
      "postcode": "8200-317",
      "city": "ALBUFEIRA",
      "lon": "-8.234095289096105",
      "lat": "37.10197939067012"
    },
    {
      "id": "pt.ine.add.PTCONT.1635926",
      "street": "URB MONTECHORO VILA PANTEÃO",
      "house": "",
      "postcode": "8200-317",
      "city": "ALBUFEIRA",
      "lon": "-8.234095289096105",
      "lat": "37.10197939067012"
    },
    {
      "id": "pt.ine.add.PTCONT.1635927",
      "street": "URB MONTECHORO VILA PANTEÃO",
      "house": "",
      "postcode": "8200-317",
      "city": "ALBUFEIRA",
      "lon": "-8.234095289096105",
      "lat": "37.10197939067012"
    },
    {
      "id": "pt.ine.add.PTCONT.1635928",
      "street": "URB MONTECHORO VILA PANTEÃO",
      "house": "",
      "postcode": "8200-317",
      "city": "ALBUFEIRA",
      "lon": "-8.234095289096105",
      "lat": "37.10197939067012"
    },
    {
      "id": "pt.ine.add.PTCONT.1635929",
      "street": "URB MONTECHORO VILA PANTEÃO",
      "house": "",
      "postcode": "8200-317",
      "city": "ALBUFEIRA",
      "lon": "-8.234095289096105",
      "lat": "37.10197939067012"
    },
    {
      "id": "pt.ine.add.PTCONT.1635930",
      "street": "URB MONTECHORO VILA PANTEÃO",
      "house": "",
      "postcode": "8200-317",
      "city": "ALBUFEIRA",
      "lon": "-8.234095289096105",
      "lat": "37.10197939067012"
    },
    {
      "id": "pt.ine.add.PTCONT.1635931",
      "street": "URB MONTECHORO VILA PANTEÃO",
      "house": "",
      "postcode": "8200-317",
      "city": "ALBUFEIRA",
      "lon": "-8.234095289096105",
      "lat": "37.10197939067012"
    },
    {
      "id": "pt.ine.add.PTCONT.1636038",
      "street": "URB MONTECHORO VILA PANTEÃO",
      "house": "",
      "postcode": "8200-317",
      "city": "ALBUFEIRA",
      "lon": "-8.234095289096105",
      "lat": "37.10197939067012"
    },
    {
      "id": "pt.ine.add.PTCONT.1636039",
      "street": "URB MONTECHORO VILA PANTEÃO",
      "house": "",
      "postcode": "8200-317",
      "city": "ALBUFEIRA",
      "lon": "-8.234095289096105",
      "lat": "37.10197939067012"
    },
    {
      "id": "pt.ine.add.PTCONT.1636040",
      "street": "URB MONTECHORO VILA PANTEÃO",
      "house": "",
      "postcode": "8200-317",
      "city": "ALBUFEIRA",
      "lon": "-8.234095289096105",
      "lat": "37.10197939067012"
    },
    {
      "id": "pt.ine.add.PTCONT.1636041",
      "street": "URB MONTECHORO VILA PANTEÃO",
      "house": "",
      "postcode": "8200-317",
      "city": "ALBUFEIRA",
      "lon": "-8.234095289096105",
      "lat": "37.10197939067012"
    },
    {
      "id": "pt.ine.add.PTCONT.1636042",
      "street": "URB MONTECHORO VILA PANTEÃO",
      "house": "",
      "postcode": "8200-317",
      "city": "ALBUFEIRA",
      "lon": "-8.234095289096105",
      "lat": "37.10197939067012"
    },
    {
      "id": "pt.ine.add.PTCONT.1636043",
      "street": "URB MONTECHORO VILA PANTEÃO",
      "house": "",
      "postcode": "8200-317",
      "city": "ALBUFEIRA",
      "lon": "-8.234095289096105",
      "lat": "37.10197939067012"
    },
    {
      "id": "pt.ine.add.PTCONT.1636044",
      "street": "URB MONTECHORO VILA PANTEÃO",
      "house": "",
      "postcode": "8200-317",
      "city": "ALBUFEIRA",
      "lon": "-8.234095289096105",
      "lat": "37.10197939067012"
    },
    {
      "id": "pt.ine.add.PTCONT.1636045",
      "street": "URB MONTECHORO VILA PANTEÃO",
      "house": "",
      "postcode": "8200-317",
      "city": "ALBUFEIRA",
      "lon": "-8.234095289096105",
      "lat": "37.10197939067012"
    },
    {
      "id": "pt.ine.add.PTCONT.1636046",
      "street": "URB MONTECHORO VILA PANTEÃO",
      "house": "",
      "postcode": "8200-317",
      "city": "ALBUFEIRA",
      "lon": "-8.234095289096105",
      "lat": "37.10197939067012"
    },
    {
      "id": "pt.ine.add.PTCONT.1636047",
      "street": "URB MONTECHORO VILA PANTEÃO",
      "house": "",
      "postcode": "8200-317",
      "city": "ALBUFEIRA",
      "lon": "-8.234095289096105",
      "lat": "37.10197939067012"
    },
    {
      "id": "pt.ine.add.PTCONT.1636048",
      "street": "URB MONTECHORO VILA PANTEÃO",
      "house": "",
      "postcode": "8200-317",
      "city": "ALBUFEIRA",
      "lon": "-8.234095289096105",
      "lat": "37.10197939067012"
    },
    {
      "id": "pt.ine.add.PTCONT.1636049",
      "street": "URB MONTECHORO VILA PANTEÃO",
      "house": "",
      "postcode": "8200-317",
      "city": "ALBUFEIRA",
      "lon": "-8.234095289096105",
      "lat": "37.10197939067012"
    },
    {
      "id": "pt.ine.add.PTCONT.1636050",
      "street": "URB MONTECHORO VILA PANTEÃO",
      "house": "",
      "postcode": "8200-317",
      "city": "ALBUFEIRA",
      "lon": "-8.234095289096105",
      "lat": "37.10197939067012"
    },
    {
      "id": "pt.ine.add.PTCONT.1636205",
      "street": "URB MONTECHORO VILA PANTEÃO",
      "house": "",
      "postcode": "8200-317",
      "city": "ALBUFEIRA",
      "lon": "-8.234095289096105",
      "lat": "37.10197939067012"
    },
    {
      "id": "pt.ine.add.PTCONT.1636206",
      "street": "URB MONTECHORO VILA PANTEÃO",
      "house": "",
      "postcode": "8200-317",
      "city": "ALBUFEIRA",
      "lon": "-8.234095289096105",
      "lat": "37.10197939067012"
    },
    {
      "id": "pt.ine.add.PTCONT.1636207",
      "street": "URB MONTECHORO VILA PANTEÃO",
      "house": "",
      "postcode": "8200-317",
      "city": "ALBUFEIRA",
      "lon": "-8.234095289096105",
      "lat": "37.10197939067012"
    },
    {
      "id": "pt.ine.add.PTCONT.1636208",
      "street": "URB MONTECHORO VILA PANTEÃO",
      "house": "",
      "postcode": "8200-317",
      "city": "ALBUFEIRA",
      "lon": "-8.234095289096105",
      "lat": "37.10197939067012"
    },
    {
      "id": "pt.ine.add.PTCONT.1636209",
      "street": "URB MONTECHORO VILA PANTEÃO",
      "house": "",
      "postcode": "8200-317",
      "city": "ALBUFEIRA",
      "lon": "-8.234095289096105",
      "lat": "37.10197939067012"
    },
    {
      "id": "pt.ine.add.PTCONT.1636210",
      "street": "URB MONTECHORO VILA PANTEÃO",
      "house": "",
      "postcode": "8200-317",
      "city": "ALBUFEIRA",
      "lon": "-8.234095289096105",
      "lat": "37.10197939067012"
    },
    {
      "id": "pt.ine.add.PTCONT.1636211",
      "street": "URB MONTECHORO VILA PANTEÃO",
      "house": "",
      "postcode": "8200-317",
      "city": "ALBUFEIRA",
      "lon": "-8.234095289096105",
      "lat": "37.10197939067012"
    },
    {
      "id": "pt.ine.add.PTCONT.1636212",
      "street": "URB MONTECHORO VILA PANTEÃO",
      "house": "",
      "postcode": "8200-317",
      "city": "ALBUFEIRA",
      "lon": "-8.234095289096105",
      "lat": "37.10197939067012"
    },
    {
      "id": "pt.ine.add.PTCONT.1636213",
      "street": "URB MONTECHORO VILA PANTEÃO",
      "house": "",
      "postcode": "8200-317",
      "city": "ALBUFEIRA",
      "lon": "-8.234095289096105",
      "lat": "37.10197939067012"
    },
    {
      "id": "pt.ine.add.PTCONT.1636214",
      "street": "URB MONTECHORO VILA PANTEÃO",
      "house": "",
      "postcode": "8200-317",
      "city": "ALBUFEIRA",
      "lon": "-8.234095289096105",
      "lat": "37.10197939067012"
    },
    {
      "id": "pt.ine.add.PTCONT.1636215",
      "street": "URB MONTECHORO VILA PANTEÃO",
      "house": "",
      "postcode": "8200-317",
      "city": "ALBUFEIRA",
      "lon": "-8.234095289096105",
      "lat": "37.10197939067012"
    },
    {
      "id": "pt.ine.add.PTCONT.1636340",
      "street": "URB MONTECHORO VILA PANTEÃO",
      "house": "",
      "postcode": "8200-317",
      "city": "ALBUFEIRA",
      "lon": "-8.234095289096105",
      "lat": "37.10197939067012"
    },
    {
      "id": "pt.ine.add.PTCONT.1636341",
      "street": "URB MONTECHORO VILA PANTEÃO",
      "house": "",
      "postcode": "8200-317",
      "city": "ALBUFEIRA",
      "lon": "-8.234095289096105",
      "lat": "37.10197939067012"
    },
    {
      "id": "pt.ine.add.PTCONT.1636342",
      "street": "URB MONTECHORO VILA PANTEÃO",
      "house": "",
      "postcode": "8200-317",
      "city": "ALBUFEIRA",
      "lon": "-8.234095289096105",
      "lat": "37.10197939067012"
    },
    {
      "id": "pt.ine.add.PTCONT.1636343",
      "street": "URB MONTECHORO VILA PANTEÃO",
      "house": "",
      "postcode": "8200-317",
      "city": "ALBUFEIRA",
      "lon": "-8.234095289096105",
      "lat": "37.10197939067012"
    },
    {
      "id": "pt.ine.add.PTCONT.1636344",
      "street": "URB MONTECHORO VILA PANTEÃO",
      "house": "",
      "postcode": "8200-317",
      "city": "ALBUFEIRA",
      "lon": "-8.234095289096105",
      "lat": "37.10197939067012"
    },
    {
      "id": "pt.ine.add.PTCONT.1636345",
      "street": "URB MONTECHORO VILA PANTEÃO",
      "house": "",
      "postcode": "8200-317",
      "city": "ALBUFEIRA",
      "lon": "-8.234095289096105",
      "lat": "37.10197939067012"
    },
    {
      "id": "pt.ine.add.PTCONT.1636346",
      "street": "URB MONTECHORO VILA PANTEÃO",
      "house": "",
      "postcode": "8200-317",
      "city": "ALBUFEIRA",
      "lon": "-8.234095289096105",
      "lat": "37.10197939067012"
    },
    {
      "id": "pt.ine.add.PTCONT.1636347",
      "street": "URB MONTECHORO VILA PANTEÃO",
      "house": "",
      "postcode": "8200-317",
      "city": "ALBUFEIRA",
      "lon": "-8.234095289096105",
      "lat": "37.10197939067012"
    },
    {
      "id": "pt.ine.add.PTCONT.1636348",
      "street": "URB MONTECHORO VILA PANTEÃO",
      "house": "",
      "postcode": "8200-317",
      "city": "ALBUFEIRA",
      "lon": "-8.234095289096105",
      "lat": "37.10197939067012"
    },
    {
      "id": "pt.ine.add.PTCONT.1636349",
      "street": "URB MONTECHORO VILA PANTEÃO",
      "house": "",
      "postcode": "8200-317",
      "city": "ALBUFEIRA",
      "lon": "-8.234095289096105",
      "lat": "37.10197939067012"
    },
    {
      "id": "pt.ine.add.PTCONT.1636350",
      "street": "URB MONTECHORO VILA PANTEÃO",
      "house": "",
      "postcode": "8200-317",
      "city": "ALBUFEIRA",
      "lon": "-8.234095289096105",
      "lat": "37.10197939067012"
    },
    {
      "id": "pt.ine.add.PTCONT.1636351",
      "street": "URB MONTECHORO VILA PANTEÃO",
      "house": "",
      "postcode": "8200-317",
      "city": "ALBUFEIRA",
      "lon": "-8.234095289096105",
      "lat": "37.10197939067012"
    },
    {
      "id": "pt.ine.add.PTCONT.1636352",
      "street": "URB MONTECHORO VILA PANTEÃO",
      "house": "",
      "postcode": "8200-317",
      "city": "ALBUFEIRA",
      "lon": "-8.234095289096105",
      "lat": "37.10197939067012"
    },
    {
      "id": "pt.ine.add.PTCONT.1636468",
      "street": "URB MONTECHORO VILA PANTEÃO",
      "house": "",
      "postcode": "8200-317",
      "city": "ALBUFEIRA",
      "lon": "-8.234095289096105",
      "lat": "37.10197939067012"
    },
    {
      "id": "pt.ine.add.PTCONT.1636469",
      "street": "URB MONTECHORO VILA PANTEÃO",
      "house": "",
      "postcode": "8200-317",
      "city": "ALBUFEIRA",
      "lon": "-8.234095289096105",
      "lat": "37.10197939067012"
    },
    {
      "id": "pt.ine.add.PTCONT.1636470",
      "street": "URB MONTECHORO VILA PANTEÃO",
      "house": "",
      "postcode": "8200-317",
      "city": "ALBUFEIRA",
      "lon": "-8.234095289096105",
      "lat": "37.10197939067012"
    },
    {
      "id": "pt.ine.add.PTCONT.1636471",
      "street": "URB MONTECHORO VILA PANTEÃO",
      "house": "",
      "postcode": "8200-317",
      "city": "ALBUFEIRA",
      "lon": "-8.234095289096105",
      "lat": "37.10197939067012"
    },
    {
      "id": "pt.ine.add.PTCONT.1636472",
      "street": "URB MONTECHORO VILA PANTEÃO",
      "house": "",
      "postcode": "8200-317",
      "city": "ALBUFEIRA",
      "lon": "-8.234095289096105",
      "lat": "37.10197939067012"
    },
    {
      "id": "pt.ine.add.PTCONT.1636473",
      "street": "URB MONTECHORO VILA PANTEÃO",
      "house": "",
      "postcode": "8200-317",
      "city": "ALBUFEIRA",
      "lon": "-8.234095289096105",
      "lat": "37.10197939067012"
    },
    {
      "id": "pt.ine.add.PTCONT.1636474",
      "street": "URB MONTECHORO VILA PANTEÃO",
      "house": "",
      "postcode": "8200-317",
      "city": "ALBUFEIRA",
      "lon": "-8.234095289096105",
      "lat": "37.10197939067012"
    },
    {
      "id": "pt.ine.add.PTCONT.1636475",
      "street": "URB MONTECHORO VILA PANTEÃO",
      "house": "",
      "postcode": "8200-317",
      "city": "ALBUFEIRA",
      "lon": "-8.234095289096105",
      "lat": "37.10197939067012"
    },
    {
      "id": "pt.ine.add.PTCONT.1636476",
      "street": "URB MONTECHORO VILA PANTEÃO",
      "house": "",
      "postcode": "8200-317",
      "city": "ALBUFEIRA",
      "lon": "-8.234095289096105",
      "lat": "37.10197939067012"
    },
    {
      "id": "pt.ine.add.PTCONT.1636477",
      "street": "URB MONTECHORO VILA PANTEÃO",
      "house": "",
      "postcode": "8200-317",
      "city": "ALBUFEIRA",
      "lon": "-8.234095289096105",
      "lat": "37.10197939067012"
    },
    {
      "id": "pt.ine.add.PTCONT.1636478",
      "street": "URB MONTECHORO VILA PANTEÃO",
      "house": "",
      "postcode": "8200-317",
      "city": "ALBUFEIRA",
      "lon": "-8.234095289096105",
      "lat": "37.10197939067012"
    },
    {
      "id": "pt.ine.add.PTCONT.1636479",
      "street": "URB MONTECHORO VILA PANTEÃO",
      "house": "",
      "postcode": "8200-317",
      "city": "ALBUFEIRA",
      "lon": "-8.234095289096105",
      "lat": "37.10197939067012"
    },
    {
      "id": "pt.ine.add.PTCONT.1636480",
      "street": "URB MONTECHORO VILA PANTEÃO",
      "house": "",
      "postcode": "8200-317",
      "city": "ALBUFEIRA",
      "lon": "-8.234095289096105",
      "lat": "37.10197939067012"
    },
    {
      "id": "pt.ine.add.PTCONT.1636617",
      "street": "URB MONTECHORO VILA PANTEÃO",
      "house": "",
      "postcode": "8200-317",
      "city": "ALBUFEIRA",
      "lon": "-8.234095289096105",
      "lat": "37.10197939067012"
    },
    {
      "id": "pt.ine.add.PTCONT.1636618",
      "street": "URB MONTECHORO VILA PANTEÃO",
      "house": "",
      "postcode": "8200-317",
      "city": "ALBUFEIRA",
      "lon": "-8.234095289096105",
      "lat": "37.10197939067012"
    },
    {
      "id": "pt.ine.add.PTCONT.1636619",
      "street": "URB MONTECHORO VILA PANTEÃO",
      "house": "",
      "postcode": "8200-317",
      "city": "ALBUFEIRA",
      "lon": "-8.234095289096105",
      "lat": "37.10197939067012"
    },
    {
      "id": "pt.ine.add.PTCONT.1636620",
      "street": "URB MONTECHORO VILA PANTEÃO",
      "house": "",
      "postcode": "8200-317",
      "city": "ALBUFEIRA",
      "lon": "-8.234095289096105",
      "lat": "37.10197939067012"
    },
    {
      "id": "pt.ine.add.PTCONT.1637304",
      "street": "URB MONTECHORO VILA PANTEÃO",
      "house": "",
      "postcode": "8200-317",
      "city": "ALBUFEIRA",
      "lon": "-8.234095289096105",
      "lat": "37.10197939067012"
    },
    {
      "id": "pt.ine.add.PTCONT.1637358",
      "street": "URB MONTECHORO VILA PANTEÃO",
      "house": "",
      "postcode": "8200-317",
      "city": "ALBUFEIRA",
      "lon": "-8.234095289096105",
      "lat": "37.10197939067012"
    },
    {
      "id": "pt.ine.add.PTCONT.1637383",
      "street": "URB MONTECHORO VILA PANTEÃO",
      "house": "",
      "postcode": "8200-317",
      "city": "ALBUFEIRA",
      "lon": "-8.234095289096105",
      "lat": "37.10197939067012"
    },
    {
      "id": "pt.ine.add.PTCONT.1637384",
      "street": "URB MONTECHORO VILA PANTEÃO",
      "house": "",
      "postcode": "8200-317",
      "city": "ALBUFEIRA",
      "lon": "-8.234095289096105",
      "lat": "37.10197939067012"
    },
    {
      "id": "pt.ine.add.PTCONT.1637476",
      "street": "URB MONTECHORO VILA PANTEÃO",
      "house": "",
      "postcode": "8200-317",
      "city": "ALBUFEIRA",
      "lon": "-8.234095289096105",
      "lat": "37.10197939067012"
    },
    {
      "id": "pt.ine.add.PTCONT.1637478",
      "street": "URB MONTECHORO VILA PANTEÃO",
      "house": "",
      "postcode": "8200-317",
      "city": "ALBUFEIRA",
      "lon": "-8.234095289096105",
      "lat": "37.10197939067012"
    },
    {
      "id": "pt.ine.add.PTCONT.1637495",
      "street": "URB MONTECHORO VILA PANTEÃO",
      "house": "",
      "postcode": "8200-317",
      "city": "ALBUFEIRA",
      "lon": "-8.234095289096105",
      "lat": "37.10197939067012"
    },
    {
      "id": "pt.ine.add.PTCONT.1637496",
      "street": "URB MONTECHORO VILA PANTEÃO",
      "house": "",
      "postcode": "8200-317",
      "city": "ALBUFEIRA",
      "lon": "-8.234095289096105",
      "lat": "37.10197939067012"
    },
    {
      "id": "pt.ine.add.PTCONT.1637497",
      "street": "URB MONTECHORO VILA PANTEÃO",
      "house": "",
      "postcode": "8200-317",
      "city": "ALBUFEIRA",
      "lon": "-8.234095289096105",
      "lat": "37.10197939067012"
    },
    {
      "id": "pt.ine.add.PTCONT.1637624",
      "street": "URB MONTECHORO VILA PANTEÃO",
      "house": "",
      "postcode": "8200-317",
      "city": "ALBUFEIRA",
      "lon": "-8.234095289096105",
      "lat": "37.10197939067012"
    },
    {
      "id": "pt.ine.add.PTCONT.1637628",
      "street": "URB MONTECHORO VILA PANTEÃO",
      "house": "",
      "postcode": "8200-317",
      "city": "ALBUFEIRA",
      "lon": "-8.234095289096105",
      "lat": "37.10197939067012"
    },
    {
      "id": "pt.ine.add.PTCONT.1649637",
      "street": "ZN CORREIRA",
      "house": "",
      "postcode": "8200-317",
      "city": "ALBUFEIRA",
      "lon": "-8.233384586848429",
      "lat": "37.100475212563474"
    },
    {
      "id": "pt.ine.add.PTCONT.1816911",
      "street": "PCT LEONARDO COIMBRA",
      "house": "",
      "postcode": "8200-112",
      "city": "ALBUFEIRA",
      "lon": "-8.235118220848815",
      "lat": "37.10140183251918"
    },
    {
      "id": "pt.ine.add.PTCONT.1816912",
      "street": "PCT LEONARDO COIMBRA",
      "house": "",
      "postcode": "8200-112",
      "city": "ALBUFEIRA",
      "lon": "-8.235118220848815",
      "lat": "37.10140183251918"
    },
    {
      "id": "pt.ine.add.PTCONT.1841692",
      "street": "URB MONTECHORO VILA PANTEÃO",
      "house": "",
      "postcode": "8200-317",
      "city": "ALBUFEIRA",
      "lon": "-8.234095289096105",
      "lat": "37.10197939067012"
    },
    {
      "id": "pt.ine.add.PTCONT.1841697",
      "street": "URB MONTECHORO VILA PANTEÃO",
      "house": "",
      "postcode": "8200-317",
      "city": "ALBUFEIRA",
      "lon": "-8.234095289096105",
      "lat": "37.10197939067012"
    },
    {
      "id": "pt.ine.add.PTCONT.1841858",
      "street": "URB MONTECHORO VILA PANTEÃO",
      "house": "",
      "postcode": "8200-317",
      "city": "ALBUFEIRA",
      "lon": "-8.234095289096105",
      "lat": "37.10197939067012"
    },
    {
      "id": "pt.ine.add.PTCONT.1841861",
      "street": "URB MONTECHORO VILA PANTEÃO",
      "house": "",
      "postcode": "8200-317",
      "city": "ALBUFEIRA",
      "lon": "-8.234095289096105",
      "lat": "37.10197939067012"
    },
    {
      "id": "pt.ine.add.PTCONT.1846900",
      "street": "PCT LEONARDO COIMBRA",
      "house": "",
      "postcode": "8200-112",
      "city": "ALBUFEIRA",
      "lon": "-8.234926920413038",
      "lat": "37.10135694360349"
    },
    {
      "id": "pt.ine.add.PTCONT.1847098",
      "street": "ESTR VALE PEDRAS",
      "house": "",
      "postcode": "8200-047",
      "city": "ALBUFEIRA",
      "lon": "-8.234209568369891",
      "lat": "37.10332188220432"
    }
  ]
}