{
  "data": {
    "distrito": "Faro",
    "concelho": "Albufeira",
    "freguesia": "Albufeira e Olhos de Água",
    "OBJECTID": 486,
    "BGRI2021": "08010604501",
    "DT21": "08",
    "DTMN21": "0801",
    "DTMNFR21": "080106",
    "DTMNFRSEC21": "080106045",
    "SECNUM21": "045",
    "SSNUM21": "01",
    "SECSSNUM21": "04501",
    "OBJECTID_1": 64749,
    "DT": "08",
    "CC": "01",
    "fr": "06",
    "SEC": "045",
    "SS": "01"
  },
  "addresses": [
    {
      "id": "pt.ine.add.PTCONT.1486779",
      "street": "R MANUEL TEIXEIRA GOMES",
      "house": "",
      "postcode": "8200-291",
      "city": "ALBUFEIRA",
      "lon": "-8.227121652379996",
      "lat": "37.10284113774683"
    },
    {
      "id": "pt.ine.add.PTCONT.1486780",
      "street": "R MANUEL TEIXEIRA GOMES",
      "house": "",
      "postcode": "8200-291",
      "city": "ALBUFEIRA",
      "lon": "-8.227121652379996",
      "lat": "37.10284113774683"
    },
    {
      "id": "pt.ine.add.PTCONT.1486781",
      "street": "R MANUEL TEIXEIRA GOMES",
      "house": "",
      "postcode": "8200-291",
      "city": "ALBUFEIRA",
      "lon": "-8.227121652379996",
      "lat": "37.10284113774683"
    },
    {
      "id": "pt.ine.add.PTCONT.1486782",
      "street": "R MANUEL TEIXEIRA GOMES",
      "house": "",
      "postcode": "8200-291",
      "city": "ALBUFEIRA",
      "lon": "-8.227121652379996",
      "lat": "37.10284113774683"
    },
    {
      "id": "pt.ine.add.PTCONT.1486783",
      "street": "R MANUEL TEIXEIRA GOMES",
      "house": "",
      "postcode": "8200-291",
      "city": "ALBUFEIRA",
      "lon": "-8.227121652379996",
      "lat": "37.10284113774683"
    },
    {
      "id": "pt.ine.add.PTCONT.1486784",
      "street": "R MANUEL TEIXEIRA GOMES",
      "house": "",
      "postcode": "8200-291",
      "city": "ALBUFEIRA",
      "lon": "-8.227121652379996",
      "lat": "37.10284113774683"
    },
    {
      "id": "pt.ine.add.PTCONT.1486785",
      "street": "R MANUEL TEIXEIRA GOMES",
      "house": "",
      "postcode": "8200-291",
      "city": "ALBUFEIRA",
      "lon": "-8.227121652379996",
      "lat": "37.10284113774683"
    },
    {
      "id": "pt.ine.add.PTCONT.1486786",
      "street": "R MANUEL TEIXEIRA GOMES",
      "house": "",
      "postcode": "8200-291",
      "city": "ALBUFEIRA",
      "lon": "-8.227121652379996",
      "lat": "37.10284113774683"
    },
    {
      "id": "pt.ine.add.PTCONT.1504415",
      "street": "R MANUEL TEIXEIRA GOMES",
      "house": "",
      "postcode": "8200-291",
      "city": "ALBUFEIRA",
      "lon": "-8.226637554316692",
      "lat": "37.10294553336477"
    },
    {
      "id": "pt.ine.add.PTCONT.1504416",
      "street": "R MANUEL TEIXEIRA GOMES",
      "house": "",
      "postcode": "8200-291",
      "city": "ALBUFEIRA",
      "lon": "-8.226637554316692",
      "lat": "37.10294553336477"
    },
    {
      "id": "pt.ine.add.PTCONT.1504417",
      "street": "R MANUEL TEIXEIRA GOMES",
      "house": "",
      "postcode": "8200-291",
      "city": "ALBUFEIRA",
      "lon": "-8.226637554316692",
      "lat": "37.10294553336477"
    },
    {
      "id": "pt.ine.add.PTCONT.1504418",
      "street": "R MANUEL TEIXEIRA GOMES",
      "house": "",
      "postcode": "8200-291",
      "city": "ALBUFEIRA",
      "lon": "-8.226637554316692",
      "lat": "37.10294553336477"
    },
    {
      "id": "pt.ine.add.PTCONT.1504419",
      "street": "R MANUEL TEIXEIRA GOMES",
      "house": "",
      "postcode": "8200-291",
      "city": "ALBUFEIRA",
      "lon": "-8.226637554316692",
      "lat": "37.10294553336477"
    },
    {
      "id": "pt.ine.add.PTCONT.1504420",
      "street": "R MANUEL TEIXEIRA GOMES",
      "house": "",
      "postcode": "8200-291",
      "city": "ALBUFEIRA",
      "lon": "-8.226637554316692",
      "lat": "37.10294553336477"
    },
    {
      "id": "pt.ine.add.PTCONT.1504421",
      "street": "R MANUEL TEIXEIRA GOMES",
      "house": "",
      "postcode": "8200-291",
      "city": "ALBUFEIRA",
      "lon": "-8.226637554316692",
      "lat": "37.10294553336477"
    },
    {
      "id": "pt.ine.add.PTCONT.1504422",
      "street": "R MANUEL TEIXEIRA GOMES",
      "house": "",
      "postcode": "8200-291",
      "city": "ALBUFEIRA",
      "lon": "-8.226637554316692",
      "lat": "37.10294553336477"
    },
    {
      "id": "pt.ine.add.PTCONT.1504423",
      "street": "R MANUEL TEIXEIRA GOMES",
      "house": "",
      "postcode": "8200-291",
      "city": "ALBUFEIRA",
      "lon": "-8.226484291606367",
      "lat": "37.102906476685604"
    },
    {
      "id": "pt.ine.add.PTCONT.1504424",
      "street": "R MANUEL TEIXEIRA GOMES",
      "house": "",
      "postcode": "8200-291",
      "city": "ALBUFEIRA",
      "lon": "-8.226484291606367",
      "lat": "37.102906476685604"
    },
    {
      "id": "pt.ine.add.PTCONT.1504425",
      "street": "R MANUEL TEIXEIRA GOMES",
      "house": "",
      "postcode": "8200-291",
      "city": "ALBUFEIRA",
      "lon": "-8.226484291606367",
      "lat": "37.102906476685604"
    },
    {
      "id": "pt.ine.add.PTCONT.1504426",
      "street": "R MANUEL TEIXEIRA GOMES",
      "house": "",
      "postcode": "8200-291",
      "city": "ALBUFEIRA",
      "lon": "-8.226484291606367",
      "lat": "37.102906476685604"
    },
    {
      "id": "pt.ine.add.PTCONT.1504427",
      "street": "R MANUEL TEIXEIRA GOMES",
      "house": "",
      "postcode": "8200-291",
      "city": "ALBUFEIRA",
      "lon": "-8.226484291606367",
      "lat": "37.102906476685604"
    },
    {
      "id": "pt.ine.add.PTCONT.1504428",
      "street": "R MANUEL TEIXEIRA GOMES",
      "house": "",
      "postcode": "8200-291",
      "city": "ALBUFEIRA",
      "lon": "-8.226484291606367",
      "lat": "37.102906476685604"
    },
    {
      "id": "pt.ine.add.PTCONT.1504429",
      "street": "R MANUEL TEIXEIRA GOMES",
      "house": "",
      "postcode": "8200-291",
      "city": "ALBUFEIRA",
      "lon": "-8.226484291606367",
      "lat": "37.102906476685604"
    },
    {
      "id": "pt.ine.add.PTCONT.1507368",
      "street": "R MANUEL TEIXEIRA GOMES",
      "house": "",
      "postcode": "8200-291",
      "city": "ALBUFEIRA",
      "lon": "-8.226484291606367",
      "lat": "37.102906476685604"
    },
    {
      "id": "pt.ine.add.PTCONT.1539400",
      "street": "R MANUEL TEIXEIRA GOMES",
      "house": "",
      "postcode": "8200-291",
      "city": "ALBUFEIRA",
      "lon": "-8.226323158233342",
      "lat": "37.10283207085255"
    },
    {
      "id": "pt.ine.add.PTCONT.1539401",
      "street": "R MANUEL TEIXEIRA GOMES",
      "house": "",
      "postcode": "8200-291",
      "city": "ALBUFEIRA",
      "lon": "-8.226323158233342",
      "lat": "37.10283207085255"
    },
    {
      "id": "pt.ine.add.PTCONT.1539402",
      "street": "R MANUEL TEIXEIRA GOMES",
      "house": "",
      "postcode": "8200-291",
      "city": "ALBUFEIRA",
      "lon": "-8.226323158233342",
      "lat": "37.10283207085255"
    },
    {
      "id": "pt.ine.add.PTCONT.1539403",
      "street": "R MANUEL TEIXEIRA GOMES",
      "house": "",
      "postcode": "8200-291",
      "city": "ALBUFEIRA",
      "lon": "-8.226323158233342",
      "lat": "37.10283207085255"
    },
    {
      "id": "pt.ine.add.PTCONT.1539404",
      "street": "R MANUEL TEIXEIRA GOMES",
      "house": "",
      "postcode": "8200-291",
      "city": "ALBUFEIRA",
      "lon": "-8.226323158233342",
      "lat": "37.10283207085255"
    },
    {
      "id": "pt.ine.add.PTCONT.1539405",
      "street": "R MANUEL TEIXEIRA GOMES",
      "house": "",
      "postcode": "8200-291",
      "city": "ALBUFEIRA",
      "lon": "-8.226323158233342",
      "lat": "37.10283207085255"
    },
    {
      "id": "pt.ine.add.PTCONT.1539406",
      "street": "R MANUEL TEIXEIRA GOMES",
      "house": "",
      "postcode": "8200-291",
      "city": "ALBUFEIRA",
      "lon": "-8.226323158233342",
      "lat": "37.10283207085255"
    },
    {
      "id": "pt.ine.add.PTCONT.1541645",
      "street": "R MANUEL TEIXEIRA GOMES",
      "house": "",
      "postcode": "8200-291",
      "city": "ALBUFEIRA",
      "lon": "-8.226323158233342",
      "lat": "37.10283207085255"
    },
    {
      "id": "pt.ine.add.PTCONT.1559318",
      "street": "R MANUEL TEIXEIRA GOMES",
      "house": "",
      "postcode": "8200-291",
      "city": "ALBUFEIRA",
      "lon": "-8.225638206362557",
      "lat": "37.10236655321565"
    },
    {
      "id": "pt.ine.add.PTCONT.1559319",
      "street": "R MANUEL TEIXEIRA GOMES",
      "house": "",
      "postcode": "8200-291",
      "city": "ALBUFEIRA",
      "lon": "-8.225638206362557",
      "lat": "37.10236655321565"
    },
    {
      "id": "pt.ine.add.PTCONT.1559320",
      "street": "R MANUEL TEIXEIRA GOMES",
      "house": "",
      "postcode": "8200-291",
      "city": "ALBUFEIRA",
      "lon": "-8.225638206362557",
      "lat": "37.10236655321565"
    },
    {
      "id": "pt.ine.add.PTCONT.1559321",
      "street": "R MANUEL TEIXEIRA GOMES",
      "house": "",
      "postcode": "8200-291",
      "city": "ALBUFEIRA",
      "lon": "-8.225638206362557",
      "lat": "37.10236655321565"
    },
    {
      "id": "pt.ine.add.PTCONT.1559322",
      "street": "R MANUEL TEIXEIRA GOMES",
      "house": "",
      "postcode": "8200-291",
      "city": "ALBUFEIRA",
      "lon": "-8.225638206362557",
      "lat": "37.10236655321565"
    },
    {
      "id": "pt.ine.add.PTCONT.1559323",
      "street": "R MANUEL TEIXEIRA GOMES",
      "house": "",
      "postcode": "8200-291",
      "city": "ALBUFEIRA",
      "lon": "-8.225638206362557",
      "lat": "37.10236655321565"
    },
    {
      "id": "pt.ine.add.PTCONT.1559324",
      "street": "R MANUEL TEIXEIRA GOMES",
      "house": "",
      "postcode": "8200-291",
      "city": "ALBUFEIRA",
      "lon": "-8.225638206362557",
      "lat": "37.10236655321565"
    },
    {
      "id": "pt.ine.add.PTCONT.1559325",
      "street": "R MANUEL TEIXEIRA GOMES",
      "house": "",
      "postcode": "8200-291",
      "city": "ALBUFEIRA",
      "lon": "-8.225638206362557",
      "lat": "37.10236655321565"
    },
    {
      "id": "pt.ine.add.PTCONT.1559326",
      "street": "R MANUEL TEIXEIRA GOMES",
      "house": "",
      "postcode": "8200-291",
      "city": "ALBUFEIRA",
      "lon": "-8.225638206362557",
      "lat": "37.10236655321565"
    },
    {
      "id": "pt.ine.add.PTCONT.1559327",
      "street": "R MANUEL TEIXEIRA GOMES",
      "house": "",
      "postcode": "8200-291",
      "city": "ALBUFEIRA",
      "lon": "-8.225638206362557",
      "lat": "37.10236655321565"
    },
    {
      "id": "pt.ine.add.PTCONT.1559328",
      "street": "R MANUEL TEIXEIRA GOMES",
      "house": "",
      "postcode": "8200-291",
      "city": "ALBUFEIRA",
      "lon": "-8.225638206362557",
      "lat": "37.10236655321565"
    },
    {
      "id": "pt.ine.add.PTCONT.1559329",
      "street": "R MANUEL TEIXEIRA GOMES",
      "house": "",
      "postcode": "8200-291",
      "city": "ALBUFEIRA",
      "lon": "-8.225638206362557",
      "lat": "37.10236655321565"
    },
    {
      "id": "pt.ine.add.PTCONT.1559330",
      "street": "R MANUEL TEIXEIRA GOMES",
      "house": "",
      "postcode": "8200-291",
      "city": "ALBUFEIRA",
      "lon": "-8.225638206362557",
      "lat": "37.10236655321565"
    },
    {
      "id": "pt.ine.add.PTCONT.1559331",
      "street": "R MANUEL TEIXEIRA GOMES",
      "house": "",
      "postcode": "8200-291",
      "city": "ALBUFEIRA",
      "lon": "-8.225638206362557",
      "lat": "37.10236655321565"
    },
    {
      "id": "pt.ine.add.PTCONT.1559332",
      "street": "R MANUEL TEIXEIRA GOMES",
      "house": "",
      "postcode": "8200-291",
      "city": "ALBUFEIRA",
      "lon": "-8.225638206362557",
      "lat": "37.10236655321565"
    },
    {
      "id": "pt.ine.add.PTCONT.1559333",
      "street": "R MANUEL TEIXEIRA GOMES",
      "house": "",
      "postcode": "8200-291",
      "city": "ALBUFEIRA",
      "lon": "-8.225638206362557",
      "lat": "37.10236655321565"
    },
    {
      "id": "pt.ine.add.PTCONT.1559334",
      "street": "R MANUEL TEIXEIRA GOMES",
      "house": "",
      "postcode": "8200-291",
      "city": "ALBUFEIRA",
      "lon": "-8.225638206362557",
      "lat": "37.10236655321565"
    },
    {
      "id": "pt.ine.add.PTCONT.1559335",
      "street": "R MANUEL TEIXEIRA GOMES",
      "house": "",
      "postcode": "8200-291",
      "city": "ALBUFEIRA",
      "lon": "-8.225638206362557",
      "lat": "37.10236655321565"
    },
    {
      "id": "pt.ine.add.PTCONT.1559336",
      "street": "R MANUEL TEIXEIRA GOMES",
      "house": "",
      "postcode": "8200-291",
      "city": "ALBUFEIRA",
      "lon": "-8.225638206362557",
      "lat": "37.10236655321565"
    },
    {
      "id": "pt.ine.add.PTCONT.1559337",
      "street": "R MANUEL TEIXEIRA GOMES",
      "house": "",
      "postcode": "8200-291",
      "city": "ALBUFEIRA",
      "lon": "-8.225638206362557",
      "lat": "37.10236655321565"
    },
    {
      "id": "pt.ine.add.PTCONT.1559338",
      "street": "R MANUEL TEIXEIRA GOMES",
      "house": "",
      "postcode": "8200-291",
      "city": "ALBUFEIRA",
      "lon": "-8.225638206362557",
      "lat": "37.10236655321565"
    },
    {
      "id": "pt.ine.add.PTCONT.1559339",
      "street": "R MANUEL TEIXEIRA GOMES",
      "house": "",
      "postcode": "8200-291",
      "city": "ALBUFEIRA",
      "lon": "-8.225638206362557",
      "lat": "37.10236655321565"
    },
    {
      "id": "pt.ine.add.PTCONT.1559340",
      "street": "R MANUEL TEIXEIRA GOMES",
      "house": "",
      "postcode": "8200-291",
      "city": "ALBUFEIRA",
      "lon": "-8.225638206362557",
      "lat": "37.10236655321565"
    },
    {
      "id": "pt.ine.add.PTCONT.1559341",
      "street": "R MANUEL TEIXEIRA GOMES",
      "house": "",
      "postcode": "8200-291",
      "city": "ALBUFEIRA",
      "lon": "-8.225638206362557",
      "lat": "37.10236655321565"
    },
    {
      "id": "pt.ine.add.PTCONT.1559342",
      "street": "R MANUEL TEIXEIRA GOMES",
      "house": "",
      "postcode": "8200-291",
      "city": "ALBUFEIRA",
      "lon": "-8.225638206362557",
      "lat": "37.10236655321565"
    },
    {
      "id": "pt.ine.add.PTCONT.1559343",
      "street": "R MANUEL TEIXEIRA GOMES",
      "house": "",
      "postcode": "8200-291",
      "city": "ALBUFEIRA",
      "lon": "-8.225638206362557",
      "lat": "37.10236655321565"
    },
    {
      "id": "pt.ine.add.PTCONT.1559344",
      "street": "R MANUEL TEIXEIRA GOMES",
      "house": "",
      "postcode": "8200-291",
      "city": "ALBUFEIRA",
      "lon": "-8.225638206362557",
      "lat": "37.10236655321565"
    },
    {
      "id": "pt.ine.add.PTCONT.1559345",
      "street": "R MANUEL TEIXEIRA GOMES",
      "house": "",
      "postcode": "8200-291",
      "city": "ALBUFEIRA",
      "lon": "-8.225638206362557",
      "lat": "37.10236655321565"
    },
    {
      "id": "pt.ine.add.PTCONT.1559346",
      "street": "R MANUEL TEIXEIRA GOMES",
      "house": "",
      "postcode": "8200-291",
      "city": "ALBUFEIRA",
      "lon": "-8.225638206362557",
      "lat": "37.10236655321565"
    },
    {
      "id": "pt.ine.add.PTCONT.1559347",
      "street": "R MANUEL TEIXEIRA GOMES",
      "house": "",
      "postcode": "8200-291",
      "city": "ALBUFEIRA",
      "lon": "-8.225638206362557",
      "lat": "37.10236655321565"
    },
    {
      "id": "pt.ine.add.PTCONT.1559348",
      "street": "R MANUEL TEIXEIRA GOMES",
      "house": "",
      "postcode": "8200-291",
      "city": "ALBUFEIRA",
      "lon": "-8.225638206362557",
      "lat": "37.10236655321565"
    },
    {
      "id": "pt.ine.add.PTCONT.1559349",
      "street": "R MANUEL TEIXEIRA GOMES",
      "house": "",
      "postcode": "8200-291",
      "city": "ALBUFEIRA",
      "lon": "-8.225638206362557",
      "lat": "37.10236655321565"
    },
    {
      "id": "pt.ine.add.PTCONT.1559350",
      "street": "R MANUEL TEIXEIRA GOMES",
      "house": "",
      "postcode": "8200-291",
      "city": "ALBUFEIRA",
      "lon": "-8.225638206362557",
      "lat": "37.10236655321565"
    },
    {
      "id": "pt.ine.add.PTCONT.1559351",
      "street": "R MANUEL TEIXEIRA GOMES",
      "house": "",
      "postcode": "8200-291",
      "city": "ALBUFEIRA",
      "lon": "-8.225638206362557",
      "lat": "37.10236655321565"
    },
    {
      "id": "pt.ine.add.PTCONT.1559617",
      "street": "R MANUEL TEIXEIRA GOMES",
      "house": "",
      "postcode": "8200-291",
      "city": "ALBUFEIRA",
      "lon": "-8.225638206362557",
      "lat": "37.10236655321565"
    },
    {
      "id": "pt.ine.add.PTCONT.1741296",
      "street": "R MANUEL TEIXEIRA GOMES",
      "house": "",
      "postcode": "8200-291",
      "city": "ALBUFEIRA",
      "lon": "-8.226169025824507",
      "lat": "37.10278341628904"
    },
    {
      "id": "pt.ine.add.PTCONT.1741297",
      "street": "R MANUEL TEIXEIRA GOMES",
      "house": "",
      "postcode": "8200-291",
      "city": "ALBUFEIRA",
      "lon": "-8.226169025824507",
      "lat": "37.10278341628904"
    },
    {
      "id": "pt.ine.add.PTCONT.1741298",
      "street": "R MANUEL TEIXEIRA GOMES",
      "house": "",
      "postcode": "8200-291",
      "city": "ALBUFEIRA",
      "lon": "-8.226169025824507",
      "lat": "37.10278341628904"
    },
    {
      "id": "pt.ine.add.PTCONT.1741299",
      "street": "R MANUEL TEIXEIRA GOMES",
      "house": "",
      "postcode": "8200-291",
      "city": "ALBUFEIRA",
      "lon": "-8.226169025824507",
      "lat": "37.10278341628904"
    },
    {
      "id": "pt.ine.add.PTCONT.1741300",
      "street": "R MANUEL TEIXEIRA GOMES",
      "house": "",
      "postcode": "8200-291",
      "city": "ALBUFEIRA",
      "lon": "-8.226169025824507",
      "lat": "37.10278341628904"
    },
    {
      "id": "pt.ine.add.PTCONT.1741301",
      "street": "R MANUEL TEIXEIRA GOMES",
      "house": "",
      "postcode": "8200-291",
      "city": "ALBUFEIRA",
      "lon": "-8.226169025824507",
      "lat": "37.10278341628904"
    },
    {
      "id": "pt.ine.add.PTCONT.1741302",
      "street": "R MANUEL TEIXEIRA GOMES",
      "house": "",
      "postcode": "8200-291",
      "city": "ALBUFEIRA",
      "lon": "-8.226169025824507",
      "lat": "37.10278341628904"
    },
    {
      "id": "pt.ine.add.PTCONT.1741471",
      "street": "R MANUEL TEIXEIRA GOMES",
      "house": "",
      "postcode": "8200-291",
      "city": "ALBUFEIRA",
      "lon": "-8.225949473605372",
      "lat": "37.102731972601426"
    },
    {
      "id": "pt.ine.add.PTCONT.1741472",
      "street": "R MANUEL TEIXEIRA GOMES",
      "house": "",
      "postcode": "8200-291",
      "city": "ALBUFEIRA",
      "lon": "-8.225949473605372",
      "lat": "37.102731972601426"
    },
    {
      "id": "pt.ine.add.PTCONT.1741473",
      "street": "R MANUEL TEIXEIRA GOMES",
      "house": "",
      "postcode": "8200-291",
      "city": "ALBUFEIRA",
      "lon": "-8.225949473605372",
      "lat": "37.102731972601426"
    },
    {
      "id": "pt.ine.add.PTCONT.1741474",
      "street": "R MANUEL TEIXEIRA GOMES",
      "house": "",
      "postcode": "8200-291",
      "city": "ALBUFEIRA",
      "lon": "-8.225949473605372",
      "lat": "37.102731972601426"
    },
    {
      "id": "pt.ine.add.PTCONT.1741476",
      "street": "R MANUEL TEIXEIRA GOMES",
      "house": "",
      "postcode": "8200-291",
      "city": "ALBUFEIRA",
      "lon": "-8.225949473605372",
      "lat": "37.102731972601426"
    },
    {
      "id": "pt.ine.add.PTCONT.1741477",
      "street": "R MANUEL TEIXEIRA GOMES",
      "house": "",
      "postcode": "8200-291",
      "city": "ALBUFEIRA",
      "lon": "-8.225949473605372",
      "lat": "37.102731972601426"
    },
    {
      "id": "pt.ine.add.PTCONT.1741478",
      "street": "R MANUEL TEIXEIRA GOMES",
      "house": "",
      "postcode": "8200-291",
      "city": "ALBUFEIRA",
      "lon": "-8.225949473605372",
      "lat": "37.102731972601426"
    },
    {
      "id": "pt.ine.add.PTCONT.1741479",
      "street": "R MANUEL TEIXEIRA GOMES",
      "house": "",
      "postcode": "8200-291",
      "city": "ALBUFEIRA",
      "lon": "-8.225949473605372",
      "lat": "37.102731972601426"
    },
    {
      "id": "pt.ine.add.PTCONT.1741480",
      "street": "R MANUEL TEIXEIRA GOMES",
      "house": "",
      "postcode": "8200-291",
      "city": "ALBUFEIRA",
      "lon": "-8.225949473605372",
      "lat": "37.102731972601426"
    },
    {
      "id": "pt.ine.add.PTCONT.1741481",
      "street": "R MANUEL TEIXEIRA GOMES URB BAIRRO ALICE",
      "house": "",
      "postcode": "8200-291",
      "city": "ALBUFEIRA",
      "lon": "-8.225949473605372",
      "lat": "37.102731972601426"
    },
    {
      "id": "pt.ine.add.PTCONT.1741482",
      "street": "R MANUEL TEIXEIRA GOMES",
      "house": "",
      "postcode": "8200-291",
      "city": "ALBUFEIRA",
      "lon": "-8.225949473605372",
      "lat": "37.102731972601426"
    },
    {
      "id": "pt.ine.add.PTCONT.1743894",
      "street": "R MANUEL TEIXEIRA GOMES",
      "house": "",
      "postcode": "8200-291",
      "city": "ALBUFEIRA",
      "lon": "-8.225949473605372",
      "lat": "37.102731972601426"
    },
    {
      "id": "pt.ine.add.PTCONT.1744349",
      "street": "R ANTÓNIO SÉRGIO",
      "house": "",
      "postcode": "8200-345",
      "city": "ALBUFEIRA",
      "lon": "-8.225118388943917",
      "lat": "37.10215789855455"
    },
    {
      "id": "pt.ine.add.PTCONT.1744350",
      "street": "R ANTÓNIO SÉRGIO",
      "house": "",
      "postcode": "8200-345",
      "city": "ALBUFEIRA",
      "lon": "-8.225118388943917",
      "lat": "37.10215789855455"
    },
    {
      "id": "pt.ine.add.PTCONT.1744351",
      "street": "R ANTÓNIO SÉRGIO",
      "house": "",
      "postcode": "8200-345",
      "city": "ALBUFEIRA",
      "lon": "-8.225118388943917",
      "lat": "37.10215789855455"
    },
    {
      "id": "pt.ine.add.PTCONT.1744352",
      "street": "R ANTÓNIO SÉRGIO",
      "house": "",
      "postcode": "8200-345",
      "city": "ALBUFEIRA",
      "lon": "-8.225118388943917",
      "lat": "37.10215789855455"
    },
    {
      "id": "pt.ine.add.PTCONT.1744353",
      "street": "R ANTÓNIO SÉRGIO",
      "house": "",
      "postcode": "8200-345",
      "city": "ALBUFEIRA",
      "lon": "-8.225118388943917",
      "lat": "37.10215789855455"
    },
    {
      "id": "pt.ine.add.PTCONT.1744354",
      "street": "R ANTÓNIO SÉRGIO",
      "house": "",
      "postcode": "8200-345",
      "city": "ALBUFEIRA",
      "lon": "-8.225118388943917",
      "lat": "37.10215789855455"
    },
    {
      "id": "pt.ine.add.PTCONT.1744355",
      "street": "R ANTÓNIO SÉRGIO",
      "house": "",
      "postcode": "8200-345",
      "city": "ALBUFEIRA",
      "lon": "-8.225118388943917",
      "lat": "37.10215789855455"
    },
    {
      "id": "pt.ine.add.PTCONT.1744356",
      "street": "R ANTÓNIO SÉRGIO",
      "house": "",
      "postcode": "8200-345",
      "city": "ALBUFEIRA",
      "lon": "-8.225118388943917",
      "lat": "37.10215789855455"
    },
    {
      "id": "pt.ine.add.PTCONT.1744357",
      "street": "R ANTÓNIO SÉRGIO",
      "house": "",
      "postcode": "8200-345",
      "city": "ALBUFEIRA",
      "lon": "-8.225118388943917",
      "lat": "37.10215789855455"
    },
    {
      "id": "pt.ine.add.PTCONT.1744358",
      "street": "R ANTÓNIO SÉRGIO",
      "house": "",
      "postcode": "8200-345",
      "city": "ALBUFEIRA",
      "lon": "-8.225118388943917",
      "lat": "37.10215789855455"
    },
    {
      "id": "pt.ine.add.PTCONT.1744359",
      "street": "R ANTÓNIO SÉRGIO",
      "house": "",
      "postcode": "8200-345",
      "city": "ALBUFEIRA",
      "lon": "-8.225118388943917",
      "lat": "37.10215789855455"
    },
    {
      "id": "pt.ine.add.PTCONT.1744360",
      "street": "R ANTÓNIO SÉRGIO",
      "house": "",
      "postcode": "8200-345",
      "city": "ALBUFEIRA",
      "lon": "-8.225118388943917",
      "lat": "37.10215789855455"
    },
    {
      "id": "pt.ine.add.PTCONT.1744361",
      "street": "R ANTÓNIO SÉRGIO",
      "house": "",
      "postcode": "8200-345",
      "city": "ALBUFEIRA",
      "lon": "-8.225118388943917",
      "lat": "37.10215789855455"
    },
    {
      "id": "pt.ine.add.PTCONT.1744363",
      "street": "R ANTÓNIO SÉRGIO",
      "house": "",
      "postcode": "8200-345",
      "city": "ALBUFEIRA",
      "lon": "-8.225118388943917",
      "lat": "37.10215789855455"
    },
    {
      "id": "pt.ine.add.PTCONT.1744364",
      "street": "R ANTÓNIO SÉRGIO",
      "house": "",
      "postcode": "8200-345",
      "city": "ALBUFEIRA",
      "lon": "-8.225118388943917",
      "lat": "37.10215789855455"
    },
    {
      "id": "pt.ine.add.PTCONT.1744365",
      "street": "R ANTÓNIO SÉRGIO",
      "house": "",
      "postcode": "8200-345",
      "city": "ALBUFEIRA",
      "lon": "-8.225118388943917",
      "lat": "37.10215789855455"
    },
    {
      "id": "pt.ine.add.PTCONT.1744366",
      "street": "R ANTÓNIO SÉRGIO",
      "house": "",
      "postcode": "8200-345",
      "city": "ALBUFEIRA",
      "lon": "-8.225118388943917",
      "lat": "37.10215789855455"
    },
    {
      "id": "pt.ine.add.PTCONT.1744367",
      "street": "R ANTÓNIO SÉRGIO",
      "house": "",
      "postcode": "8200-345",
      "city": "ALBUFEIRA",
      "lon": "-8.225118388943917",
      "lat": "37.10215789855455"
    },
    {
      "id": "pt.ine.add.PTCONT.1744368",
      "street": "R ANTÓNIO SÉRGIO",
      "house": "",
      "postcode": "8200-345",
      "city": "ALBUFEIRA",
      "lon": "-8.225118388943917",
      "lat": "37.10215789855455"
    },
    {
      "id": "pt.ine.add.PTCONT.1744369",
      "street": "R ANTÓNIO SÉRGIO",
      "house": "",
      "postcode": "8200-345",
      "city": "ALBUFEIRA",
      "lon": "-8.225118388943917",
      "lat": "37.10215789855455"
    },
    {
      "id": "pt.ine.add.PTCONT.1744370",
      "street": "R ANTÓNIO SÉRGIO",
      "house": "",
      "postcode": "8200-345",
      "city": "ALBUFEIRA",
      "lon": "-8.225118388943917",
      "lat": "37.10215789855455"
    },
    {
      "id": "pt.ine.add.PTCONT.1744371",
      "street": "R ANTÓNIO SÉRGIO",
      "house": "",
      "postcode": "8200-345",
      "city": "ALBUFEIRA",
      "lon": "-8.225118388943917",
      "lat": "37.10215789855455"
    },
    {
      "id": "pt.ine.add.PTCONT.1744372",
      "street": "R ANTÓNIO SÉRGIO",
      "house": "",
      "postcode": "8200-345",
      "city": "ALBUFEIRA",
      "lon": "-8.225118388943917",
      "lat": "37.10215789855455"
    },
    {
      "id": "pt.ine.add.PTCONT.1744373",
      "street": "R ANTÓNIO SÉRGIO",
      "house": "",
      "postcode": "8200-345",
      "city": "ALBUFEIRA",
      "lon": "-8.225118388943917",
      "lat": "37.10215789855455"
    },
    {
      "id": "pt.ine.add.PTCONT.1744374",
      "street": "R ANTÓNIO SÉRGIO",
      "house": "",
      "postcode": "8200-345",
      "city": "ALBUFEIRA",
      "lon": "-8.225118388943917",
      "lat": "37.10215789855455"
    },
    {
      "id": "pt.ine.add.PTCONT.1744375",
      "street": "R ANTÓNIO SÉRGIO",
      "house": "",
      "postcode": "8200-345",
      "city": "ALBUFEIRA",
      "lon": "-8.225118388943917",
      "lat": "37.10215789855455"
    },
    {
      "id": "pt.ine.add.PTCONT.1744376",
      "street": "R ANTÓNIO SÉRGIO",
      "house": "",
      "postcode": "8200-345",
      "city": "ALBUFEIRA",
      "lon": "-8.225118388943917",
      "lat": "37.10215789855455"
    },
    {
      "id": "pt.ine.add.PTCONT.1744378",
      "street": "R ANTÓNIO SÉRGIO",
      "house": "",
      "postcode": "8200-345",
      "city": "ALBUFEIRA",
      "lon": "-8.225118388943917",
      "lat": "37.10215789855455"
    },
    {
      "id": "pt.ine.add.PTCONT.1744379",
      "street": "R ANTÓNIO SÉRGIO",
      "house": "",
      "postcode": "8200-345",
      "city": "ALBUFEIRA",
      "lon": "-8.225118388943917",
      "lat": "37.10215789855455"
    },
    {
      "id": "pt.ine.add.PTCONT.1744380",
      "street": "R ANTÓNIO SÉRGIO",
      "house": "",
      "postcode": "8200-345",
      "city": "ALBUFEIRA",
      "lon": "-8.225118388943917",
      "lat": "37.10215789855455"
    },
    {
      "id": "pt.ine.add.PTCONT.1744381",
      "street": "R ANTÓNIO SÉRGIO",
      "house": "",
      "postcode": "8200-345",
      "city": "ALBUFEIRA",
      "lon": "-8.225118388943917",
      "lat": "37.10215789855455"
    },
    {
      "id": "pt.ine.add.PTCONT.1744382",
      "street": "R ANTÓNIO SÉRGIO",
      "house": "",
      "postcode": "8200-345",
      "city": "ALBUFEIRA",
      "lon": "-8.225118388943917",
      "lat": "37.10215789855455"
    },
    {
      "id": "pt.ine.add.PTCONT.1744383",
      "street": "R ANTÓNIO SÉRGIO",
      "house": "",
      "postcode": "8200-345",
      "city": "ALBUFEIRA",
      "lon": "-8.225118388943917",
      "lat": "37.10215789855455"
    },
    {
      "id": "pt.ine.add.PTCONT.1744384",
      "street": "R ANTÓNIO SÉRGIO",
      "house": "",
      "postcode": "8200-345",
      "city": "ALBUFEIRA",
      "lon": "-8.225118388943917",
      "lat": "37.10215789855455"
    },
    {
      "id": "pt.ine.add.PTCONT.1744385",
      "street": "R ANTÓNIO SÉRGIO",
      "house": "",
      "postcode": "8200-345",
      "city": "ALBUFEIRA",
      "lon": "-8.225118388943917",
      "lat": "37.10215789855455"
    },
    {
      "id": "pt.ine.add.PTCONT.1744386",
      "street": "R ANTÓNIO SÉRGIO",
      "house": "",
      "postcode": "8200-345",
      "city": "ALBUFEIRA",
      "lon": "-8.225118388943917",
      "lat": "37.10215789855455"
    },
    {
      "id": "pt.ine.add.PTCONT.1744387",
      "street": "R ANTÓNIO SÉRGIO",
      "house": "",
      "postcode": "8200-345",
      "city": "ALBUFEIRA",
      "lon": "-8.225118388943917",
      "lat": "37.10215789855455"
    },
    {
      "id": "pt.ine.add.PTCONT.1744388",
      "street": "R ANTÓNIO SÉRGIO",
      "house": "",
      "postcode": "8200-345",
      "city": "ALBUFEIRA",
      "lon": "-8.225118388943917",
      "lat": "37.10215789855455"
    },
    {
      "id": "pt.ine.add.PTCONT.1744389",
      "street": "R ANTÓNIO SÉRGIO",
      "house": "",
      "postcode": "8200-345",
      "city": "ALBUFEIRA",
      "lon": "-8.225118388943917",
      "lat": "37.10215789855455"
    },
    {
      "id": "pt.ine.add.PTCONT.1744390",
      "street": "R ANTÓNIO SÉRGIO",
      "house": "",
      "postcode": "8200-345",
      "city": "ALBUFEIRA",
      "lon": "-8.225118388943917",
      "lat": "37.10215789855455"
    },
    {
      "id": "pt.ine.add.PTCONT.1744392",
      "street": "R ANTÓNIO SÉRGIO",
      "house": "",
      "postcode": "8200-345",
      "city": "ALBUFEIRA",
      "lon": "-8.225118388943917",
      "lat": "37.10215789855455"
    },
    {
      "id": "pt.ine.add.PTCONT.1744393",
      "street": "R ANTÓNIO SÉRGIO",
      "house": "",
      "postcode": "8200-345",
      "city": "ALBUFEIRA",
      "lon": "-8.225118388943917",
      "lat": "37.10215789855455"
    },
    {
      "id": "pt.ine.add.PTCONT.1744394",
      "street": "R ANTÓNIO SÉRGIO",
      "house": "",
      "postcode": "8200-345",
      "city": "ALBUFEIRA",
      "lon": "-8.225118388943917",
      "lat": "37.10215789855455"
    },
    {
      "id": "pt.ine.add.PTCONT.1744395",
      "street": "R ANTÓNIO SÉRGIO",
      "house": "",
      "postcode": "8200-345",
      "city": "ALBUFEIRA",
      "lon": "-8.225118388943917",
      "lat": "37.10215789855455"
    },
    {
      "id": "pt.ine.add.PTCONT.1744396",
      "street": "R ANTÓNIO SÉRGIO",
      "house": "",
      "postcode": "8200-345",
      "city": "ALBUFEIRA",
      "lon": "-8.225118388943917",
      "lat": "37.10215789855455"
    },
    {
      "id": "pt.ine.add.PTCONT.1744397",
      "street": "R ANTÓNIO SÉRGIO",
      "house": "",
      "postcode": "8200-345",
      "city": "ALBUFEIRA",
      "lon": "-8.225118388943917",
      "lat": "37.10215789855455"
    },
    {
      "id": "pt.ine.add.PTCONT.1744398",
      "street": "R ANTÓNIO SÉRGIO",
      "house": "",
      "postcode": "8200-345",
      "city": "ALBUFEIRA",
      "lon": "-8.225118388943917",
      "lat": "37.10215789855455"
    },
    {
      "id": "pt.ine.add.PTCONT.1744399",
      "street": "R ANTÓNIO SÉRGIO",
      "house": "",
      "postcode": "8200-345",
      "city": "ALBUFEIRA",
      "lon": "-8.225118388943917",
      "lat": "37.10215789855455"
    },
    {
      "id": "pt.ine.add.PTCONT.1744400",
      "street": "R ANTÓNIO SÉRGIO",
      "house": "",
      "postcode": "8200-345",
      "city": "ALBUFEIRA",
      "lon": "-8.225118388943917",
      "lat": "37.10215789855455"
    },
    {
      "id": "pt.ine.add.PTCONT.1744401",
      "street": "R ANTÓNIO SÉRGIO",
      "house": "",
      "postcode": "8200-345",
      "city": "ALBUFEIRA",
      "lon": "-8.225118388943917",
      "lat": "37.10215789855455"
    },
    {
      "id": "pt.ine.add.PTCONT.1744402",
      "street": "R ANTÓNIO SÉRGIO",
      "house": "",
      "postcode": "8200-345",
      "city": "ALBUFEIRA",
      "lon": "-8.225118388943917",
      "lat": "37.10215789855455"
    },
    {
      "id": "pt.ine.add.PTCONT.1744403",
      "street": "R ANTÓNIO SÉRGIO",
      "house": "",
      "postcode": "8200-345",
      "city": "ALBUFEIRA",
      "lon": "-8.225118388943917",
      "lat": "37.10215789855455"
    },
    {
      "id": "pt.ine.add.PTCONT.1746615",
      "street": "R ANTÓNIO SÉRGIO",
      "house": "",
      "postcode": "8200-345",
      "city": "ALBUFEIRA",
      "lon": "-8.225118388943917",
      "lat": "37.10215789855455"
    },
    {
      "id": "pt.ine.add.PTCONT.1746701",
      "street": "R ANTÓNIO SÉRGIO",
      "house": "",
      "postcode": "8200-345",
      "city": "ALBUFEIRA",
      "lon": "-8.225118388943917",
      "lat": "37.10215789855455"
    },
    {
      "id": "pt.ine.add.PTCONT.1746702",
      "street": "R ANTÓNIO SÉRGIO",
      "house": "",
      "postcode": "8200-345",
      "city": "ALBUFEIRA",
      "lon": "-8.225118388943917",
      "lat": "37.10215789855455"
    },
    {
      "id": "pt.ine.add.PTCONT.1746703",
      "street": "R ANTÓNIO SÉRGIO",
      "house": "",
      "postcode": "8200-345",
      "city": "ALBUFEIRA",
      "lon": "-8.225118388943917",
      "lat": "37.10215789855455"
    },
    {
      "id": "pt.ine.add.PTCONT.1746704",
      "street": "R ANTÓNIO SÉRGIO",
      "house": "",
      "postcode": "8200-345",
      "city": "ALBUFEIRA",
      "lon": "-8.225118388943917",
      "lat": "37.10215789855455"
    },
    {
      "id": "pt.ine.add.PTCONT.1746705",
      "street": "R ANTÓNIO SÉRGIO",
      "house": "",
      "postcode": "8200-345",
      "city": "ALBUFEIRA",
      "lon": "-8.225118388943917",
      "lat": "37.10215789855455"
    },
    {
      "id": "pt.ine.add.PTCONT.1746706",
      "street": "R ANTÓNIO SÉRGIO",
      "house": "",
      "postcode": "8200-345",
      "city": "ALBUFEIRA",
      "lon": "-8.225118388943917",
      "lat": "37.10215789855455"
    },
    {
      "id": "pt.ine.add.PTCONT.1746707",
      "street": "R ANTÓNIO SÉRGIO",
      "house": "",
      "postcode": "8200-345",
      "city": "ALBUFEIRA",
      "lon": "-8.225118388943917",
      "lat": "37.10215789855455"
    },
    {
      "id": "pt.ine.add.PTCONT.1746708",
      "street": "R ANTÓNIO SÉRGIO",
      "house": "",
      "postcode": "8200-345",
      "city": "ALBUFEIRA",
      "lon": "-8.225118388943917",
      "lat": "37.10215789855455"
    },
    {
      "id": "pt.ine.add.PTCONT.1746709",
      "street": "R ANTÓNIO SÉRGIO",
      "house": "",
      "postcode": "8200-345",
      "city": "ALBUFEIRA",
      "lon": "-8.225118388943917",
      "lat": "37.10215789855455"
    },
    {
      "id": "pt.ine.add.PTCONT.1746710",
      "street": "R ANTÓNIO SÉRGIO",
      "house": "",
      "postcode": "8200-345",
      "city": "ALBUFEIRA",
      "lon": "-8.225118388943917",
      "lat": "37.10215789855455"
    },
    {
      "id": "pt.ine.add.PTCONT.1746711",
      "street": "R ANTÓNIO SÉRGIO",
      "house": "",
      "postcode": "8200-345",
      "city": "ALBUFEIRA",
      "lon": "-8.225118388943917",
      "lat": "37.10215789855455"
    },
    {
      "id": "pt.ine.add.PTCONT.1746712",
      "street": "R ANTÓNIO SÉRGIO",
      "house": "",
      "postcode": "8200-345",
      "city": "ALBUFEIRA",
      "lon": "-8.225118388943917",
      "lat": "37.10215789855455"
    },
    {
      "id": "pt.ine.add.PTCONT.1746713",
      "street": "R ANTÓNIO SÉRGIO",
      "house": "",
      "postcode": "8200-345",
      "city": "ALBUFEIRA",
      "lon": "-8.225118388943917",
      "lat": "37.10215789855455"
    },
    {
      "id": "pt.ine.add.PTCONT.1774742",
      "street": "R MANUEL TEIXEIRA GOMES",
      "house": "",
      "postcode": "8200-291",
      "city": "ALBUFEIRA",
      "lon": "-8.22599631474053",
      "lat": "37.1025356620203"
    },
    {
      "id": "pt.ine.add.PTCONT.1774743",
      "street": "R MANUEL TEIXEIRA GOMES",
      "house": "",
      "postcode": "8200-291",
      "city": "ALBUFEIRA",
      "lon": "-8.22599631474053",
      "lat": "37.1025356620203"
    },
    {
      "id": "pt.ine.add.PTCONT.1774744",
      "street": "R MANUEL TEIXEIRA GOMES",
      "house": "",
      "postcode": "8200-291",
      "city": "ALBUFEIRA",
      "lon": "-8.22599631474053",
      "lat": "37.1025356620203"
    },
    {
      "id": "pt.ine.add.PTCONT.1774745",
      "street": "R MANUEL TEIXEIRA GOMES",
      "house": "",
      "postcode": "8200-291",
      "city": "ALBUFEIRA",
      "lon": "-8.22599631474053",
      "lat": "37.1025356620203"
    },
    {
      "id": "pt.ine.add.PTCONT.1774746",
      "street": "R MANUEL TEIXEIRA GOMES",
      "house": "",
      "postcode": "8200-291",
      "city": "ALBUFEIRA",
      "lon": "-8.22599631474053",
      "lat": "37.1025356620203"
    },
    {
      "id": "pt.ine.add.PTCONT.1774747",
      "street": "R MANUEL TEIXEIRA GOMES",
      "house": "",
      "postcode": "8200-291",
      "city": "ALBUFEIRA",
      "lon": "-8.22599631474053",
      "lat": "37.1025356620203"
    },
    {
      "id": "pt.ine.add.PTCONT.1774750",
      "street": "R MANUEL TEIXEIRA GOMES",
      "house": "",
      "postcode": "8200-291",
      "city": "ALBUFEIRA",
      "lon": "-8.22599631474053",
      "lat": "37.1025356620203"
    },
    {
      "id": "pt.ine.add.PTCONT.1831675",
      "street": "R MANUEL TEIXEIRA GOMES",
      "house": "",
      "postcode": "8200-291",
      "city": "ALBUFEIRA",
      "lon": "-8.22700426987694",
      "lat": "37.10304504746606"
    },
    {
      "id": "pt.ine.add.PTCONT.1831766",
      "street": "R MANUEL TEIXEIRA GOMES",
      "house": "",
      "postcode": "8200-291",
      "city": "ALBUFEIRA",
      "lon": "-8.22700426987694",
      "lat": "37.10304504746606"
    },
    {
      "id": "pt.ine.add.PTCONT.1831767",
      "street": "R MANUEL TEIXEIRA GOMES",
      "house": "",
      "postcode": "8200-291",
      "city": "ALBUFEIRA",
      "lon": "-8.22700426987694",
      "lat": "37.10304504746606"
    },
    {
      "id": "pt.ine.add.PTCONT.1831768",
      "street": "R MANUEL TEIXEIRA GOMES",
      "house": "",
      "postcode": "8200-291",
      "city": "ALBUFEIRA",
      "lon": "-8.22700426987694",
      "lat": "37.10304504746606"
    },
    {
      "id": "pt.ine.add.PTCONT.1831769",
      "street": "R MANUEL TEIXEIRA GOMES",
      "house": "",
      "postcode": "8200-291",
      "city": "ALBUFEIRA",
      "lon": "-8.22700426987694",
      "lat": "37.10304504746606"
    },
    {
      "id": "pt.ine.add.PTCONT.1831770",
      "street": "R MANUEL TEIXEIRA GOMES",
      "house": "",
      "postcode": "8200-291",
      "city": "ALBUFEIRA",
      "lon": "-8.22700426987694",
      "lat": "37.10304504746606"
    },
    {
      "id": "pt.ine.add.PTCONT.1831771",
      "street": "R MANUEL TEIXEIRA GOMES",
      "house": "",
      "postcode": "8200-291",
      "city": "ALBUFEIRA",
      "lon": "-8.22700426987694",
      "lat": "37.10304504746606"
    },
    {
      "id": "pt.ine.add.PTCONT.1831772",
      "street": "R MANUEL TEIXEIRA GOMES",
      "house": "",
      "postcode": "8200-291",
      "city": "ALBUFEIRA",
      "lon": "-8.22700426987694",
      "lat": "37.10304504746606"
    },
    {
      "id": "pt.ine.add.PTCONT.1831773",
      "street": "R MANUEL TEIXEIRA GOMES",
      "house": "",
      "postcode": "8200-291",
      "city": "ALBUFEIRA",
      "lon": "-8.22700426987694",
      "lat": "37.10304504746606"
    },
    {
      "id": "pt.ine.add.PTCONT.1831774",
      "street": "R MANUEL TEIXEIRA GOMES",
      "house": "",
      "postcode": "8200-291",
      "city": "ALBUFEIRA",
      "lon": "-8.22700426987694",
      "lat": "37.10304504746606"
    },
    {
      "id": "pt.ine.add.PTCONT.1832551",
      "street": "R MANUEL TEIXEIRA GOMES",
      "house": "",
      "postcode": "8200-291",
      "city": "ALBUFEIRA",
      "lon": "-8.22700426987694",
      "lat": "37.10304504746606"
    },
    {
      "id": "pt.ine.add.PTCONT.1832891",
      "street": "R MANUEL TEIXEIRA GOMES",
      "house": "",
      "postcode": "8200-291",
      "city": "ALBUFEIRA",
      "lon": "-8.22700426987694",
      "lat": "37.10304504746606"
    },
    {
      "id": "pt.ine.add.PTCONT.1833013",
      "street": "R MANUEL TEIXEIRA GOMES",
      "house": "",
      "postcode": "8200-291",
      "city": "ALBUFEIRA",
      "lon": "-8.226815283105699",
      "lat": "37.10299201332211"
    },
    {
      "id": "pt.ine.add.PTCONT.1833014",
      "street": "R MANUEL TEIXEIRA GOMES",
      "house": "",
      "postcode": "8200-291",
      "city": "ALBUFEIRA",
      "lon": "-8.226815283105699",
      "lat": "37.10299201332211"
    },
    {
      "id": "pt.ine.add.PTCONT.1833015",
      "street": "R MANUEL TEIXEIRA GOMES",
      "house": "",
      "postcode": "8200-291",
      "city": "ALBUFEIRA",
      "lon": "-8.226815283105699",
      "lat": "37.10299201332211"
    },
    {
      "id": "pt.ine.add.PTCONT.1833016",
      "street": "R MANUEL TEIXEIRA GOMES",
      "house": "",
      "postcode": "8200-291",
      "city": "ALBUFEIRA",
      "lon": "-8.226815283105699",
      "lat": "37.10299201332211"
    },
    {
      "id": "pt.ine.add.PTCONT.1833017",
      "street": "R MANUEL TEIXEIRA GOMES",
      "house": "",
      "postcode": "8200-291",
      "city": "ALBUFEIRA",
      "lon": "-8.226815283105699",
      "lat": "37.10299201332211"
    },
    {
      "id": "pt.ine.add.PTCONT.1833018",
      "street": "R MANUEL TEIXEIRA GOMES",
      "house": "",
      "postcode": "8200-291",
      "city": "ALBUFEIRA",
      "lon": "-8.226815283105699",
      "lat": "37.10299201332211"
    },
    {
      "id": "pt.ine.add.PTCONT.1833019",
      "street": "R MANUEL TEIXEIRA GOMES",
      "house": "",
      "postcode": "8200-291",
      "city": "ALBUFEIRA",
      "lon": "-8.226815283105699",
      "lat": "37.10299201332211"
    },
    {
      "id": "pt.ine.add.PTCONT.1833020",
      "street": "R MANUEL TEIXEIRA GOMES",
      "house": "",
      "postcode": "8200-291",
      "city": "ALBUFEIRA",
      "lon": "-8.226815283105699",
      "lat": "37.10299201332211"
    },
    {
      "id": "pt.ine.add.PTCONT.1843773",
      "street": "R MANUEL TEIXEIRA GOMES",
      "house": "",
      "postcode": "8200-291",
      "city": "ALBUFEIRA",
      "lon": "-8.22599631474053",
      "lat": "37.1025356620203"
    },
    {
      "id": "pt.ine.add.PTCONT.1844216",
      "street": "R ANTÓNIO SÉRGIO",
      "house": "",
      "postcode": "8200-345",
      "city": "ALBUFEIRA",
      "lon": "-8.225118388943917",
      "lat": "37.10215789855455"
    },
    {
      "id": "pt.ine.add.PTCONT.1844931",
      "street": "R ANTÓNIO SÉRGIO",
      "house": "",
      "postcode": "8200-345",
      "city": "ALBUFEIRA",
      "lon": "-8.225118388943917",
      "lat": "37.10215789855455"
    },
    {
      "id": "pt.ine.add.PTCONT.1845439",
      "street": "R MANUEL TEIXEIRA GOMES",
      "house": "",
      "postcode": "8200-291",
      "city": "ALBUFEIRA",
      "lon": "-8.226169025824507",
      "lat": "37.10278341628904"
    },
    {
      "id": "pt.ine.add.PTCONT.1846884",
      "street": "R MANUEL TEIXEIRA GOMES",
      "house": "",
      "postcode": "8200-291",
      "city": "ALBUFEIRA",
      "lon": "-8.225638206362557",
      "lat": "37.10236655321565"
    }
  ]
}