{
  "data": {
    "distrito": "Faro",
    "concelho": "Albufeira",
    "freguesia": "Albufeira e Olhos de Água",
    "OBJECTID": 458,
    "BGRI2021": "08010604506",
    "DT21": "08",
    "DTMN21": "0801",
    "DTMNFR21": "080106",
    "DTMNFRSEC21": "080106045",
    "SECNUM21": "045",
    "SSNUM21": "06",
    "SECSSNUM21": "04506",
    "OBJECTID_1": 64679,
    "DT": "08",
    "CC": "01",
    "fr": "06",
    "SEC": "045",
    "SS": "06"
  },
  "addresses": [
    {
      "id": "pt.ine.add.PTCONT.1472149",
      "street": "URB BREJOS",
      "house": "7",
      "postcode": "8200-317",
      "city": "ALBUFEIRA",
      "lon": "-8.230470036387135",
      "lat": "37.10849712995602"
    },
    {
      "id": "pt.ine.add.PTCONT.1472162",
      "street": "URB SOLAR DOS VILARINHOS",
      "house": "",
      "postcode": "8200-317",
      "city": "ALBUFEIRA",
      "lon": "-8.22869737119451",
      "lat": "37.10345260311695"
    },
    {
      "id": "pt.ine.add.PTCONT.1472163",
      "street": "URB SOLAR DOS VILARINHOS",
      "house": "",
      "postcode": "8200-317",
      "city": "ALBUFEIRA",
      "lon": "-8.22869737119451",
      "lat": "37.10345260311695"
    },
    {
      "id": "pt.ine.add.PTCONT.1472164",
      "street": "URB SOLAR DOS VILARINHOS",
      "house": "",
      "postcode": "8200-317",
      "city": "ALBUFEIRA",
      "lon": "-8.22869737119451",
      "lat": "37.10345260311695"
    },
    {
      "id": "pt.ine.add.PTCONT.1472165",
      "street": "URB SOLAR DOS VILARINHOS",
      "house": "",
      "postcode": "8200-317",
      "city": "ALBUFEIRA",
      "lon": "-8.22869737119451",
      "lat": "37.10345260311695"
    },
    {
      "id": "pt.ine.add.PTCONT.1472166",
      "street": "URB SOLAR DOS VILARINHOS",
      "house": "",
      "postcode": "8200-317",
      "city": "ALBUFEIRA",
      "lon": "-8.22869737119451",
      "lat": "37.10345260311695"
    },
    {
      "id": "pt.ine.add.PTCONT.1478469",
      "street": "URB SOLAR DOS VILARINHOS",
      "house": "5",
      "postcode": "8200-291",
      "city": "ALBUFEIRA",
      "lon": "-8.2287883549723",
      "lat": "37.104236457369424"
    },
    {
      "id": "pt.ine.add.PTCONT.1478470",
      "street": "URB SOLAR DOS VILARINHOS",
      "house": "5",
      "postcode": "8200-291",
      "city": "ALBUFEIRA",
      "lon": "-8.2287883549723",
      "lat": "37.104236457369424"
    },
    {
      "id": "pt.ine.add.PTCONT.1478471",
      "street": "URB SOLAR DOS VILARINHOS",
      "house": "5",
      "postcode": "8200-291",
      "city": "ALBUFEIRA",
      "lon": "-8.2287883549723",
      "lat": "37.104236457369424"
    },
    {
      "id": "pt.ine.add.PTCONT.1478472",
      "street": "URB SOLAR DOS VILARINHOS",
      "house": "5",
      "postcode": "8200-291",
      "city": "ALBUFEIRA",
      "lon": "-8.2287883549723",
      "lat": "37.104236457369424"
    },
    {
      "id": "pt.ine.add.PTCONT.1484714",
      "street": "URB BREJOS",
      "house": "8",
      "postcode": "8200-317",
      "city": "ALBUFEIRA",
      "lon": "-8.23062755453182",
      "lat": "37.108506011166256"
    },
    {
      "id": "pt.ine.add.PTCONT.1489840",
      "street": "ESTR BREJOS",
      "house": "",
      "postcode": "8200-317",
      "city": "ALBUFEIRA",
      "lon": "-8.229648466077487",
      "lat": "37.108272535326165"
    },
    {
      "id": "pt.ine.add.PTCONT.1495073",
      "street": "ESTR BREJOS",
      "house": "222A",
      "postcode": "8200-317",
      "city": "ALBUFEIRA",
      "lon": "-8.229971010992296",
      "lat": "37.10535281914102"
    },
    {
      "id": "pt.ine.add.PTCONT.1502321",
      "street": "URB SOLAR DOS VILARINMOS",
      "house": "",
      "postcode": "8200-317",
      "city": "ALBUFEIRA",
      "lon": "-8.227887750195038",
      "lat": "37.10374159422"
    },
    {
      "id": "pt.ine.add.PTCONT.1502322",
      "street": "URB SOLAR DOS VILARINMOS",
      "house": "",
      "postcode": "8200-317",
      "city": "ALBUFEIRA",
      "lon": "-8.227887750195038",
      "lat": "37.10374159422"
    },
    {
      "id": "pt.ine.add.PTCONT.1502415",
      "street": "URB SOLAR DOS VILARINMOS",
      "house": "",
      "postcode": "8200-317",
      "city": "ALBUFEIRA",
      "lon": "-8.227887750195038",
      "lat": "37.10374159422"
    },
    {
      "id": "pt.ine.add.PTCONT.1510072",
      "street": "ESTR BREJOS",
      "house": "",
      "postcode": "8200-317",
      "city": "ALBUFEIRA",
      "lon": "-8.229975428788237",
      "lat": "37.10882191863408"
    },
    {
      "id": "pt.ine.add.PTCONT.1518628",
      "street": "URB SOLAR DOS VILARINHOS",
      "house": "",
      "postcode": "8200-291",
      "city": "ALBUFEIRA",
      "lon": "-8.228484191259808",
      "lat": "37.103903307910194"
    },
    {
      "id": "pt.ine.add.PTCONT.1518629",
      "street": "URB SOLAR DOS VILARINHOS",
      "house": "",
      "postcode": "8200-291",
      "city": "ALBUFEIRA",
      "lon": "-8.228484191259808",
      "lat": "37.103903307910194"
    },
    {
      "id": "pt.ine.add.PTCONT.1518630",
      "street": "URB SOLAR DOS VILARINHOS",
      "house": "",
      "postcode": "8200-291",
      "city": "ALBUFEIRA",
      "lon": "-8.228484191259808",
      "lat": "37.103903307910194"
    },
    {
      "id": "pt.ine.add.PTCONT.1518631",
      "street": "URB SOLAR DOS VILARINHOS",
      "house": "",
      "postcode": "8200-291",
      "city": "ALBUFEIRA",
      "lon": "-8.228484191259808",
      "lat": "37.103903307910194"
    },
    {
      "id": "pt.ine.add.PTCONT.1518760",
      "street": "URB SOLAR DOS VILARINHOS",
      "house": "",
      "postcode": "8200-291",
      "city": "ALBUFEIRA",
      "lon": "-8.228484191259808",
      "lat": "37.103903307910194"
    },
    {
      "id": "pt.ine.add.PTCONT.1519562",
      "street": "ESTR BREJOS",
      "house": "",
      "postcode": "8200-317",
      "city": "ALBUFEIRA",
      "lon": "-8.230626768946369",
      "lat": "37.10789328722708"
    },
    {
      "id": "pt.ine.add.PTCONT.1523945",
      "street": "URB SOLAR DOS VILARINHOS",
      "house": "",
      "postcode": "8200-317",
      "city": "ALBUFEIRA",
      "lon": "-8.22825873333237",
      "lat": "37.10353405186927"
    },
    {
      "id": "pt.ine.add.PTCONT.1523946",
      "street": "URB SOLAR DOS VILARINHOS",
      "house": "",
      "postcode": "8200-317",
      "city": "ALBUFEIRA",
      "lon": "-8.22825873333237",
      "lat": "37.10353405186927"
    },
    {
      "id": "pt.ine.add.PTCONT.1523947",
      "street": "URB SOLAR VILARINHOS",
      "house": "1 DTO",
      "postcode": "8200-317",
      "city": "ALBUFEIRA",
      "lon": "-8.22825873333237",
      "lat": "37.10353405186927"
    },
    {
      "id": "pt.ine.add.PTCONT.1523948",
      "street": "URB SOLAR DOS VILARINHOS",
      "house": "",
      "postcode": "8200-317",
      "city": "ALBUFEIRA",
      "lon": "-8.22825873333237",
      "lat": "37.10353405186927"
    },
    {
      "id": "pt.ine.add.PTCONT.1523949",
      "street": "URB SOLAR DOS VILARINHOS",
      "house": "",
      "postcode": "8200-317",
      "city": "ALBUFEIRA",
      "lon": "-8.22825873333237",
      "lat": "37.10353405186927"
    },
    {
      "id": "pt.ine.add.PTCONT.1533235",
      "street": "R MANUEL TEIXEIRA GOMES A",
      "house": "A",
      "postcode": "8200-291",
      "city": "ALBUFEIRA",
      "lon": "-8.229733902442721",
      "lat": "37.10467721304965"
    },
    {
      "id": "pt.ine.add.PTCONT.1533236",
      "street": "R MANUEL TEIXEIRA GOMES B",
      "house": "B",
      "postcode": "8200-291",
      "city": "ALBUFEIRA",
      "lon": "-8.229733902442721",
      "lat": "37.10467721304965"
    },
    {
      "id": "pt.ine.add.PTCONT.1533237",
      "street": "R MANUEL TEIXEIRA GOMES C",
      "house": "C",
      "postcode": "8200-291",
      "city": "ALBUFEIRA",
      "lon": "-8.229733902442721",
      "lat": "37.10467721304965"
    },
    {
      "id": "pt.ine.add.PTCONT.1533238",
      "street": "R MANUEL TEIXEIRA GOMES",
      "house": "",
      "postcode": "8200-291",
      "city": "ALBUFEIRA",
      "lon": "-8.229733902442721",
      "lat": "37.10467721304965"
    },
    {
      "id": "pt.ine.add.PTCONT.1533239",
      "street": "R MANUEL TEIXEIRA GOMES L",
      "house": "L",
      "postcode": "8200-291",
      "city": "ALBUFEIRA",
      "lon": "-8.229733902442721",
      "lat": "37.10467721304965"
    },
    {
      "id": "pt.ine.add.PTCONT.1533240",
      "street": "R MANUEL TEIXEIRA GOMES",
      "house": "",
      "postcode": "8200-291",
      "city": "ALBUFEIRA",
      "lon": "-8.229733902442721",
      "lat": "37.10467721304965"
    },
    {
      "id": "pt.ine.add.PTCONT.1533241",
      "street": "R MANUEL TEIXEIRA GOMES P",
      "house": "P",
      "postcode": "8200-291",
      "city": "ALBUFEIRA",
      "lon": "-8.229733902442721",
      "lat": "37.10467721304965"
    },
    {
      "id": "pt.ine.add.PTCONT.1533242",
      "street": "R MANUEL TEIXEIRA GOMES",
      "house": "2",
      "postcode": "8200-291",
      "city": "ALBUFEIRA",
      "lon": "-8.229733902442721",
      "lat": "37.10467721304965"
    },
    {
      "id": "pt.ine.add.PTCONT.1533243",
      "street": "R MANUEL TEIXEIRA GOMES AA",
      "house": "AA",
      "postcode": "8200-291",
      "city": "ALBUFEIRA",
      "lon": "-8.229733902442721",
      "lat": "37.10467721304965"
    },
    {
      "id": "pt.ine.add.PTCONT.1533244",
      "street": "R MANUEL TEIXEIRA GOMES AB",
      "house": "AB",
      "postcode": "8200-291",
      "city": "ALBUFEIRA",
      "lon": "-8.229733902442721",
      "lat": "37.10467721304965"
    },
    {
      "id": "pt.ine.add.PTCONT.1533245",
      "street": "R MANUEL TEIXEIRA GOMES AC",
      "house": "AC",
      "postcode": "8200-291",
      "city": "ALBUFEIRA",
      "lon": "-8.229733902442721",
      "lat": "37.10467721304965"
    },
    {
      "id": "pt.ine.add.PTCONT.1533246",
      "street": "R MANUEL TEIXEIRA GOMES AD",
      "house": "AD",
      "postcode": "8200-291",
      "city": "ALBUFEIRA",
      "lon": "-8.229733902442721",
      "lat": "37.10467721304965"
    },
    {
      "id": "pt.ine.add.PTCONT.1533247",
      "street": "R MANUEL TEIXEIRA GOMES AM",
      "house": "AM",
      "postcode": "8200-291",
      "city": "ALBUFEIRA",
      "lon": "-8.229733902442721",
      "lat": "37.10467721304965"
    },
    {
      "id": "pt.ine.add.PTCONT.1533248",
      "street": "R MANUEL TEIXEIRA GOMES AN",
      "house": "AN",
      "postcode": "8200-291",
      "city": "ALBUFEIRA",
      "lon": "-8.229733902442721",
      "lat": "37.10467721304965"
    },
    {
      "id": "pt.ine.add.PTCONT.1533249",
      "street": "R MANUEL TEIXEIRA GOMES AO",
      "house": "AO",
      "postcode": "8200-291",
      "city": "ALBUFEIRA",
      "lon": "-8.229733902442721",
      "lat": "37.10467721304965"
    },
    {
      "id": "pt.ine.add.PTCONT.1535822",
      "street": "R MANUEL TEIXEIRA GOMES",
      "house": "4",
      "postcode": "8200-291",
      "city": "ALBUFEIRA",
      "lon": "-8.229733902442721",
      "lat": "37.10467721304965"
    },
    {
      "id": "pt.ine.add.PTCONT.1535915",
      "street": "R MANUEL TEIXEIRA GOMES N",
      "house": "N",
      "postcode": "8200-291",
      "city": "ALBUFEIRA",
      "lon": "-8.229733902442721",
      "lat": "37.10467721304965"
    },
    {
      "id": "pt.ine.add.PTCONT.1539085",
      "street": "BREJOS",
      "house": "455 K",
      "postcode": "8200-317",
      "city": "ALBUFEIRA",
      "lon": "-8.226118043100035",
      "lat": "37.11008649873313"
    },
    {
      "id": "pt.ine.add.PTCONT.1547508",
      "street": "ESTR BREJOS",
      "house": "",
      "postcode": "8200-317",
      "city": "ALBUFEIRA",
      "lon": "-8.230535854100834",
      "lat": "37.10718152008559"
    },
    {
      "id": "pt.ine.add.PTCONT.1561002",
      "street": "",
      "house": "",
      "postcode": "8200-317",
      "city": "ALBUFEIRA",
      "lon": "-8.226467003058453",
      "lat": "37.11023940558807"
    },
    {
      "id": "pt.ine.add.PTCONT.1568661",
      "street": "ESTR BREJOS",
      "house": "310 A",
      "postcode": "8200-317",
      "city": "ALBUFEIRA",
      "lon": "-8.230738266549094",
      "lat": "37.10710926834083"
    },
    {
      "id": "pt.ine.add.PTCONT.1576737",
      "street": "URB SOLAR DOS VILARINHOS",
      "house": "2",
      "postcode": "8200-291",
      "city": "ALBUFEIRA",
      "lon": "-8.228911547184012",
      "lat": "37.10379483545595"
    },
    {
      "id": "pt.ine.add.PTCONT.1576738",
      "street": "URB SOLAR DOS VILARINHOS",
      "house": "2",
      "postcode": "8200-291",
      "city": "ALBUFEIRA",
      "lon": "-8.228911547184012",
      "lat": "37.10379483545595"
    },
    {
      "id": "pt.ine.add.PTCONT.1576739",
      "street": "URB SOLAR DOS VILARINHOS",
      "house": "2",
      "postcode": "8200-291",
      "city": "ALBUFEIRA",
      "lon": "-8.228911547184012",
      "lat": "37.10379483545595"
    },
    {
      "id": "pt.ine.add.PTCONT.1576740",
      "street": "URB SOLAR DOS VILARINHOS",
      "house": "2",
      "postcode": "8200-291",
      "city": "ALBUFEIRA",
      "lon": "-8.228911547184012",
      "lat": "37.10379483545595"
    },
    {
      "id": "pt.ine.add.PTCONT.1576870",
      "street": "URB SOLAR DOS VILARINHOS",
      "house": "2",
      "postcode": "8200-291",
      "city": "ALBUFEIRA",
      "lon": "-8.228911547184012",
      "lat": "37.10379483545595"
    },
    {
      "id": "pt.ine.add.PTCONT.1578125",
      "street": "URB BREJOS",
      "house": "2",
      "postcode": "8200-317",
      "city": "ALBUFEIRA",
      "lon": "-8.230425322727838",
      "lat": "37.10872243303901"
    },
    {
      "id": "pt.ine.add.PTCONT.1580194",
      "street": "URB SOLAR DOS VILARINHOS",
      "house": "3A",
      "postcode": "8200-291",
      "city": "ALBUFEIRA",
      "lon": "-8.228877911293207",
      "lat": "37.10388496925106"
    },
    {
      "id": "pt.ine.add.PTCONT.1580195",
      "street": "URB SOLAR DOS VILARINHOS",
      "house": "3A",
      "postcode": "8200-291",
      "city": "ALBUFEIRA",
      "lon": "-8.228877911293207",
      "lat": "37.10388496925106"
    },
    {
      "id": "pt.ine.add.PTCONT.1582961",
      "street": "URB SOLAR DOS VILARINHOS",
      "house": "",
      "postcode": "8200-291",
      "city": "ALBUFEIRA",
      "lon": "-8.228315793970406",
      "lat": "37.10418277376469"
    },
    {
      "id": "pt.ine.add.PTCONT.1582962",
      "street": "URB SOLAR DOS VILARINHOS",
      "house": "",
      "postcode": "8200-291",
      "city": "ALBUFEIRA",
      "lon": "-8.228315793970406",
      "lat": "37.10418277376469"
    },
    {
      "id": "pt.ine.add.PTCONT.1582963",
      "street": "URB SOLAR DOS VILARINHOS",
      "house": "",
      "postcode": "8200-291",
      "city": "ALBUFEIRA",
      "lon": "-8.228315793970406",
      "lat": "37.10418277376469"
    },
    {
      "id": "pt.ine.add.PTCONT.1582964",
      "street": "URB SOLAR DOS VILARINHOS",
      "house": "",
      "postcode": "8200-291",
      "city": "ALBUFEIRA",
      "lon": "-8.228315793970406",
      "lat": "37.10418277376469"
    },
    {
      "id": "pt.ine.add.PTCONT.1582965",
      "street": "URB SOLAR DOS VILARINHOS",
      "house": "",
      "postcode": "8200-291",
      "city": "ALBUFEIRA",
      "lon": "-8.228315793970406",
      "lat": "37.10418277376469"
    },
    {
      "id": "pt.ine.add.PTCONT.1582966",
      "street": "URB SOLAR DOS VILARINHOS",
      "house": "",
      "postcode": "8200-291",
      "city": "ALBUFEIRA",
      "lon": "-8.228315793970406",
      "lat": "37.10418277376469"
    },
    {
      "id": "pt.ine.add.PTCONT.1582967",
      "street": "URB SOLAR DOS VILARINHOS",
      "house": "",
      "postcode": "8200-291",
      "city": "ALBUFEIRA",
      "lon": "-8.228315793970406",
      "lat": "37.10418277376469"
    },
    {
      "id": "pt.ine.add.PTCONT.1582969",
      "street": "URB SOLAR DOS VILARINHOS",
      "house": "",
      "postcode": "8200-291",
      "city": "ALBUFEIRA",
      "lon": "-8.228315793970406",
      "lat": "37.10418277376469"
    },
    {
      "id": "pt.ine.add.PTCONT.1582970",
      "street": "URB SOLAR DOS VILARINHOS",
      "house": "",
      "postcode": "8200-291",
      "city": "ALBUFEIRA",
      "lon": "-8.228315793970406",
      "lat": "37.10418277376469"
    },
    {
      "id": "pt.ine.add.PTCONT.1585021",
      "street": "URB SOLAR DOS VILARINHOS",
      "house": "",
      "postcode": "8200-291",
      "city": "ALBUFEIRA",
      "lon": "-8.228315793970406",
      "lat": "37.10418277376469"
    },
    {
      "id": "pt.ine.add.PTCONT.1591556",
      "street": "URB BREJOS",
      "house": "4",
      "postcode": "8200-317",
      "city": "ALBUFEIRA",
      "lon": "-8.229997654345237",
      "lat": "37.108605644756636"
    },
    {
      "id": "pt.ine.add.PTCONT.1594225",
      "street": "R MANUEL TEIXEIRA GOMES H",
      "house": "H",
      "postcode": "8200-291",
      "city": "ALBUFEIRA",
      "lon": "-8.229530696010483",
      "lat": "37.104118717448216"
    },
    {
      "id": "pt.ine.add.PTCONT.1594226",
      "street": "R MANUEL TEIXEIRA GOMES",
      "house": "",
      "postcode": "8200-291",
      "city": "ALBUFEIRA",
      "lon": "-8.229530696010483",
      "lat": "37.104118717448216"
    },
    {
      "id": "pt.ine.add.PTCONT.1594227",
      "street": "R MANUEL TEIXEIRA GOMES",
      "house": "5",
      "postcode": "8200-291",
      "city": "ALBUFEIRA",
      "lon": "-8.229530696010483",
      "lat": "37.104118717448216"
    },
    {
      "id": "pt.ine.add.PTCONT.1594228",
      "street": "R MANUEL TEIXEIRA GOMES T",
      "house": "T",
      "postcode": "8200-291",
      "city": "ALBUFEIRA",
      "lon": "-8.229530696010483",
      "lat": "37.104118717448216"
    },
    {
      "id": "pt.ine.add.PTCONT.1594229",
      "street": "R MANUEL TEIXEIRA GOMES",
      "house": "",
      "postcode": "8200-291",
      "city": "ALBUFEIRA",
      "lon": "-8.229530696010483",
      "lat": "37.104118717448216"
    },
    {
      "id": "pt.ine.add.PTCONT.1594230",
      "street": "R MANUEL TEIXEIRA GOMES V",
      "house": "V",
      "postcode": "8200-291",
      "city": "ALBUFEIRA",
      "lon": "-8.229530696010483",
      "lat": "37.104118717448216"
    },
    {
      "id": "pt.ine.add.PTCONT.1594231",
      "street": "R MANUEL TEIXEIRA GOMES",
      "house": "",
      "postcode": "8200-291",
      "city": "ALBUFEIRA",
      "lon": "-8.229530696010483",
      "lat": "37.104118717448216"
    },
    {
      "id": "pt.ine.add.PTCONT.1594232",
      "street": "R MANUEL TEIXEIRA GOMES X",
      "house": "X",
      "postcode": "8200-291",
      "city": "ALBUFEIRA",
      "lon": "-8.229530696010483",
      "lat": "37.104118717448216"
    },
    {
      "id": "pt.ine.add.PTCONT.1594233",
      "street": "R MANUEL TEIXEIRA GOMES AH",
      "house": "AH",
      "postcode": "8200-291",
      "city": "ALBUFEIRA",
      "lon": "-8.229530696010483",
      "lat": "37.104118717448216"
    },
    {
      "id": "pt.ine.add.PTCONT.1594234",
      "street": "R MANUEL TEIXEIRA GOMES",
      "house": "1",
      "postcode": "8200-291",
      "city": "ALBUFEIRA",
      "lon": "-8.229530696010483",
      "lat": "37.104118717448216"
    },
    {
      "id": "pt.ine.add.PTCONT.1594235",
      "street": "R MANUEL TEIXEIRA GOMES AJ",
      "house": "AJ",
      "postcode": "8200-291",
      "city": "ALBUFEIRA",
      "lon": "-8.229530696010483",
      "lat": "37.104118717448216"
    },
    {
      "id": "pt.ine.add.PTCONT.1594236",
      "street": "R MANUEL TEIXEIRA GOMES AK",
      "house": "AK",
      "postcode": "8200-291",
      "city": "ALBUFEIRA",
      "lon": "-8.229530696010483",
      "lat": "37.104118717448216"
    },
    {
      "id": "pt.ine.add.PTCONT.1594237",
      "street": "R MANUEL TEIXEIRA GOMES AU",
      "house": "AU",
      "postcode": "8200-291",
      "city": "ALBUFEIRA",
      "lon": "-8.229530696010483",
      "lat": "37.104118717448216"
    },
    {
      "id": "pt.ine.add.PTCONT.1596614",
      "street": "R MANUEL TEIXEIRA GOMES",
      "house": "AL",
      "postcode": "8200-291",
      "city": "ALBUFEIRA",
      "lon": "-8.229530696010483",
      "lat": "37.104118717448216"
    },
    {
      "id": "pt.ine.add.PTCONT.1596616",
      "street": "R MANUEL TEIXEIRA GOMES",
      "house": "",
      "postcode": "8200-291",
      "city": "ALBUFEIRA",
      "lon": "-8.229530696010483",
      "lat": "37.104118717448216"
    },
    {
      "id": "pt.ine.add.PTCONT.1597023",
      "street": "R MANUEL TEIXEIRA GOMES",
      "house": "",
      "postcode": "8200-291",
      "city": "ALBUFEIRA",
      "lon": "-8.229530696010483",
      "lat": "37.104118717448216"
    },
    {
      "id": "pt.ine.add.PTCONT.1597462",
      "street": "URB SOLAR DOS VILARINHOS",
      "house": "1",
      "postcode": "8200-291",
      "city": "ALBUFEIRA",
      "lon": "-8.229012670211164",
      "lat": "37.10369563642394"
    },
    {
      "id": "pt.ine.add.PTCONT.1597463",
      "street": "URB SOLAR DOS VILARINHOS",
      "house": "1",
      "postcode": "8200-291",
      "city": "ALBUFEIRA",
      "lon": "-8.229012670211164",
      "lat": "37.10369563642394"
    },
    {
      "id": "pt.ine.add.PTCONT.1597464",
      "street": "URB SOLAR DOS VILARINHOS",
      "house": "1",
      "postcode": "8200-291",
      "city": "ALBUFEIRA",
      "lon": "-8.229012670211164",
      "lat": "37.10369563642394"
    },
    {
      "id": "pt.ine.add.PTCONT.1597465",
      "street": "URB SOLAR DOS VILARINHOS",
      "house": "1",
      "postcode": "8200-291",
      "city": "ALBUFEIRA",
      "lon": "-8.229012670211164",
      "lat": "37.10369563642394"
    },
    {
      "id": "pt.ine.add.PTCONT.1599507",
      "street": "URB SOLAR DOS VILARINHOS",
      "house": "1",
      "postcode": "8200-291",
      "city": "ALBUFEIRA",
      "lon": "-8.229012670211164",
      "lat": "37.10369563642394"
    },
    {
      "id": "pt.ine.add.PTCONT.1599589",
      "street": "ESTR BREJOS",
      "house": "",
      "postcode": "8200-317",
      "city": "ALBUFEIRA",
      "lon": "-8.230773602405902",
      "lat": "37.108343699164735"
    },
    {
      "id": "pt.ine.add.PTCONT.1602200",
      "street": "URB SOLAR VILARINHOS",
      "house": "3",
      "postcode": "8200-317",
      "city": "ALBUFEIRA",
      "lon": "-8.22794394287176",
      "lat": "37.10369649597852"
    },
    {
      "id": "pt.ine.add.PTCONT.1602201",
      "street": "URB SOLAR VILARINHOS E",
      "house": "E",
      "postcode": "8200-317",
      "city": "ALBUFEIRA",
      "lon": "-8.22794394287176",
      "lat": "37.10369649597852"
    },
    {
      "id": "pt.ine.add.PTCONT.1602202",
      "street": "URB SOLAR DOS VILARINHOS",
      "house": "",
      "postcode": "8200-317",
      "city": "ALBUFEIRA",
      "lon": "-8.22794394287176",
      "lat": "37.10369649597852"
    },
    {
      "id": "pt.ine.add.PTCONT.1602203",
      "street": "URB SOLAR DOS VILARINHOS",
      "house": "",
      "postcode": "8200-317",
      "city": "ALBUFEIRA",
      "lon": "-8.22794394287176",
      "lat": "37.10369649597852"
    },
    {
      "id": "pt.ine.add.PTCONT.1602204",
      "street": "URB SOLAR DOS VILARINHOS",
      "house": "",
      "postcode": "8200-317",
      "city": "ALBUFEIRA",
      "lon": "-8.22794394287176",
      "lat": "37.10369649597852"
    },
    {
      "id": "pt.ine.add.PTCONT.1602211",
      "street": "URB SOLAR DOS VILARINHOS",
      "house": "",
      "postcode": "8200-317",
      "city": "ALBUFEIRA",
      "lon": "-8.22794394287176",
      "lat": "37.10369649597852"
    },
    {
      "id": "pt.ine.add.PTCONT.1602598",
      "street": "R BREJOS SOLAR SANTO ANTÓNIO",
      "house": "",
      "postcode": "8200-101",
      "city": "ALBUFEIRA",
      "lon": "-8.225599754464858",
      "lat": "37.10946516905767"
    },
    {
      "id": "pt.ine.add.PTCONT.1606889",
      "street": "ESTR BREJOS",
      "house": "",
      "postcode": "8200-317",
      "city": "ALBUFEIRA",
      "lon": "-8.223856994860467",
      "lat": "37.11037659169042"
    },
    {
      "id": "pt.ine.add.PTCONT.1616334",
      "street": "URB BREJOS",
      "house": "6",
      "postcode": "8200-317",
      "city": "ALBUFEIRA",
      "lon": "-8.230301256294917",
      "lat": "37.108479247113074"
    },
    {
      "id": "pt.ine.add.PTCONT.1627472",
      "street": "ESTR BREJOS",
      "house": "",
      "postcode": "8200-317",
      "city": "ALBUFEIRA",
      "lon": "-8.229447350596258",
      "lat": "37.109371998786564"
    },
    {
      "id": "pt.ine.add.PTCONT.1631412",
      "street": "URB BREJOS",
      "house": "3",
      "postcode": "8200-317",
      "city": "ALBUFEIRA",
      "lon": "-8.230166549631079",
      "lat": "37.1087136344868"
    },
    {
      "id": "pt.ine.add.PTCONT.1634771",
      "street": "ESTR BREJOS",
      "house": "CP 355 K",
      "postcode": "8200-317",
      "city": "ALBUFEIRA",
      "lon": "-8.230189464677819",
      "lat": "37.109037999295396"
    },
    {
      "id": "pt.ine.add.PTCONT.1637197",
      "street": "URB SOLAR DOS VILARINHOS",
      "house": "6",
      "postcode": "8200-291",
      "city": "ALBUFEIRA",
      "lon": "-8.228732275665417",
      "lat": "37.10437166253248"
    },
    {
      "id": "pt.ine.add.PTCONT.1637198",
      "street": "URB SOLAR DOS VILARINHOS",
      "house": "6",
      "postcode": "8200-291",
      "city": "ALBUFEIRA",
      "lon": "-8.228732275665417",
      "lat": "37.10437166253248"
    },
    {
      "id": "pt.ine.add.PTCONT.1637199",
      "street": "URB SOLAR DOS VILARINHOS",
      "house": "6",
      "postcode": "8200-291",
      "city": "ALBUFEIRA",
      "lon": "-8.228732275665417",
      "lat": "37.10437166253248"
    },
    {
      "id": "pt.ine.add.PTCONT.1637200",
      "street": "URB SOLAR DOS VILARINHOS",
      "house": "6",
      "postcode": "8200-291",
      "city": "ALBUFEIRA",
      "lon": "-8.228732275665417",
      "lat": "37.10437166253248"
    },
    {
      "id": "pt.ine.add.PTCONT.1637201",
      "street": "URB SOLAR DOS VILARINHOS",
      "house": "6",
      "postcode": "8200-291",
      "city": "ALBUFEIRA",
      "lon": "-8.228732275665417",
      "lat": "37.10437166253248"
    },
    {
      "id": "pt.ine.add.PTCONT.1639848",
      "street": "R BREJOS",
      "house": "453",
      "postcode": "8200-101",
      "city": "ALBUFEIRA",
      "lon": "-8.225285097598032",
      "lat": "37.1097627656658"
    },
    {
      "id": "pt.ine.add.PTCONT.1647863",
      "street": "R MANUEL TEIXEIRA GOMES F",
      "house": "F",
      "postcode": "8200-291",
      "city": "ALBUFEIRA",
      "lon": "-8.229621003259886",
      "lat": "37.1043619318476"
    },
    {
      "id": "pt.ine.add.PTCONT.1647951",
      "street": "R MANUEL TEIXEIRA GOMES Q",
      "house": "Q",
      "postcode": "8200-291",
      "city": "ALBUFEIRA",
      "lon": "-8.229621003259886",
      "lat": "37.1043619318476"
    },
    {
      "id": "pt.ine.add.PTCONT.1647952",
      "street": "R MANUEL TEIXEIRA GOMES",
      "house": "R",
      "postcode": "8200-291",
      "city": "ALBUFEIRA",
      "lon": "-8.229621003259886",
      "lat": "37.1043619318476"
    },
    {
      "id": "pt.ine.add.PTCONT.1647953",
      "street": "R MANUEL TEIXEIRA GOMES S",
      "house": "S",
      "postcode": "8200-291",
      "city": "ALBUFEIRA",
      "lon": "-8.229621003259886",
      "lat": "37.1043619318476"
    },
    {
      "id": "pt.ine.add.PTCONT.1647954",
      "street": "R MANUEL TEIXEIRA GOMES AE",
      "house": "AE",
      "postcode": "8200-291",
      "city": "ALBUFEIRA",
      "lon": "-8.229621003259886",
      "lat": "37.1043619318476"
    },
    {
      "id": "pt.ine.add.PTCONT.1647955",
      "street": "R MANUEL TEIXEIRA GOMES",
      "house": "",
      "postcode": "8200-291",
      "city": "ALBUFEIRA",
      "lon": "-8.229621003259886",
      "lat": "37.1043619318476"
    },
    {
      "id": "pt.ine.add.PTCONT.1647956",
      "street": "R MANUEL TEIXEIRA GOMES AG",
      "house": "AG",
      "postcode": "8200-291",
      "city": "ALBUFEIRA",
      "lon": "-8.229621003259886",
      "lat": "37.1043619318476"
    },
    {
      "id": "pt.ine.add.PTCONT.1647957",
      "street": "R MANUEL TEIXEIRA GOMES",
      "house": "",
      "postcode": "8200-291",
      "city": "ALBUFEIRA",
      "lon": "-8.229621003259886",
      "lat": "37.1043619318476"
    },
    {
      "id": "pt.ine.add.PTCONT.1647958",
      "street": "R MANUEL TEIXEIRA GOMES AQ",
      "house": "AQ",
      "postcode": "8200-291",
      "city": "ALBUFEIRA",
      "lon": "-8.229621003259886",
      "lat": "37.1043619318476"
    },
    {
      "id": "pt.ine.add.PTCONT.1647959",
      "street": "ALTO BREJOS AR",
      "house": "AR",
      "postcode": "8200-317",
      "city": "ALBUFEIRA",
      "lon": "-8.229621003259886",
      "lat": "37.1043619318476"
    },
    {
      "id": "pt.ine.add.PTCONT.1649021",
      "street": "R MANUEL TEIXEIRA GOMES E",
      "house": "E",
      "postcode": "8200-291",
      "city": "ALBUFEIRA",
      "lon": "-8.229621003259886",
      "lat": "37.1043619318476"
    },
    {
      "id": "pt.ine.add.PTCONT.1655265",
      "street": "R CASA DAS VINHAS",
      "house": "",
      "postcode": "8200-317",
      "city": "ALBUFEIRA",
      "lon": "-8.225645601091479",
      "lat": "37.110158953610984"
    },
    {
      "id": "pt.ine.add.PTCONT.1662806",
      "street": "BC BARNABE",
      "house": "",
      "postcode": "8200-317",
      "city": "ALBUFEIRA",
      "lon": "-8.22594910650015",
      "lat": "37.10994246067872"
    },
    {
      "id": "pt.ine.add.PTCONT.1666095",
      "street": "ESTR BREJOS",
      "house": "",
      "postcode": "8200-317",
      "city": "ALBUFEIRA",
      "lon": "-8.230133821141719",
      "lat": "37.10951560950588"
    },
    {
      "id": "pt.ine.add.PTCONT.1666096",
      "street": "URB SOLAR DOS VILARINHOS",
      "house": "4",
      "postcode": "8200-291",
      "city": "ALBUFEIRA",
      "lon": "-8.228844479439763",
      "lat": "37.104137294788465"
    },
    {
      "id": "pt.ine.add.PTCONT.1666097",
      "street": "URB SOLAR DOS VILARINHOS",
      "house": "4",
      "postcode": "8200-291",
      "city": "ALBUFEIRA",
      "lon": "-8.228844479439763",
      "lat": "37.104137294788465"
    },
    {
      "id": "pt.ine.add.PTCONT.1666098",
      "street": "URB SOLAR VILARINHOS",
      "house": "4 C",
      "postcode": "8200-291",
      "city": "ALBUFEIRA",
      "lon": "-8.228844479439763",
      "lat": "37.104137294788465"
    },
    {
      "id": "pt.ine.add.PTCONT.1666099",
      "street": "URB SOLAR DOS VILARINHOS",
      "house": "4",
      "postcode": "8200-291",
      "city": "ALBUFEIRA",
      "lon": "-8.228844479439763",
      "lat": "37.104137294788465"
    },
    {
      "id": "pt.ine.add.PTCONT.1666100",
      "street": "URB SOLAR DOS VILARINHOS",
      "house": "4",
      "postcode": "8200-291",
      "city": "ALBUFEIRA",
      "lon": "-8.228844479439763",
      "lat": "37.104137294788465"
    },
    {
      "id": "pt.ine.add.PTCONT.1678457",
      "street": "R EIRA",
      "house": "",
      "postcode": "8200-291",
      "city": "ALBUFEIRA",
      "lon": "-8.228539626362519",
      "lat": "37.10325449558358"
    },
    {
      "id": "pt.ine.add.PTCONT.1684262",
      "street": "",
      "house": "",
      "postcode": "8200-315",
      "city": "ALBUFEIRA",
      "lon": "-8.222679690429764",
      "lat": "37.10424122908869"
    },
    {
      "id": "pt.ine.add.PTCONT.1684259",
      "street": "",
      "house": "",
      "postcode": "8200-315",
      "city": "ALBUFEIRA",
      "lon": "-8.222679690429764",
      "lat": "37.10424122908869"
    },
    {
      "id": "pt.ine.add.PTCONT.1683976",
      "street": "ESTR BREJOS",
      "house": "CP 443",
      "postcode": "8200-317",
      "city": "ALBUFEIRA",
      "lon": "-8.226040345127787",
      "lat": "37.110951582292195"
    },
    {
      "id": "pt.ine.add.PTCONT.1683977",
      "street": "ESTR BREJOS",
      "house": "CP 443",
      "postcode": "8200-317",
      "city": "ALBUFEIRA",
      "lon": "-8.226040345127787",
      "lat": "37.110951582292195"
    },
    {
      "id": "pt.ine.add.PTCONT.1684260",
      "street": "",
      "house": "",
      "postcode": "8200-315",
      "city": "ALBUFEIRA",
      "lon": "-8.222679690429764",
      "lat": "37.10424122908869"
    },
    {
      "id": "pt.ine.add.PTCONT.1684261",
      "street": "",
      "house": "",
      "postcode": "8200-315",
      "city": "ALBUFEIRA",
      "lon": "-8.222679690429764",
      "lat": "37.10424122908869"
    },
    {
      "id": "pt.ine.add.PTCONT.1684263",
      "street": "POCO MONTECHORO",
      "house": "",
      "postcode": "8200-315",
      "city": "ALBUFEIRA",
      "lon": "-8.222679690429764",
      "lat": "37.10424122908869"
    },
    {
      "id": "pt.ine.add.PTCONT.1684264",
      "street": "",
      "house": "",
      "postcode": "8200-315",
      "city": "ALBUFEIRA",
      "lon": "-8.222679690429764",
      "lat": "37.10424122908869"
    },
    {
      "id": "pt.ine.add.PTCONT.1684386",
      "street": "POCO MONTECHORO",
      "house": "8",
      "postcode": "8200-315",
      "city": "ALBUFEIRA",
      "lon": "-8.222679690429764",
      "lat": "37.10424122908869"
    },
    {
      "id": "pt.ine.add.PTCONT.1684387",
      "street": "",
      "house": "",
      "postcode": "8200-315",
      "city": "ALBUFEIRA",
      "lon": "-8.222679690429764",
      "lat": "37.10424122908869"
    },
    {
      "id": "pt.ine.add.PTCONT.1684388",
      "street": "",
      "house": "",
      "postcode": "8200-315",
      "city": "ALBUFEIRA",
      "lon": "-8.222679690429764",
      "lat": "37.10424122908869"
    },
    {
      "id": "pt.ine.add.PTCONT.1684389",
      "street": "",
      "house": "",
      "postcode": "8200-315",
      "city": "ALBUFEIRA",
      "lon": "-8.222679690429764",
      "lat": "37.10424122908869"
    },
    {
      "id": "pt.ine.add.PTCONT.1684390",
      "street": "",
      "house": "",
      "postcode": "8200-315",
      "city": "ALBUFEIRA",
      "lon": "-8.222679690429764",
      "lat": "37.10424122908869"
    },
    {
      "id": "pt.ine.add.PTCONT.1686269",
      "street": "",
      "house": "",
      "postcode": "8200-315",
      "city": "ALBUFEIRA",
      "lon": "-8.222679690429764",
      "lat": "37.10424122908869"
    },
    {
      "id": "pt.ine.add.PTCONT.1697320",
      "street": "ESTR BREJOS",
      "house": "",
      "postcode": "8200-317",
      "city": "ALBUFEIRA",
      "lon": "-8.229468447654465",
      "lat": "37.10826367110187"
    },
    {
      "id": "pt.ine.add.PTCONT.1701009",
      "street": "URB MONTE DA EIRA",
      "house": "",
      "postcode": "8200-317",
      "city": "ALBUFEIRA",
      "lon": "-8.22639284584001",
      "lat": "37.10481504844306"
    },
    {
      "id": "pt.ine.add.PTCONT.1701010",
      "street": "URB MONTE DA EIRA",
      "house": "",
      "postcode": "8200-317",
      "city": "ALBUFEIRA",
      "lon": "-8.22639284584001",
      "lat": "37.10481504844306"
    },
    {
      "id": "pt.ine.add.PTCONT.1701011",
      "street": "URB MONTE DA EIRA",
      "house": "",
      "postcode": "8200-317",
      "city": "ALBUFEIRA",
      "lon": "-8.22639284584001",
      "lat": "37.10481504844306"
    },
    {
      "id": "pt.ine.add.PTCONT.1701012",
      "street": "URB MONTE DA EIRA",
      "house": "",
      "postcode": "8200-317",
      "city": "ALBUFEIRA",
      "lon": "-8.22639284584001",
      "lat": "37.10481504844306"
    },
    {
      "id": "pt.ine.add.PTCONT.1701013",
      "street": "URB MONTE DA EIRA",
      "house": "",
      "postcode": "8200-317",
      "city": "ALBUFEIRA",
      "lon": "-8.22639284584001",
      "lat": "37.10481504844306"
    },
    {
      "id": "pt.ine.add.PTCONT.1701014",
      "street": "URB MONTE DA EIRA",
      "house": "",
      "postcode": "8200-317",
      "city": "ALBUFEIRA",
      "lon": "-8.22639284584001",
      "lat": "37.10481504844306"
    },
    {
      "id": "pt.ine.add.PTCONT.1701015",
      "street": "URB MONTE DA EIRA",
      "house": "",
      "postcode": "8200-317",
      "city": "ALBUFEIRA",
      "lon": "-8.22639284584001",
      "lat": "37.10481504844306"
    },
    {
      "id": "pt.ine.add.PTCONT.1701016",
      "street": "URB MONTE DA EIRA",
      "house": "",
      "postcode": "8200-317",
      "city": "ALBUFEIRA",
      "lon": "-8.22639284584001",
      "lat": "37.10481504844306"
    },
    {
      "id": "pt.ine.add.PTCONT.1701017",
      "street": "URB MONTE DA EIRA",
      "house": "",
      "postcode": "8200-317",
      "city": "ALBUFEIRA",
      "lon": "-8.22639284584001",
      "lat": "37.10481504844306"
    },
    {
      "id": "pt.ine.add.PTCONT.1701018",
      "street": "URB MONTE DA EIRA",
      "house": "",
      "postcode": "8200-317",
      "city": "ALBUFEIRA",
      "lon": "-8.22639284584001",
      "lat": "37.10481504844306"
    },
    {
      "id": "pt.ine.add.PTCONT.1701019",
      "street": "URB MONTE DA EIRA",
      "house": "",
      "postcode": "8200-317",
      "city": "ALBUFEIRA",
      "lon": "-8.22639284584001",
      "lat": "37.10481504844306"
    },
    {
      "id": "pt.ine.add.PTCONT.1701020",
      "street": "URB MONTE DA EIRA",
      "house": "",
      "postcode": "8200-317",
      "city": "ALBUFEIRA",
      "lon": "-8.22639284584001",
      "lat": "37.10481504844306"
    },
    {
      "id": "pt.ine.add.PTCONT.1701021",
      "street": "URB MONTE DA EIRA",
      "house": "",
      "postcode": "8200-317",
      "city": "ALBUFEIRA",
      "lon": "-8.22639284584001",
      "lat": "37.10481504844306"
    },
    {
      "id": "pt.ine.add.PTCONT.1701022",
      "street": "URB MONTE DA EIRA",
      "house": "",
      "postcode": "8200-317",
      "city": "ALBUFEIRA",
      "lon": "-8.22639284584001",
      "lat": "37.10481504844306"
    },
    {
      "id": "pt.ine.add.PTCONT.1701023",
      "street": "URB MONTE DA EIRA",
      "house": "",
      "postcode": "8200-317",
      "city": "ALBUFEIRA",
      "lon": "-8.22639284584001",
      "lat": "37.10481504844306"
    },
    {
      "id": "pt.ine.add.PTCONT.1701024",
      "street": "URB MONTE DA EIRA",
      "house": "",
      "postcode": "8200-317",
      "city": "ALBUFEIRA",
      "lon": "-8.22639284584001",
      "lat": "37.10481504844306"
    },
    {
      "id": "pt.ine.add.PTCONT.1701025",
      "street": "URB MONTE DA EIRA",
      "house": "",
      "postcode": "8200-317",
      "city": "ALBUFEIRA",
      "lon": "-8.22639284584001",
      "lat": "37.10481504844306"
    },
    {
      "id": "pt.ine.add.PTCONT.1701026",
      "street": "URB MONTE DA EIRA",
      "house": "",
      "postcode": "8200-317",
      "city": "ALBUFEIRA",
      "lon": "-8.22639284584001",
      "lat": "37.10481504844306"
    },
    {
      "id": "pt.ine.add.PTCONT.1701027",
      "street": "URB MONTE DA EIRA",
      "house": "",
      "postcode": "8200-317",
      "city": "ALBUFEIRA",
      "lon": "-8.22639284584001",
      "lat": "37.10481504844306"
    },
    {
      "id": "pt.ine.add.PTCONT.1701028",
      "street": "URB MONTE DA EIRA",
      "house": "",
      "postcode": "8200-317",
      "city": "ALBUFEIRA",
      "lon": "-8.22639284584001",
      "lat": "37.10481504844306"
    },
    {
      "id": "pt.ine.add.PTCONT.1701029",
      "street": "URB MONTE DA EIRA",
      "house": "",
      "postcode": "8200-317",
      "city": "ALBUFEIRA",
      "lon": "-8.22639284584001",
      "lat": "37.10481504844306"
    },
    {
      "id": "pt.ine.add.PTCONT.1701030",
      "street": "URB MONTE DA EIRA",
      "house": "",
      "postcode": "8200-317",
      "city": "ALBUFEIRA",
      "lon": "-8.22639284584001",
      "lat": "37.10481504844306"
    },
    {
      "id": "pt.ine.add.PTCONT.1701031",
      "street": "URB MONTE DA EIRA",
      "house": "",
      "postcode": "8200-317",
      "city": "ALBUFEIRA",
      "lon": "-8.22639284584001",
      "lat": "37.10481504844306"
    },
    {
      "id": "pt.ine.add.PTCONT.1701032",
      "street": "URB MONTE DA EIRA",
      "house": "",
      "postcode": "8200-317",
      "city": "ALBUFEIRA",
      "lon": "-8.22639284584001",
      "lat": "37.10481504844306"
    },
    {
      "id": "pt.ine.add.PTCONT.1701033",
      "street": "URB MONTE DA EIRA",
      "house": "",
      "postcode": "8200-317",
      "city": "ALBUFEIRA",
      "lon": "-8.22639284584001",
      "lat": "37.10481504844306"
    },
    {
      "id": "pt.ine.add.PTCONT.1701034",
      "street": "URB MONTE DA EIRA",
      "house": "",
      "postcode": "8200-317",
      "city": "ALBUFEIRA",
      "lon": "-8.22639284584001",
      "lat": "37.10481504844306"
    },
    {
      "id": "pt.ine.add.PTCONT.1701035",
      "street": "URB MONTE DA EIRA",
      "house": "",
      "postcode": "8200-317",
      "city": "ALBUFEIRA",
      "lon": "-8.22639284584001",
      "lat": "37.10481504844306"
    },
    {
      "id": "pt.ine.add.PTCONT.1701036",
      "street": "URB MONTE DA EIRA",
      "house": "",
      "postcode": "8200-317",
      "city": "ALBUFEIRA",
      "lon": "-8.22639284584001",
      "lat": "37.10481504844306"
    },
    {
      "id": "pt.ine.add.PTCONT.1701037",
      "street": "URB MONTE DA EIRA",
      "house": "",
      "postcode": "8200-317",
      "city": "ALBUFEIRA",
      "lon": "-8.22639284584001",
      "lat": "37.10481504844306"
    },
    {
      "id": "pt.ine.add.PTCONT.1701038",
      "street": "URB MONTE DA EIRA",
      "house": "",
      "postcode": "8200-317",
      "city": "ALBUFEIRA",
      "lon": "-8.22639284584001",
      "lat": "37.10481504844306"
    },
    {
      "id": "pt.ine.add.PTCONT.1701039",
      "street": "URB MONTE DA EIRA",
      "house": "",
      "postcode": "8200-317",
      "city": "ALBUFEIRA",
      "lon": "-8.22639284584001",
      "lat": "37.10481504844306"
    },
    {
      "id": "pt.ine.add.PTCONT.1701040",
      "street": "URB MONTE DA EIRA",
      "house": "",
      "postcode": "8200-317",
      "city": "ALBUFEIRA",
      "lon": "-8.22639284584001",
      "lat": "37.10481504844306"
    },
    {
      "id": "pt.ine.add.PTCONT.1701041",
      "street": "URB MONTE DA EIRA",
      "house": "",
      "postcode": "8200-317",
      "city": "ALBUFEIRA",
      "lon": "-8.22639284584001",
      "lat": "37.10481504844306"
    },
    {
      "id": "pt.ine.add.PTCONT.1701042",
      "street": "URB MONTE DA EIRA",
      "house": "",
      "postcode": "8200-317",
      "city": "ALBUFEIRA",
      "lon": "-8.22639284584001",
      "lat": "37.10481504844306"
    },
    {
      "id": "pt.ine.add.PTCONT.1701043",
      "street": "URB MONTE DA EIRA",
      "house": "",
      "postcode": "8200-317",
      "city": "ALBUFEIRA",
      "lon": "-8.22639284584001",
      "lat": "37.10481504844306"
    },
    {
      "id": "pt.ine.add.PTCONT.1701044",
      "street": "URB MONTE DA EIRA",
      "house": "",
      "postcode": "8200-317",
      "city": "ALBUFEIRA",
      "lon": "-8.22639284584001",
      "lat": "37.10481504844306"
    },
    {
      "id": "pt.ine.add.PTCONT.1701045",
      "street": "URB MONTE DA EIRA",
      "house": "",
      "postcode": "8200-317",
      "city": "ALBUFEIRA",
      "lon": "-8.22639284584001",
      "lat": "37.10481504844306"
    },
    {
      "id": "pt.ine.add.PTCONT.1701046",
      "street": "URB MONTE DA EIRA",
      "house": "",
      "postcode": "8200-317",
      "city": "ALBUFEIRA",
      "lon": "-8.22639284584001",
      "lat": "37.10481504844306"
    },
    {
      "id": "pt.ine.add.PTCONT.1701047",
      "street": "URB MONTE DA EIRA",
      "house": "",
      "postcode": "8200-317",
      "city": "ALBUFEIRA",
      "lon": "-8.22639284584001",
      "lat": "37.10481504844306"
    },
    {
      "id": "pt.ine.add.PTCONT.1701048",
      "street": "URB MONTE DA EIRA",
      "house": "",
      "postcode": "8200-317",
      "city": "ALBUFEIRA",
      "lon": "-8.22639284584001",
      "lat": "37.10481504844306"
    },
    {
      "id": "pt.ine.add.PTCONT.1701049",
      "street": "URB SOLAR DOS VILARINHOS",
      "house": "",
      "postcode": "8200-291",
      "city": "ALBUFEIRA",
      "lon": "-8.2283718625956",
      "lat": "37.10403855814033"
    },
    {
      "id": "pt.ine.add.PTCONT.1701050",
      "street": "URB SOLAR DOS VILARINHOS",
      "house": "",
      "postcode": "8200-291",
      "city": "ALBUFEIRA",
      "lon": "-8.2283718625956",
      "lat": "37.10403855814033"
    },
    {
      "id": "pt.ine.add.PTCONT.1701051",
      "street": "URB SOLAR DOS VILARINHOS",
      "house": "",
      "postcode": "8200-291",
      "city": "ALBUFEIRA",
      "lon": "-8.2283718625956",
      "lat": "37.10403855814033"
    },
    {
      "id": "pt.ine.add.PTCONT.1701052",
      "street": "URB SOLAR DOS VILARINHOS",
      "house": "",
      "postcode": "8200-291",
      "city": "ALBUFEIRA",
      "lon": "-8.2283718625956",
      "lat": "37.10403855814033"
    },
    {
      "id": "pt.ine.add.PTCONT.1701053",
      "street": "URB SOLAR DOS VILARINHOS",
      "house": "",
      "postcode": "8200-291",
      "city": "ALBUFEIRA",
      "lon": "-8.2283718625956",
      "lat": "37.10403855814033"
    },
    {
      "id": "pt.ine.add.PTCONT.1701054",
      "street": "URB SOLAR DOS VILARINHOS",
      "house": "",
      "postcode": "8200-291",
      "city": "ALBUFEIRA",
      "lon": "-8.2283718625956",
      "lat": "37.10403855814033"
    },
    {
      "id": "pt.ine.add.PTCONT.1701055",
      "street": "URB SOLAR DOS VILARINHOS",
      "house": "",
      "postcode": "8200-291",
      "city": "ALBUFEIRA",
      "lon": "-8.2283718625956",
      "lat": "37.10403855814033"
    },
    {
      "id": "pt.ine.add.PTCONT.1701056",
      "street": "URB SOLAR DOS VILARINHOS",
      "house": "",
      "postcode": "8200-291",
      "city": "ALBUFEIRA",
      "lon": "-8.2283718625956",
      "lat": "37.10403855814033"
    },
    {
      "id": "pt.ine.add.PTCONT.1701057",
      "street": "URB SOLAR DOS VILARINHOS",
      "house": "",
      "postcode": "8200-291",
      "city": "ALBUFEIRA",
      "lon": "-8.2283718625956",
      "lat": "37.10403855814033"
    },
    {
      "id": "pt.ine.add.PTCONT.1701058",
      "street": "URB SOLAR DOS VILARINHOS",
      "house": "",
      "postcode": "8200-291",
      "city": "ALBUFEIRA",
      "lon": "-8.2283718625956",
      "lat": "37.10403855814033"
    },
    {
      "id": "pt.ine.add.PTCONT.1701059",
      "street": "URB MONTE DA EIRA",
      "house": "",
      "postcode": "8200-317",
      "city": "ALBUFEIRA",
      "lon": "-8.22639284584001",
      "lat": "37.10481504844306"
    },
    {
      "id": "pt.ine.add.PTCONT.1701060",
      "street": "URB MONTE DA EIRA",
      "house": "",
      "postcode": "8200-317",
      "city": "ALBUFEIRA",
      "lon": "-8.22639284584001",
      "lat": "37.10481504844306"
    },
    {
      "id": "pt.ine.add.PTCONT.1701061",
      "street": "URB MONTE DA EIRA",
      "house": "",
      "postcode": "8200-317",
      "city": "ALBUFEIRA",
      "lon": "-8.22639284584001",
      "lat": "37.10481504844306"
    },
    {
      "id": "pt.ine.add.PTCONT.1701062",
      "street": "URB MONTE DA EIRA",
      "house": "",
      "postcode": "8200-317",
      "city": "ALBUFEIRA",
      "lon": "-8.22639284584001",
      "lat": "37.10481504844306"
    },
    {
      "id": "pt.ine.add.PTCONT.1701063",
      "street": "URB MONTE DA EIRA",
      "house": "",
      "postcode": "8200-317",
      "city": "ALBUFEIRA",
      "lon": "-8.22639284584001",
      "lat": "37.10481504844306"
    },
    {
      "id": "pt.ine.add.PTCONT.1701064",
      "street": "URB MONTE DA EIRA",
      "house": "",
      "postcode": "8200-317",
      "city": "ALBUFEIRA",
      "lon": "-8.22639284584001",
      "lat": "37.10481504844306"
    },
    {
      "id": "pt.ine.add.PTCONT.1701065",
      "street": "URB MONTE DA EIRA",
      "house": "",
      "postcode": "8200-317",
      "city": "ALBUFEIRA",
      "lon": "-8.22639284584001",
      "lat": "37.10481504844306"
    },
    {
      "id": "pt.ine.add.PTCONT.1701066",
      "street": "URB MONTE DA EIRA",
      "house": "",
      "postcode": "8200-317",
      "city": "ALBUFEIRA",
      "lon": "-8.22639284584001",
      "lat": "37.10481504844306"
    },
    {
      "id": "pt.ine.add.PTCONT.1701067",
      "street": "URB MONTE DA EIRA",
      "house": "",
      "postcode": "8200-317",
      "city": "ALBUFEIRA",
      "lon": "-8.22639284584001",
      "lat": "37.10481504844306"
    },
    {
      "id": "pt.ine.add.PTCONT.1701068",
      "street": "URB MONTE DA EIRA",
      "house": "",
      "postcode": "8200-317",
      "city": "ALBUFEIRA",
      "lon": "-8.22639284584001",
      "lat": "37.10481504844306"
    },
    {
      "id": "pt.ine.add.PTCONT.1701069",
      "street": "URB MONTE DA EIRA",
      "house": "",
      "postcode": "8200-317",
      "city": "ALBUFEIRA",
      "lon": "-8.22639284584001",
      "lat": "37.10481504844306"
    },
    {
      "id": "pt.ine.add.PTCONT.1701070",
      "street": "URB MONTE DA EIRA",
      "house": "",
      "postcode": "8200-317",
      "city": "ALBUFEIRA",
      "lon": "-8.22639284584001",
      "lat": "37.10481504844306"
    },
    {
      "id": "pt.ine.add.PTCONT.1701071",
      "street": "URB MONTE DA EIRA",
      "house": "",
      "postcode": "8200-317",
      "city": "ALBUFEIRA",
      "lon": "-8.22639284584001",
      "lat": "37.10481504844306"
    },
    {
      "id": "pt.ine.add.PTCONT.1701072",
      "street": "URB MONTE DA EIRA",
      "house": "",
      "postcode": "8200-317",
      "city": "ALBUFEIRA",
      "lon": "-8.22639284584001",
      "lat": "37.10481504844306"
    },
    {
      "id": "pt.ine.add.PTCONT.1701073",
      "street": "URB MONTE DA EIRA",
      "house": "",
      "postcode": "8200-317",
      "city": "ALBUFEIRA",
      "lon": "-8.22639284584001",
      "lat": "37.10481504844306"
    },
    {
      "id": "pt.ine.add.PTCONT.1701074",
      "street": "URB MONTE DA EIRA",
      "house": "",
      "postcode": "8200-317",
      "city": "ALBUFEIRA",
      "lon": "-8.22639284584001",
      "lat": "37.10481504844306"
    },
    {
      "id": "pt.ine.add.PTCONT.1701075",
      "street": "URB MONTE DA EIRA",
      "house": "",
      "postcode": "8200-317",
      "city": "ALBUFEIRA",
      "lon": "-8.22639284584001",
      "lat": "37.10481504844306"
    },
    {
      "id": "pt.ine.add.PTCONT.1701076",
      "street": "URB MONTE DA EIRA",
      "house": "",
      "postcode": "8200-317",
      "city": "ALBUFEIRA",
      "lon": "-8.22639284584001",
      "lat": "37.10481504844306"
    },
    {
      "id": "pt.ine.add.PTCONT.1701111",
      "street": "URB MONTE DA EIRA",
      "house": "",
      "postcode": "8200-317",
      "city": "ALBUFEIRA",
      "lon": "-8.22639284584001",
      "lat": "37.10481504844306"
    },
    {
      "id": "pt.ine.add.PTCONT.1701112",
      "street": "URB MONTE DA EIRA",
      "house": "",
      "postcode": "8200-317",
      "city": "ALBUFEIRA",
      "lon": "-8.22639284584001",
      "lat": "37.10481504844306"
    },
    {
      "id": "pt.ine.add.PTCONT.1701113",
      "street": "URB MONTE DA EIRA",
      "house": "",
      "postcode": "8200-317",
      "city": "ALBUFEIRA",
      "lon": "-8.22639284584001",
      "lat": "37.10481504844306"
    },
    {
      "id": "pt.ine.add.PTCONT.1701114",
      "street": "URB MONTE DA EIRA",
      "house": "",
      "postcode": "8200-317",
      "city": "ALBUFEIRA",
      "lon": "-8.22639284584001",
      "lat": "37.10481504844306"
    },
    {
      "id": "pt.ine.add.PTCONT.1701115",
      "street": "URB MONTE DA EIRA",
      "house": "",
      "postcode": "8200-317",
      "city": "ALBUFEIRA",
      "lon": "-8.22639284584001",
      "lat": "37.10481504844306"
    },
    {
      "id": "pt.ine.add.PTCONT.1701116",
      "street": "URB MONTE DA EIRA",
      "house": "",
      "postcode": "8200-317",
      "city": "ALBUFEIRA",
      "lon": "-8.22639284584001",
      "lat": "37.10481504844306"
    },
    {
      "id": "pt.ine.add.PTCONT.1701117",
      "street": "URB MONTE DA EIRA",
      "house": "",
      "postcode": "8200-317",
      "city": "ALBUFEIRA",
      "lon": "-8.22639284584001",
      "lat": "37.10481504844306"
    },
    {
      "id": "pt.ine.add.PTCONT.1715465",
      "street": "URB BREJOS",
      "house": "4",
      "postcode": "8200-317",
      "city": "ALBUFEIRA",
      "lon": "-8.230706620018788",
      "lat": "37.10874923379831"
    },
    {
      "id": "pt.ine.add.PTCONT.1721147",
      "street": "URB BREJOS",
      "house": "5",
      "postcode": "8200-317",
      "city": "ALBUFEIRA",
      "lon": "-8.229727516744344",
      "lat": "37.1085067479796"
    },
    {
      "id": "pt.ine.add.PTCONT.1726789",
      "street": "",
      "house": "",
      "postcode": "8200-317",
      "city": "ALBUFEIRA",
      "lon": "-8.222741152851018",
      "lat": "37.1086654161563"
    },
    {
      "id": "pt.ine.add.PTCONT.1726792",
      "street": "ESTR BREJOS",
      "house": "",
      "postcode": "8200-317",
      "city": "ALBUFEIRA",
      "lon": "-8.230458001690607",
      "lat": "37.10788441525023"
    },
    {
      "id": "pt.ine.add.PTCONT.1729712",
      "street": "",
      "house": "",
      "postcode": "8200-317",
      "city": "ALBUFEIRA",
      "lon": "-8.2262429263709",
      "lat": "37.111005487251674"
    },
    {
      "id": "pt.ine.add.PTCONT.1733751",
      "street": "URB SOLAR DOS VILARINHOS",
      "house": "3",
      "postcode": "8200-291",
      "city": "ALBUFEIRA",
      "lon": "-8.228855525125523",
      "lat": "37.1039750939521"
    },
    {
      "id": "pt.ine.add.PTCONT.1733752",
      "street": "URB SOLAR DOS VILARINHOS",
      "house": "3",
      "postcode": "8200-291",
      "city": "ALBUFEIRA",
      "lon": "-8.228855525125523",
      "lat": "37.1039750939521"
    },
    {
      "id": "pt.ine.add.PTCONT.1733753",
      "street": "URB SOLAR DOS VILARINHOS",
      "house": "3",
      "postcode": "8200-291",
      "city": "ALBUFEIRA",
      "lon": "-8.228855525125523",
      "lat": "37.1039750939521"
    },
    {
      "id": "pt.ine.add.PTCONT.1733754",
      "street": "URB SOLAR DOS VILARINHOS",
      "house": "3",
      "postcode": "8200-291",
      "city": "ALBUFEIRA",
      "lon": "-8.228855525125523",
      "lat": "37.1039750939521"
    },
    {
      "id": "pt.ine.add.PTCONT.1734692",
      "street": "URB SOLAR DOS VILARINHOS",
      "house": "3",
      "postcode": "8200-291",
      "city": "ALBUFEIRA",
      "lon": "-8.228855525125523",
      "lat": "37.1039750939521"
    },
    {
      "id": "pt.ine.add.PTCONT.1747358",
      "street": "ESTR BREJOS",
      "house": "",
      "postcode": "8200-317",
      "city": "ALBUFEIRA",
      "lon": "-8.230760952170327",
      "lat": "37.10725342017541"
    },
    {
      "id": "pt.ine.add.PTCONT.1747359",
      "street": "ESTR BREJOS",
      "house": "",
      "postcode": "8200-317",
      "city": "ALBUFEIRA",
      "lon": "-8.230760952170327",
      "lat": "37.10725342017541"
    },
    {
      "id": "pt.ine.add.PTCONT.1747404",
      "street": "ESTR BREJOS",
      "house": "",
      "postcode": "8200-317",
      "city": "ALBUFEIRA",
      "lon": "-8.230760952170327",
      "lat": "37.10725342017541"
    },
    {
      "id": "pt.ine.add.PTCONT.1753859",
      "street": "ESTR BREJOS",
      "house": "",
      "postcode": "8200-317",
      "city": "ALBUFEIRA",
      "lon": "-8.226681797948016",
      "lat": "37.11107722692622"
    },
    {
      "id": "pt.ine.add.PTCONT.1759431",
      "street": "URB SOLAR DOS VILARINHOS",
      "house": "",
      "postcode": "8200-317",
      "city": "ALBUFEIRA",
      "lon": "-8.227741581669067",
      "lat": "37.103804785600545"
    },
    {
      "id": "pt.ine.add.PTCONT.1759432",
      "street": "URB SOLAR DOS VILARINHOS",
      "house": "",
      "postcode": "8200-317",
      "city": "ALBUFEIRA",
      "lon": "-8.227741581669067",
      "lat": "37.103804785600545"
    },
    {
      "id": "pt.ine.add.PTCONT.1759433",
      "street": "URB SOLAR DOS VILARINHOS",
      "house": "",
      "postcode": "8200-317",
      "city": "ALBUFEIRA",
      "lon": "-8.227741581669067",
      "lat": "37.103804785600545"
    },
    {
      "id": "pt.ine.add.PTCONT.1759434",
      "street": "URB SOLAR DOS VILARINHOS",
      "house": "",
      "postcode": "8200-317",
      "city": "ALBUFEIRA",
      "lon": "-8.227741581669067",
      "lat": "37.103804785600545"
    },
    {
      "id": "pt.ine.add.PTCONT.1759435",
      "street": "URB SOLAR DOS VILARINHOS",
      "house": "",
      "postcode": "8200-317",
      "city": "ALBUFEIRA",
      "lon": "-8.227741581669067",
      "lat": "37.103804785600545"
    },
    {
      "id": "pt.ine.add.PTCONT.1759436",
      "street": "URB SOLAR DOS VILARINHOS",
      "house": "",
      "postcode": "8200-317",
      "city": "ALBUFEIRA",
      "lon": "-8.227741581669067",
      "lat": "37.103804785600545"
    },
    {
      "id": "pt.ine.add.PTCONT.1781089",
      "street": "ESTR BREJOS",
      "house": "",
      "postcode": "8200-317",
      "city": "ALBUFEIRA",
      "lon": "-8.229751368700077",
      "lat": "37.10956998576683"
    },
    {
      "id": "pt.ine.add.PTCONT.1781090",
      "street": "ESTR BREJOS",
      "house": "",
      "postcode": "8200-317",
      "city": "ALBUFEIRA",
      "lon": "-8.22982908037227",
      "lat": "37.10874995286373"
    },
    {
      "id": "pt.ine.add.PTCONT.1786799",
      "street": "ESTR BREJOS",
      "house": "",
      "postcode": "8200-317",
      "city": "ALBUFEIRA",
      "lon": "-8.2293561941361",
      "lat": "37.10846199669445"
    },
    {
      "id": "pt.ine.add.PTCONT.1789604",
      "street": "URB SOLAR DOS VILARINHOS",
      "house": "",
      "postcode": "8200-317",
      "city": "ALBUFEIRA",
      "lon": "-8.228438683966806",
      "lat": "37.103497864683874"
    },
    {
      "id": "pt.ine.add.PTCONT.1789605",
      "street": "URB SOLAR DOS VILARINHOS",
      "house": "",
      "postcode": "8200-317",
      "city": "ALBUFEIRA",
      "lon": "-8.228438683966806",
      "lat": "37.103497864683874"
    },
    {
      "id": "pt.ine.add.PTCONT.1789606",
      "street": "URB SOLAR VILARINHOS D",
      "house": "D",
      "postcode": "8200-317",
      "city": "ALBUFEIRA",
      "lon": "-8.228438683966806",
      "lat": "37.103497864683874"
    },
    {
      "id": "pt.ine.add.PTCONT.1789607",
      "street": "URB SOLAR DOS VILARINHOS",
      "house": "",
      "postcode": "8200-317",
      "city": "ALBUFEIRA",
      "lon": "-8.228438683966806",
      "lat": "37.103497864683874"
    },
    {
      "id": "pt.ine.add.PTCONT.1789608",
      "street": "URB SOLAR DOS VILARINHOS",
      "house": "",
      "postcode": "8200-317",
      "city": "ALBUFEIRA",
      "lon": "-8.228438683966806",
      "lat": "37.103497864683874"
    },
    {
      "id": "pt.ine.add.PTCONT.1789609",
      "street": "URB SOLAR DOS VILARINHOS",
      "house": "",
      "postcode": "8200-317",
      "city": "ALBUFEIRA",
      "lon": "-8.228438683966806",
      "lat": "37.103497864683874"
    },
    {
      "id": "pt.ine.add.PTCONT.1789610",
      "street": "URB SOLAR DOS VILARINHOS",
      "house": "",
      "postcode": "8200-317",
      "city": "ALBUFEIRA",
      "lon": "-8.228438683966806",
      "lat": "37.103497864683874"
    },
    {
      "id": "pt.ine.add.PTCONT.1789611",
      "street": "URB SOLAR DOS VILARINHOS",
      "house": "",
      "postcode": "8200-317",
      "city": "ALBUFEIRA",
      "lon": "-8.228438683966806",
      "lat": "37.103497864683874"
    },
    {
      "id": "pt.ine.add.PTCONT.1789612",
      "street": "URB SOLAR DOS VILARINHOS",
      "house": "",
      "postcode": "8200-317",
      "city": "ALBUFEIRA",
      "lon": "-8.228438683966806",
      "lat": "37.103497864683874"
    },
    {
      "id": "pt.ine.add.PTCONT.1797683",
      "street": "ESTR BREJOS",
      "house": "",
      "postcode": "8200-317",
      "city": "ALBUFEIRA",
      "lon": "-8.229962939058924",
      "lat": "37.107848778041976"
    },
    {
      "id": "pt.ine.add.PTCONT.1809699",
      "street": "ESTR BREJOS",
      "house": "",
      "postcode": "8200-317",
      "city": "ALBUFEIRA",
      "lon": "-8.23082926423615",
      "lat": "37.10788410985966"
    },
    {
      "id": "pt.ine.add.PTCONT.1813028",
      "street": "ESTR BREJOS",
      "house": "",
      "postcode": "8200-317",
      "city": "ALBUFEIRA",
      "lon": "-8.23070435389297",
      "lat": "37.10698314705462"
    },
    {
      "id": "pt.ine.add.PTCONT.1816337",
      "street": "URB SOLAR DOS VILARINHOS",
      "house": "",
      "postcode": "8200-317",
      "city": "ALBUFEIRA",
      "lon": "-8.227617957252273",
      "lat": "37.1039040014841"
    },
    {
      "id": "pt.ine.add.PTCONT.1816338",
      "street": "URB SOLAR VILARINHOS",
      "house": "16",
      "postcode": "8200-317",
      "city": "ALBUFEIRA",
      "lon": "-8.227617957252273",
      "lat": "37.1039040014841"
    },
    {
      "id": "pt.ine.add.PTCONT.1816339",
      "street": "URB SOLAR DOS VILARINHOS",
      "house": "",
      "postcode": "8200-317",
      "city": "ALBUFEIRA",
      "lon": "-8.227617957252273",
      "lat": "37.1039040014841"
    },
    {
      "id": "pt.ine.add.PTCONT.1816446",
      "street": "URB SOLAR DOS VILARINHOS",
      "house": "",
      "postcode": "8200-317",
      "city": "ALBUFEIRA",
      "lon": "-8.227617957252273",
      "lat": "37.1039040014841"
    },
    {
      "id": "pt.ine.add.PTCONT.1818255",
      "street": "URB SOLAR DOS VILARINHOS",
      "house": "",
      "postcode": "8200-317",
      "city": "ALBUFEIRA",
      "lon": "-8.227617957252273",
      "lat": "37.1039040014841"
    },
    {
      "id": "pt.ine.add.PTCONT.1835793",
      "street": "ESTR BREJOS CONDOMINIO BRISA DOS BREJOS",
      "house": "",
      "postcode": "8200-317",
      "city": "ALBUFEIRA",
      "lon": "-8.230603863940448",
      "lat": "37.107577933089544"
    },
    {
      "id": "pt.ine.add.PTCONT.1835794",
      "street": "ESTR BREJOS CONDOMINIO BRISA DOS BREJOS",
      "house": "",
      "postcode": "8200-317",
      "city": "ALBUFEIRA",
      "lon": "-8.230603863940448",
      "lat": "37.107577933089544"
    },
    {
      "id": "pt.ine.add.PTCONT.1835795",
      "street": "ESTR BREJOS CONDOMINIO BRISA DOS BREJOS",
      "house": "",
      "postcode": "8200-317",
      "city": "ALBUFEIRA",
      "lon": "-8.230603863940448",
      "lat": "37.107577933089544"
    },
    {
      "id": "pt.ine.add.PTCONT.1835796",
      "street": "ESTR BREJOS CONDOMINIO BRISA DOS BREJOS",
      "house": "",
      "postcode": "8200-317",
      "city": "ALBUFEIRA",
      "lon": "-8.230603863940448",
      "lat": "37.107577933089544"
    },
    {
      "id": "pt.ine.add.PTCONT.1835797",
      "street": "ESTR BREJOS CONDOMINIO BRISA DOS BREJOS",
      "house": "",
      "postcode": "8200-317",
      "city": "ALBUFEIRA",
      "lon": "-8.230603863940448",
      "lat": "37.107577933089544"
    },
    {
      "id": "pt.ine.add.PTCONT.1835798",
      "street": "ESTR BREJOS CONDOMINIO BRISA DOS BREJOS",
      "house": "",
      "postcode": "8200-317",
      "city": "ALBUFEIRA",
      "lon": "-8.230603863940448",
      "lat": "37.107577933089544"
    },
    {
      "id": "pt.ine.add.PTCONT.1835799",
      "street": "ESTR BREJOS CONDOMINIO BRISA DOS BREJOS",
      "house": "",
      "postcode": "8200-317",
      "city": "ALBUFEIRA",
      "lon": "-8.230603863940448",
      "lat": "37.107577933089544"
    },
    {
      "id": "pt.ine.add.PTCONT.1835800",
      "street": "ESTR BREJOS CONDOMINIO BRISA DOS BREJOS",
      "house": "",
      "postcode": "8200-317",
      "city": "ALBUFEIRA",
      "lon": "-8.230603863940448",
      "lat": "37.107577933089544"
    },
    {
      "id": "pt.ine.add.PTCONT.1835801",
      "street": "ESTR BREJOS CONDOMINIO BRISA DOS BREJOS",
      "house": "",
      "postcode": "8200-317",
      "city": "ALBUFEIRA",
      "lon": "-8.230603863940448",
      "lat": "37.107577933089544"
    },
    {
      "id": "pt.ine.add.PTCONT.1835802",
      "street": "ESTR BREJOS CONDOMINIO BRISA DOS BREJOS",
      "house": "",
      "postcode": "8200-317",
      "city": "ALBUFEIRA",
      "lon": "-8.230603863940448",
      "lat": "37.107577933089544"
    },
    {
      "id": "pt.ine.add.PTCONT.1835803",
      "street": "ESTR BREJOS CONDOMINIO BRISA DOS BREJOS",
      "house": "",
      "postcode": "8200-317",
      "city": "ALBUFEIRA",
      "lon": "-8.230603863940448",
      "lat": "37.107577933089544"
    },
    {
      "id": "pt.ine.add.PTCONT.1835804",
      "street": "ESTR BREJOS CONDOMINIO BRISA DOS BREJOS",
      "house": "",
      "postcode": "8200-317",
      "city": "ALBUFEIRA",
      "lon": "-8.230603863940448",
      "lat": "37.107577933089544"
    },
    {
      "id": "pt.ine.add.PTCONT.1835805",
      "street": "ESTR BREJOS CONDOMINIO BRISA DOS BREJOS",
      "house": "",
      "postcode": "8200-317",
      "city": "ALBUFEIRA",
      "lon": "-8.230603863940448",
      "lat": "37.107577933089544"
    },
    {
      "id": "pt.ine.add.PTCONT.1835806",
      "street": "ESTR BREJOS CONDOMINIO BRISA DOS BREJOS",
      "house": "",
      "postcode": "8200-317",
      "city": "ALBUFEIRA",
      "lon": "-8.230603863940448",
      "lat": "37.107577933089544"
    },
    {
      "id": "pt.ine.add.PTCONT.1835807",
      "street": "R BREJOS",
      "house": "16",
      "postcode": "8200-317",
      "city": "ALBUFEIRA",
      "lon": "-8.230603863940448",
      "lat": "37.107577933089544"
    },
    {
      "id": "pt.ine.add.PTCONT.1835808",
      "street": "ESTR BREJOS CONDOMINIO BRISA DOS BREJOS",
      "house": "",
      "postcode": "8200-317",
      "city": "ALBUFEIRA",
      "lon": "-8.230603863940448",
      "lat": "37.107577933089544"
    },
    {
      "id": "pt.ine.add.PTCONT.1835809",
      "street": "ESTR BREJOS CONDOMINIO BRISA DOS BREJOS",
      "house": "",
      "postcode": "8200-317",
      "city": "ALBUFEIRA",
      "lon": "-8.230603863940448",
      "lat": "37.107577933089544"
    },
    {
      "id": "pt.ine.add.PTCONT.1835810",
      "street": "ESTR BREJOS CONDOMINIO BRISA DOS BREJOS",
      "house": "",
      "postcode": "8200-317",
      "city": "ALBUFEIRA",
      "lon": "-8.230603863940448",
      "lat": "37.107577933089544"
    },
    {
      "id": "pt.ine.add.PTCONT.1835811",
      "street": "ESTR BREJOS CONDOMINIO BRISA DOS BREJOS",
      "house": "",
      "postcode": "8200-317",
      "city": "ALBUFEIRA",
      "lon": "-8.230603863940448",
      "lat": "37.107577933089544"
    },
    {
      "id": "pt.ine.add.PTCONT.1835812",
      "street": "ESTR BREJOS CONDOMINIO BRISA DOS BREJOS",
      "house": "",
      "postcode": "8200-317",
      "city": "ALBUFEIRA",
      "lon": "-8.230603863940448",
      "lat": "37.107577933089544"
    },
    {
      "id": "pt.ine.add.PTCONT.1835813",
      "street": "ESTR BREJOS CONDOMINIO BRISA DOS BREJOS",
      "house": "",
      "postcode": "8200-317",
      "city": "ALBUFEIRA",
      "lon": "-8.230603863940448",
      "lat": "37.107577933089544"
    },
    {
      "id": "pt.ine.add.PTCONT.1839916",
      "street": "R MANUEL TEIXEIRA GOMES",
      "house": "AT",
      "postcode": "8200-291",
      "city": "ALBUFEIRA",
      "lon": "-8.229530696010483",
      "lat": "37.104118717448216"
    },
    {
      "id": "pt.ine.add.PTCONT.1840979",
      "street": "R MANUEL TEIXEIRA GOMES G",
      "house": "G",
      "postcode": "8200-291",
      "city": "ALBUFEIRA",
      "lon": "-8.229621003259886",
      "lat": "37.1043619318476"
    },
    {
      "id": "pt.ine.add.PTCONT.1842035",
      "street": "BC BREJOS",
      "house": "451 K",
      "postcode": "8200-317",
      "city": "ALBUFEIRA",
      "lon": "-8.22578019249854",
      "lat": "37.109816443669175"
    },
    {
      "id": "pt.ine.add.PTCONT.1843467",
      "street": "ESTR BREJOS CONDOMINIO BRISA DOS BREJOS",
      "house": "",
      "postcode": "8200-317",
      "city": "ALBUFEIRA",
      "lon": "-8.230603863940448",
      "lat": "37.107577933089544"
    },
    {
      "id": "pt.ine.add.PTCONT.1844098",
      "street": "URB SOLAR DOS VILARINHOS",
      "house": "",
      "postcode": "8200-317",
      "city": "ALBUFEIRA",
      "lon": "-8.228438683966806",
      "lat": "37.103497864683874"
    },
    {
      "id": "pt.ine.add.PTCONT.1845547",
      "street": "URB MONTE DA EIRA",
      "house": "",
      "postcode": "8200-317",
      "city": "ALBUFEIRA",
      "lon": "-8.22639284584001",
      "lat": "37.10481504844306"
    }
  ]
}