{
  "data": {
    "distrito": "Porto",
    "concelho": "Matosinhos",
    "freguesia": "União das freguesias de Perafita, Lavra e Santa Cruz do Bispo",
    "OBJECTID": 514,
    "BGRI2021": "13081300213",
    "DT21": "13",
    "DTMN21": "1308",
    "DTMNFR21": "130813",
    "DTMNFRSEC21": "130813002",
    "SECNUM21": "002",
    "SSNUM21": "13",
    "SECSSNUM21": "00213",
    "OBJECTID_1": 132356,
    "DT": "13",
    "CC": "08",
    "fr": "13",
    "SEC": "002",
    "SS": "13"
  },
  "addresses": [
    {
      "id": "pt.ine.add.PTCONT.3547636",
      "street": "R ANTELA",
      "house": "1431",
      "postcode": "4455-050",
      "city": "LAVRA",
      "lon": "-8.721971688069",
      "lat": "41.26005468491452"
    },
    {
      "id": "pt.ine.add.PTCONT.3547680",
      "street": "TV CERTAGEM",
      "house": "12",
      "postcode": "4455-096",
      "city": "LAVRA",
      "lon": "-8.722991335545798",
      "lat": "41.259346999880364"
    },
    {
      "id": "pt.ine.add.PTCONT.3560941",
      "street": "R FUNTAO",
      "house": "197",
      "postcode": "4455-145",
      "city": "LAVRA",
      "lon": "-8.721363311110107",
      "lat": "41.25746264357949"
    },
    {
      "id": "pt.ine.add.PTCONT.3570814",
      "street": "R ANTELA",
      "house": "839",
      "postcode": "4455-048",
      "city": "LAVRA",
      "lon": "-8.71793867178483",
      "lat": "41.25856949202295"
    },
    {
      "id": "pt.ine.add.PTCONT.3595084",
      "street": "R ANTELA",
      "house": "833",
      "postcode": "4455-049",
      "city": "LAVRA",
      "lon": "-8.718024256187277",
      "lat": "41.258478674315946"
    },
    {
      "id": "pt.ine.add.PTCONT.3656132",
      "street": "R ANTELA",
      "house": "1451",
      "postcode": "4455-050",
      "city": "LAVRA",
      "lon": "-8.72223899573149",
      "lat": "41.26006067111811"
    },
    {
      "id": "pt.ine.add.PTCONT.3656133",
      "street": "R ANTELA",
      "house": "1451",
      "postcode": "4455-050",
      "city": "LAVRA",
      "lon": "-8.72223899573149",
      "lat": "41.26006067111811"
    },
    {
      "id": "pt.ine.add.PTCONT.3741246",
      "street": "R FUNTAO",
      "house": "189",
      "postcode": "4455-145",
      "city": "LAVRA",
      "lon": "-8.72152291262439",
      "lat": "41.25747555036823"
    },
    {
      "id": "pt.ine.add.PTCONT.3777161",
      "street": "R ANTELA",
      "house": "1447",
      "postcode": "4455-050",
      "city": "LAVRA",
      "lon": "-8.722091170114378",
      "lat": "41.260072082072654"
    },
    {
      "id": "pt.ine.add.PTCONT.3842775",
      "street": "TV FUNTAO",
      "house": "31",
      "postcode": "4455-145",
      "city": "LAVRA",
      "lon": "-8.722230003359545",
      "lat": "41.257412094559406"
    },
    {
      "id": "pt.ine.add.PTCONT.3842776",
      "street": "TV FUNTAO",
      "house": "31",
      "postcode": "4455-145",
      "city": "LAVRA",
      "lon": "-8.722230003359545",
      "lat": "41.257412094559406"
    },
    {
      "id": "pt.ine.add.PTCONT.3842777",
      "street": "TV FUNTAO",
      "house": "31",
      "postcode": "4455-145",
      "city": "LAVRA",
      "lon": "-8.722230003359545",
      "lat": "41.257412094559406"
    },
    {
      "id": "pt.ine.add.PTCONT.3857559",
      "street": "R ANTELA",
      "house": "",
      "postcode": "4455-055",
      "city": "LAVRA",
      "lon": "-8.722636885681132",
      "lat": "41.25971812662018"
    },
    {
      "id": "pt.ine.add.PTCONT.3897275",
      "street": "TV CERTAGEM",
      "house": "23",
      "postcode": "4455-096",
      "city": "LAVRA",
      "lon": "-8.722893282271164",
      "lat": "41.259497453991564"
    },
    {
      "id": "pt.ine.add.PTCONT.3904398",
      "street": "R FUNTAO",
      "house": "217",
      "postcode": "4455-145",
      "city": "LAVRA",
      "lon": "-8.721176473186729",
      "lat": "41.25745622632846"
    },
    {
      "id": "pt.ine.add.PTCONT.3977360",
      "street": "TV CERTAGEM",
      "house": "32",
      "postcode": "4455-050",
      "city": "LAVRA",
      "lon": "-8.722836139280608",
      "lat": "41.25933872052533"
    },
    {
      "id": "pt.ine.add.PTCONT.3986366",
      "street": "TV FUNTAO",
      "house": "8",
      "postcode": "4455-145",
      "city": "LAVRA",
      "lon": "-8.722003379986853",
      "lat": "41.2574009902541"
    },
    {
      "id": "pt.ine.add.PTCONT.3986367",
      "street": "TV FUNTAO",
      "house": "8",
      "postcode": "4455-145",
      "city": "LAVRA",
      "lon": "-8.722003379986853",
      "lat": "41.2574009902541"
    },
    {
      "id": "pt.ine.add.PTCONT.4032068",
      "street": "R FUNTAO",
      "house": "121",
      "postcode": "4455-145",
      "city": "LAVRA",
      "lon": "-8.722212558469245",
      "lat": "41.257216999542415"
    },
    {
      "id": "pt.ine.add.PTCONT.4032110",
      "street": "R ANTELA",
      "house": "1575",
      "postcode": "4455-050",
      "city": "LAVRA",
      "lon": "-8.723498576110805",
      "lat": "41.2600530322291"
    },
    {
      "id": "pt.ine.add.PTCONT.4032111",
      "street": "R ANTELA",
      "house": "1575",
      "postcode": "4455-050",
      "city": "LAVRA",
      "lon": "-8.723498576110805",
      "lat": "41.2600530322291"
    },
    {
      "id": "pt.ine.add.PTCONT.4077872",
      "street": "R ANTELA",
      "house": "1457",
      "postcode": "4455-050",
      "city": "LAVRA",
      "lon": "-8.72248427947981",
      "lat": "41.25999803705261"
    },
    {
      "id": "pt.ine.add.PTCONT.4077875",
      "street": "R FUNTAO",
      "house": "193",
      "postcode": "4455-145",
      "city": "LAVRA",
      "lon": "-8.721434687010884",
      "lat": "41.25745923636658"
    },
    {
      "id": "pt.ine.add.PTCONT.4104276",
      "street": "TV CERTAGEM",
      "house": "17",
      "postcode": "4455-096",
      "city": "LAVRA",
      "lon": "-8.722961232653786",
      "lat": "41.259499943097985"
    },
    {
      "id": "pt.ine.add.PTCONT.4107909",
      "street": "TV CERTAGEM",
      "house": "17",
      "postcode": "4455-096",
      "city": "LAVRA",
      "lon": "-8.722961232653786",
      "lat": "41.259499943097985"
    },
    {
      "id": "pt.ine.add.PTCONT.4123761",
      "street": "TV FUNTAO",
      "house": "19",
      "postcode": "4455-145",
      "city": "LAVRA",
      "lon": "-8.722201616039895",
      "lat": "41.25735821479418"
    },
    {
      "id": "pt.ine.add.PTCONT.4130189",
      "street": "R CERTAGEM",
      "house": "103",
      "postcode": "4455-097",
      "city": "LAVRA",
      "lon": "-8.723217671758373",
      "lat": "41.2592737364638"
    },
    {
      "id": "pt.ine.add.PTCONT.4130190",
      "street": "TV CERTAGEM",
      "house": "63",
      "postcode": "4455-096",
      "city": "LAVRA",
      "lon": "-8.722384117139091",
      "lat": "41.25952686294151"
    },
    {
      "id": "pt.ine.add.PTCONT.4141704",
      "street": "TV FUNTAO",
      "house": "100",
      "postcode": "4455-145",
      "city": "LAVRA",
      "lon": "-8.72223719280792",
      "lat": "41.25814990706703"
    },
    {
      "id": "pt.ine.add.PTCONT.4141705",
      "street": "TV FUNTAO",
      "house": "100",
      "postcode": "4455-145",
      "city": "LAVRA",
      "lon": "-8.72223719280792",
      "lat": "41.25814990706703"
    },
    {
      "id": "pt.ine.add.PTCONT.4141706",
      "street": "TV FUNTAO",
      "house": "100",
      "postcode": "4455-145",
      "city": "LAVRA",
      "lon": "-8.72223719280792",
      "lat": "41.25814990706703"
    },
    {
      "id": "pt.ine.add.PTCONT.4141710",
      "street": "TV FUNTAO",
      "house": "100",
      "postcode": "4455-145",
      "city": "LAVRA",
      "lon": "-8.72223719280792",
      "lat": "41.25814990706703"
    },
    {
      "id": "pt.ine.add.PTCONT.4141712",
      "street": "TV FUNTAO",
      "house": "100",
      "postcode": "4455-145",
      "city": "LAVRA",
      "lon": "-8.72223719280792",
      "lat": "41.25814990706703"
    },
    {
      "id": "pt.ine.add.PTCONT.4143706",
      "street": "TV CERTAGEM",
      "house": "33",
      "postcode": "4455-096",
      "city": "LAVRA",
      "lon": "-8.722758433335192",
      "lat": "41.259516153028315"
    },
    {
      "id": "pt.ine.add.PTCONT.4156761",
      "street": "R CERTAGEM",
      "house": "87",
      "postcode": "4455-097",
      "city": "LAVRA",
      "lon": "-8.723146274607492",
      "lat": "41.25931635623513"
    },
    {
      "id": "pt.ine.add.PTCONT.4170736",
      "street": "R FUNTAO",
      "house": "201",
      "postcode": "4455-145",
      "city": "LAVRA",
      "lon": "-8.721298714236733",
      "lat": "41.2574623721287"
    },
    {
      "id": "pt.ine.add.PTCONT.4210928",
      "street": "R ANTELA",
      "house": "1565",
      "postcode": "4455-050",
      "city": "LAVRA",
      "lon": "-8.723697823949713",
      "lat": "41.26009079396785"
    },
    {
      "id": "pt.ine.add.PTCONT.4215710",
      "street": "TV FUNTAO",
      "house": "",
      "postcode": "4455-145",
      "city": "LAVRA",
      "lon": "-8.722449854786925",
      "lat": "41.257966179050484"
    },
    {
      "id": "pt.ine.add.PTCONT.4222095",
      "street": "TV FUNTAO",
      "house": "N8",
      "postcode": "4455-145",
      "city": "LAVRA",
      "lon": "-8.721833271642463",
      "lat": "41.25751012093873"
    },
    {
      "id": "pt.ine.add.PTCONT.4296019",
      "street": "TV CERTAGEM",
      "house": "45",
      "postcode": "4455-096",
      "city": "LAVRA",
      "lon": "-8.722654765605872",
      "lat": "41.259522569937154"
    },
    {
      "id": "pt.ine.add.PTCONT.4296020",
      "street": "TV CERTAGEM",
      "house": "45",
      "postcode": "4455-096",
      "city": "LAVRA",
      "lon": "-8.722654765605872",
      "lat": "41.259522569937154"
    },
    {
      "id": "pt.ine.add.PTCONT.4301650",
      "street": "R ANTELA",
      "house": "",
      "postcode": "4455-048",
      "city": "LAVRA",
      "lon": "-8.718021214668793",
      "lat": "41.25840859501776"
    },
    {
      "id": "pt.ine.add.PTCONT.4308372",
      "street": "R FUNTAO",
      "house": "205",
      "postcode": "4455-145",
      "city": "LAVRA",
      "lon": "-8.721230700715434",
      "lat": "41.25744754754775"
    },
    {
      "id": "pt.ine.add.PTCONT.4308373",
      "street": "R OFÉLIA DA CRUZ COSTA",
      "house": "",
      "postcode": "4455-145",
      "city": "LAVRA",
      "lon": "-8.723011601574683",
      "lat": "41.25760022804777"
    },
    {
      "id": "pt.ine.add.PTCONT.4334819",
      "street": "R ANTELA",
      "house": "845",
      "postcode": "4455-049",
      "city": "LAVRA",
      "lon": "-8.71792224818674",
      "lat": "41.25862474038403"
    },
    {
      "id": "pt.ine.add.PTCONT.4334851",
      "street": "R ANTELA",
      "house": "1565",
      "postcode": "4455-050",
      "city": "LAVRA",
      "lon": "-8.723653616749127",
      "lat": "41.259992045147094"
    },
    {
      "id": "pt.ine.add.PTCONT.4347432",
      "street": "TV CERTAGEM",
      "house": "49",
      "postcode": "4455-096",
      "city": "LAVRA",
      "lon": "-8.722480012341638",
      "lat": "41.259523394410216"
    },
    {
      "id": "pt.ine.add.PTCONT.4352682",
      "street": "R CERTAGEM",
      "house": "57",
      "postcode": "4455-097",
      "city": "LAVRA",
      "lon": "-8.723057461965306",
      "lat": "41.2595957991263"
    },
    {
      "id": "pt.ine.add.PTCONT.4352830",
      "street": "R CERTAGEM",
      "house": "57",
      "postcode": "4455-097",
      "city": "LAVRA",
      "lon": "-8.723057461965306",
      "lat": "41.2595957991263"
    }
  ]
}