{
  "data": {
    "distrito": "Faro",
    "concelho": "Vila Real de Santo António",
    "freguesia": "Monte Gordo",
    "OBJECTID": 355,
    "BGRI2021": "08160300102",
    "DT21": "08",
    "DTMN21": "0816",
    "DTMNFR21": "081603",
    "DTMNFRSEC21": "081603001",
    "SECNUM21": "001",
    "SSNUM21": "02",
    "SECSSNUM21": "00102",
    "OBJECTID_1": 74499,
    "DT": "08",
    "CC": "16",
    "fr": "03",
    "SEC": "001",
    "SS": "02"
  },
  "addresses": [
    {
      "id": "pt.ine.add.PTCONT.1549621",
      "street": "R SEM NOME",
      "house": "",
      "postcode": "8900-435",
      "city": "MONTE GORDO",
      "lon": "-7.448234124080856",
      "lat": "37.180237446101096"
    },
    {
      "id": "pt.ine.add.PTCONT.1549622",
      "street": "R SEM NOME",
      "house": "",
      "postcode": "8900-435",
      "city": "MONTE GORDO",
      "lon": "-7.448234124080856",
      "lat": "37.180237446101096"
    },
    {
      "id": "pt.ine.add.PTCONT.1549623",
      "street": "R SEM NOME",
      "house": "",
      "postcode": "8900-435",
      "city": "MONTE GORDO",
      "lon": "-7.448234124080856",
      "lat": "37.180237446101096"
    },
    {
      "id": "pt.ine.add.PTCONT.1549624",
      "street": "R SEM NOME",
      "house": "",
      "postcode": "8900-435",
      "city": "MONTE GORDO",
      "lon": "-7.448234124080856",
      "lat": "37.180237446101096"
    },
    {
      "id": "pt.ine.add.PTCONT.1549625",
      "street": "R SEM NOME",
      "house": "",
      "postcode": "8900-435",
      "city": "MONTE GORDO",
      "lon": "-7.448234124080856",
      "lat": "37.180237446101096"
    },
    {
      "id": "pt.ine.add.PTCONT.1549626",
      "street": "R SEM NOME",
      "house": "",
      "postcode": "8900-435",
      "city": "MONTE GORDO",
      "lon": "-7.448234124080856",
      "lat": "37.180237446101096"
    },
    {
      "id": "pt.ine.add.PTCONT.1549627",
      "street": "R SEM NOME",
      "house": "",
      "postcode": "8900-435",
      "city": "MONTE GORDO",
      "lon": "-7.448234124080856",
      "lat": "37.180237446101096"
    },
    {
      "id": "pt.ine.add.PTCONT.1549628",
      "street": "R SEM NOME",
      "house": "",
      "postcode": "8900-435",
      "city": "MONTE GORDO",
      "lon": "-7.448234124080856",
      "lat": "37.180237446101096"
    },
    {
      "id": "pt.ine.add.PTCONT.1549629",
      "street": "R SEM NOME",
      "house": "",
      "postcode": "8900-435",
      "city": "MONTE GORDO",
      "lon": "-7.448234124080856",
      "lat": "37.180237446101096"
    },
    {
      "id": "pt.ine.add.PTCONT.1549745",
      "street": "R SEM NOME",
      "house": "",
      "postcode": "8900-435",
      "city": "MONTE GORDO",
      "lon": "-7.448234124080856",
      "lat": "37.180237446101096"
    },
    {
      "id": "pt.ine.add.PTCONT.1565195",
      "street": "R SEM NOME",
      "house": "",
      "postcode": "8900-444",
      "city": "MONTE GORDO",
      "lon": "-7.4483933136252025",
      "lat": "37.18006716904043"
    },
    {
      "id": "pt.ine.add.PTCONT.1565196",
      "street": "R SEM NOME",
      "house": "",
      "postcode": "8900-444",
      "city": "MONTE GORDO",
      "lon": "-7.4483933136252025",
      "lat": "37.18006716904043"
    },
    {
      "id": "pt.ine.add.PTCONT.1565197",
      "street": "R SEM NOME",
      "house": "",
      "postcode": "8900-444",
      "city": "MONTE GORDO",
      "lon": "-7.4483933136252025",
      "lat": "37.18006716904043"
    },
    {
      "id": "pt.ine.add.PTCONT.1565198",
      "street": "R SEM NOME",
      "house": "",
      "postcode": "8900-444",
      "city": "MONTE GORDO",
      "lon": "-7.4483933136252025",
      "lat": "37.18006716904043"
    },
    {
      "id": "pt.ine.add.PTCONT.1565199",
      "street": "R SEM NOME",
      "house": "",
      "postcode": "8900-444",
      "city": "MONTE GORDO",
      "lon": "-7.4483933136252025",
      "lat": "37.18006716904043"
    },
    {
      "id": "pt.ine.add.PTCONT.1565200",
      "street": "R SEM NOME",
      "house": "",
      "postcode": "8900-444",
      "city": "MONTE GORDO",
      "lon": "-7.4483933136252025",
      "lat": "37.18006716904043"
    },
    {
      "id": "pt.ine.add.PTCONT.1565201",
      "street": "R SEM NOME",
      "house": "",
      "postcode": "8900-444",
      "city": "MONTE GORDO",
      "lon": "-7.4483933136252025",
      "lat": "37.18006716904043"
    },
    {
      "id": "pt.ine.add.PTCONT.1565202",
      "street": "R SEM NOME",
      "house": "",
      "postcode": "8900-444",
      "city": "MONTE GORDO",
      "lon": "-7.4483933136252025",
      "lat": "37.18006716904043"
    },
    {
      "id": "pt.ine.add.PTCONT.1565203",
      "street": "R SEM NOME",
      "house": "",
      "postcode": "8900-444",
      "city": "MONTE GORDO",
      "lon": "-7.4483933136252025",
      "lat": "37.18006716904043"
    },
    {
      "id": "pt.ine.add.PTCONT.1565204",
      "street": "R SEM NOME",
      "house": "",
      "postcode": "8900-444",
      "city": "MONTE GORDO",
      "lon": "-7.4483933136252025",
      "lat": "37.18006716904043"
    },
    {
      "id": "pt.ine.add.PTCONT.1565205",
      "street": "R SEM NOME",
      "house": "",
      "postcode": "8900-444",
      "city": "MONTE GORDO",
      "lon": "-7.4483933136252025",
      "lat": "37.18006716904043"
    },
    {
      "id": "pt.ine.add.PTCONT.1565206",
      "street": "R SEM NOME",
      "house": "",
      "postcode": "8900-444",
      "city": "MONTE GORDO",
      "lon": "-7.4483933136252025",
      "lat": "37.18006716904043"
    },
    {
      "id": "pt.ine.add.PTCONT.1565207",
      "street": "R SEM NOME",
      "house": "",
      "postcode": "8900-444",
      "city": "MONTE GORDO",
      "lon": "-7.4483933136252025",
      "lat": "37.18006716904043"
    },
    {
      "id": "pt.ine.add.PTCONT.1565212",
      "street": "R SEM NOME",
      "house": "",
      "postcode": "8900-444",
      "city": "MONTE GORDO",
      "lon": "-7.4483933136252025",
      "lat": "37.18006716904043"
    },
    {
      "id": "pt.ine.add.PTCONT.1565218",
      "street": "R SEM NOME",
      "house": "",
      "postcode": "8900-444",
      "city": "MONTE GORDO",
      "lon": "-7.4483933136252025",
      "lat": "37.18006716904043"
    },
    {
      "id": "pt.ine.add.PTCONT.1588814",
      "street": "R D FRANCISCO DE ALMEIDA APARTAMENTOS BAIA DO GUADIANA",
      "house": "6",
      "postcode": "8900-444",
      "city": "MONTE GORDO",
      "lon": "-7.44852851836931",
      "lat": "37.18005893992703"
    },
    {
      "id": "pt.ine.add.PTCONT.1588815",
      "street": "R D FRANCISCO DE ALMEIDA APARTAMENTOS BAIA DO GUADIANA",
      "house": "6",
      "postcode": "8900-444",
      "city": "MONTE GORDO",
      "lon": "-7.44852851836931",
      "lat": "37.18005893992703"
    },
    {
      "id": "pt.ine.add.PTCONT.1588816",
      "street": "R D FRANCISCO DE ALMEIDA APARTAMENTOS BAIA DO GUADIANA",
      "house": "6",
      "postcode": "8900-444",
      "city": "MONTE GORDO",
      "lon": "-7.44852851836931",
      "lat": "37.18005893992703"
    },
    {
      "id": "pt.ine.add.PTCONT.1588817",
      "street": "R D FRANCISCO DE ALMEIDA APARTAMENTOS BAIA DO GUADIANA",
      "house": "6",
      "postcode": "8900-444",
      "city": "MONTE GORDO",
      "lon": "-7.44852851836931",
      "lat": "37.18005893992703"
    },
    {
      "id": "pt.ine.add.PTCONT.1588818",
      "street": "R D FRANCISCO DE ALMEIDA APARTAMENTOS BAIA DO GUADIANA",
      "house": "6",
      "postcode": "8900-444",
      "city": "MONTE GORDO",
      "lon": "-7.44852851836931",
      "lat": "37.18005893992703"
    },
    {
      "id": "pt.ine.add.PTCONT.1588819",
      "street": "R D FRANCISCO DE ALMEIDA APARTAMENTOS BAIA DO GUADIANA",
      "house": "6",
      "postcode": "8900-444",
      "city": "MONTE GORDO",
      "lon": "-7.44852851836931",
      "lat": "37.18005893992703"
    },
    {
      "id": "pt.ine.add.PTCONT.1588820",
      "street": "R D FRANCISCO DE ALMEIDA APARTAMENTOS BAIA DO GUADIANA",
      "house": "6",
      "postcode": "8900-444",
      "city": "MONTE GORDO",
      "lon": "-7.44852851836931",
      "lat": "37.18005893992703"
    },
    {
      "id": "pt.ine.add.PTCONT.1588821",
      "street": "R D FRANCISCO DE ALMEIDA APARTAMENTOS BAIA DO GUADIANA",
      "house": "6",
      "postcode": "8900-444",
      "city": "MONTE GORDO",
      "lon": "-7.44852851836931",
      "lat": "37.18005893992703"
    },
    {
      "id": "pt.ine.add.PTCONT.1588822",
      "street": "R D FRANCISCO DE ALMEIDA APARTAMENTOS BAIA DO GUADIANA",
      "house": "6",
      "postcode": "8900-444",
      "city": "MONTE GORDO",
      "lon": "-7.44852851836931",
      "lat": "37.18005893992703"
    },
    {
      "id": "pt.ine.add.PTCONT.1588823",
      "street": "R D FRANCISCO DE ALMEIDA APARTAMENTOS BAIA DO GUADIANA",
      "house": "6",
      "postcode": "8900-444",
      "city": "MONTE GORDO",
      "lon": "-7.44852851836931",
      "lat": "37.18005893992703"
    },
    {
      "id": "pt.ine.add.PTCONT.1588848",
      "street": "R D FRANCISCO DE ALMEIDA APARTAMENTOS BAIA DO GUADIANA",
      "house": "6",
      "postcode": "8900-444",
      "city": "MONTE GORDO",
      "lon": "-7.44852851836931",
      "lat": "37.18005893992703"
    },
    {
      "id": "pt.ine.add.PTCONT.1588849",
      "street": "R D FRANCISCO DE ALMEIDA APARTAMENTOS BAIA DO GUADIANA",
      "house": "6",
      "postcode": "8900-444",
      "city": "MONTE GORDO",
      "lon": "-7.44852851836931",
      "lat": "37.18005893992703"
    },
    {
      "id": "pt.ine.add.PTCONT.1588850",
      "street": "R D FRANCISCO DE ALMEIDA APARTAMENTOS BAIA DO GUADIANA",
      "house": "6",
      "postcode": "8900-444",
      "city": "MONTE GORDO",
      "lon": "-7.44852851836931",
      "lat": "37.18005893992703"
    },
    {
      "id": "pt.ine.add.PTCONT.1590966",
      "street": "R D FRANCISCO DE ALMEIDA APARTAMENTOS BAIA DO GUADIANA",
      "house": "6",
      "postcode": "8900-444",
      "city": "MONTE GORDO",
      "lon": "-7.44852851836931",
      "lat": "37.18005893992703"
    },
    {
      "id": "pt.ine.add.PTCONT.1590991",
      "street": "R D FRANCISCO DE ALMEIDA APARTAMENTOS BAIA DO GUADIANA",
      "house": "6",
      "postcode": "8900-444",
      "city": "MONTE GORDO",
      "lon": "-7.44852851836931",
      "lat": "37.18005893992703"
    },
    {
      "id": "pt.ine.add.PTCONT.1619542",
      "street": "R CEUTA",
      "house": "1",
      "postcode": "8900-435",
      "city": "MONTE GORDO",
      "lon": "-7.448263268533197",
      "lat": "37.18075120586928"
    },
    {
      "id": "pt.ine.add.PTCONT.1619543",
      "street": "R CEUTA",
      "house": "1",
      "postcode": "8900-435",
      "city": "MONTE GORDO",
      "lon": "-7.448263268533197",
      "lat": "37.18075120586928"
    },
    {
      "id": "pt.ine.add.PTCONT.1619544",
      "street": "R CEUTA",
      "house": "1",
      "postcode": "8900-435",
      "city": "MONTE GORDO",
      "lon": "-7.448263268533197",
      "lat": "37.18075120586928"
    },
    {
      "id": "pt.ine.add.PTCONT.1619545",
      "street": "R CEUTA",
      "house": "1",
      "postcode": "8900-435",
      "city": "MONTE GORDO",
      "lon": "-7.448263268533197",
      "lat": "37.18075120586928"
    },
    {
      "id": "pt.ine.add.PTCONT.1619546",
      "street": "R CEUTA",
      "house": "1",
      "postcode": "8900-435",
      "city": "MONTE GORDO",
      "lon": "-7.448263268533197",
      "lat": "37.18075120586928"
    },
    {
      "id": "pt.ine.add.PTCONT.1619547",
      "street": "R CEUTA",
      "house": "1",
      "postcode": "8900-435",
      "city": "MONTE GORDO",
      "lon": "-7.448263268533197",
      "lat": "37.18075120586928"
    },
    {
      "id": "pt.ine.add.PTCONT.1619548",
      "street": "R CEUTA",
      "house": "1",
      "postcode": "8900-435",
      "city": "MONTE GORDO",
      "lon": "-7.448263268533197",
      "lat": "37.18075120586928"
    },
    {
      "id": "pt.ine.add.PTCONT.1619549",
      "street": "R CEUTA",
      "house": "1",
      "postcode": "8900-435",
      "city": "MONTE GORDO",
      "lon": "-7.448263268533197",
      "lat": "37.18075120586928"
    },
    {
      "id": "pt.ine.add.PTCONT.1619550",
      "street": "R CEUTA",
      "house": "1",
      "postcode": "8900-435",
      "city": "MONTE GORDO",
      "lon": "-7.448263268533197",
      "lat": "37.18075120586928"
    },
    {
      "id": "pt.ine.add.PTCONT.1619551",
      "street": "R CEUTA",
      "house": "1",
      "postcode": "8900-435",
      "city": "MONTE GORDO",
      "lon": "-7.448263268533197",
      "lat": "37.18075120586928"
    },
    {
      "id": "pt.ine.add.PTCONT.1619552",
      "street": "R CEUTA",
      "house": "1",
      "postcode": "8900-435",
      "city": "MONTE GORDO",
      "lon": "-7.448263268533197",
      "lat": "37.18075120586928"
    },
    {
      "id": "pt.ine.add.PTCONT.1619553",
      "street": "R CEUTA",
      "house": "1",
      "postcode": "8900-435",
      "city": "MONTE GORDO",
      "lon": "-7.448263268533197",
      "lat": "37.18075120586928"
    },
    {
      "id": "pt.ine.add.PTCONT.1619554",
      "street": "R CEUTA",
      "house": "1",
      "postcode": "8900-435",
      "city": "MONTE GORDO",
      "lon": "-7.448263268533197",
      "lat": "37.18075120586928"
    },
    {
      "id": "pt.ine.add.PTCONT.1619555",
      "street": "R CEUTA",
      "house": "1",
      "postcode": "8900-435",
      "city": "MONTE GORDO",
      "lon": "-7.448263268533197",
      "lat": "37.18075120586928"
    },
    {
      "id": "pt.ine.add.PTCONT.1619556",
      "street": "R CEUTA",
      "house": "1",
      "postcode": "8900-435",
      "city": "MONTE GORDO",
      "lon": "-7.448263268533197",
      "lat": "37.18075120586928"
    },
    {
      "id": "pt.ine.add.PTCONT.1619557",
      "street": "R CEUTA",
      "house": "1",
      "postcode": "8900-435",
      "city": "MONTE GORDO",
      "lon": "-7.448263268533197",
      "lat": "37.18075120586928"
    },
    {
      "id": "pt.ine.add.PTCONT.1619558",
      "street": "R CEUTA",
      "house": "1",
      "postcode": "8900-435",
      "city": "MONTE GORDO",
      "lon": "-7.448263268533197",
      "lat": "37.18075120586928"
    },
    {
      "id": "pt.ine.add.PTCONT.1619559",
      "street": "R CEUTA",
      "house": "1",
      "postcode": "8900-435",
      "city": "MONTE GORDO",
      "lon": "-7.448263268533197",
      "lat": "37.18075120586928"
    },
    {
      "id": "pt.ine.add.PTCONT.1619560",
      "street": "R CEUTA",
      "house": "1",
      "postcode": "8900-435",
      "city": "MONTE GORDO",
      "lon": "-7.448263268533197",
      "lat": "37.18075120586928"
    },
    {
      "id": "pt.ine.add.PTCONT.1619561",
      "street": "R CEUTA",
      "house": "1",
      "postcode": "8900-435",
      "city": "MONTE GORDO",
      "lon": "-7.448263268533197",
      "lat": "37.18075120586928"
    },
    {
      "id": "pt.ine.add.PTCONT.1619562",
      "street": "R CEUTA",
      "house": "1",
      "postcode": "8900-435",
      "city": "MONTE GORDO",
      "lon": "-7.448263268533197",
      "lat": "37.18075120586928"
    },
    {
      "id": "pt.ine.add.PTCONT.1619563",
      "street": "R CEUTA",
      "house": "1",
      "postcode": "8900-435",
      "city": "MONTE GORDO",
      "lon": "-7.448263268533197",
      "lat": "37.18075120586928"
    },
    {
      "id": "pt.ine.add.PTCONT.1628787",
      "street": "R SEM NOME",
      "house": "",
      "postcode": "8900-435",
      "city": "MONTE GORDO",
      "lon": "-7.448221318187867",
      "lat": "37.18040856918613"
    },
    {
      "id": "pt.ine.add.PTCONT.1628788",
      "street": "R SEM NOME",
      "house": "",
      "postcode": "8900-435",
      "city": "MONTE GORDO",
      "lon": "-7.448221318187867",
      "lat": "37.18040856918613"
    },
    {
      "id": "pt.ine.add.PTCONT.1628789",
      "street": "R SEM NOME",
      "house": "",
      "postcode": "8900-435",
      "city": "MONTE GORDO",
      "lon": "-7.448221318187867",
      "lat": "37.18040856918613"
    },
    {
      "id": "pt.ine.add.PTCONT.1628790",
      "street": "R SEM NOME",
      "house": "",
      "postcode": "8900-435",
      "city": "MONTE GORDO",
      "lon": "-7.448221318187867",
      "lat": "37.18040856918613"
    },
    {
      "id": "pt.ine.add.PTCONT.1628791",
      "street": "R SEM NOME",
      "house": "",
      "postcode": "8900-435",
      "city": "MONTE GORDO",
      "lon": "-7.448221318187867",
      "lat": "37.18040856918613"
    },
    {
      "id": "pt.ine.add.PTCONT.1628792",
      "street": "R SEM NOME",
      "house": "",
      "postcode": "8900-435",
      "city": "MONTE GORDO",
      "lon": "-7.448221318187867",
      "lat": "37.18040856918613"
    },
    {
      "id": "pt.ine.add.PTCONT.1628793",
      "street": "R SEM NOME",
      "house": "",
      "postcode": "8900-435",
      "city": "MONTE GORDO",
      "lon": "-7.448221318187867",
      "lat": "37.18040856918613"
    },
    {
      "id": "pt.ine.add.PTCONT.1628794",
      "street": "R SEM NOME",
      "house": "",
      "postcode": "8900-435",
      "city": "MONTE GORDO",
      "lon": "-7.448221318187867",
      "lat": "37.18040856918613"
    },
    {
      "id": "pt.ine.add.PTCONT.1628795",
      "street": "R SEM NOME",
      "house": "",
      "postcode": "8900-435",
      "city": "MONTE GORDO",
      "lon": "-7.448221318187867",
      "lat": "37.18040856918613"
    },
    {
      "id": "pt.ine.add.PTCONT.1628796",
      "street": "R SEM NOME",
      "house": "",
      "postcode": "8900-435",
      "city": "MONTE GORDO",
      "lon": "-7.448221318187867",
      "lat": "37.18040856918613"
    },
    {
      "id": "pt.ine.add.PTCONT.1628797",
      "street": "R SEM NOME",
      "house": "",
      "postcode": "8900-435",
      "city": "MONTE GORDO",
      "lon": "-7.448221318187867",
      "lat": "37.18040856918613"
    },
    {
      "id": "pt.ine.add.PTCONT.1628798",
      "street": "R SEM NOME",
      "house": "",
      "postcode": "8900-435",
      "city": "MONTE GORDO",
      "lon": "-7.448221318187867",
      "lat": "37.18040856918613"
    },
    {
      "id": "pt.ine.add.PTCONT.1628799",
      "street": "R SEM NOME",
      "house": "",
      "postcode": "8900-435",
      "city": "MONTE GORDO",
      "lon": "-7.448221318187867",
      "lat": "37.18040856918613"
    },
    {
      "id": "pt.ine.add.PTCONT.1628800",
      "street": "R SEM NOME",
      "house": "",
      "postcode": "8900-435",
      "city": "MONTE GORDO",
      "lon": "-7.448221318187867",
      "lat": "37.18040856918613"
    },
    {
      "id": "pt.ine.add.PTCONT.1628801",
      "street": "R SEM NOME",
      "house": "",
      "postcode": "8900-435",
      "city": "MONTE GORDO",
      "lon": "-7.448221318187867",
      "lat": "37.18040856918613"
    },
    {
      "id": "pt.ine.add.PTCONT.1628802",
      "street": "R SEM NOME",
      "house": "",
      "postcode": "8900-435",
      "city": "MONTE GORDO",
      "lon": "-7.448221318187867",
      "lat": "37.18040856918613"
    },
    {
      "id": "pt.ine.add.PTCONT.1628803",
      "street": "R SEM NOME",
      "house": "",
      "postcode": "8900-435",
      "city": "MONTE GORDO",
      "lon": "-7.448221318187867",
      "lat": "37.18040856918613"
    },
    {
      "id": "pt.ine.add.PTCONT.1628804",
      "street": "R SEM NOME",
      "house": "",
      "postcode": "8900-435",
      "city": "MONTE GORDO",
      "lon": "-7.448221318187867",
      "lat": "37.18040856918613"
    },
    {
      "id": "pt.ine.add.PTCONT.1628805",
      "street": "R SEM NOME",
      "house": "",
      "postcode": "8900-435",
      "city": "MONTE GORDO",
      "lon": "-7.448221318187867",
      "lat": "37.18040856918613"
    },
    {
      "id": "pt.ine.add.PTCONT.1628806",
      "street": "R SEM NOME",
      "house": "",
      "postcode": "8900-435",
      "city": "MONTE GORDO",
      "lon": "-7.448221318187867",
      "lat": "37.18040856918613"
    },
    {
      "id": "pt.ine.add.PTCONT.1628807",
      "street": "R SEM NOME",
      "house": "",
      "postcode": "8900-435",
      "city": "MONTE GORDO",
      "lon": "-7.448221318187867",
      "lat": "37.18040856918613"
    },
    {
      "id": "pt.ine.add.PTCONT.1628808",
      "street": "R SEM NOME",
      "house": "",
      "postcode": "8900-435",
      "city": "MONTE GORDO",
      "lon": "-7.448221318187867",
      "lat": "37.18040856918613"
    },
    {
      "id": "pt.ine.add.PTCONT.1628811",
      "street": "R SEM NOME",
      "house": "",
      "postcode": "8900-435",
      "city": "MONTE GORDO",
      "lon": "-7.448221318187867",
      "lat": "37.18040856918613"
    },
    {
      "id": "pt.ine.add.PTCONT.1628812",
      "street": "R SEM NOME",
      "house": "",
      "postcode": "8900-435",
      "city": "MONTE GORDO",
      "lon": "-7.448221318187867",
      "lat": "37.18040856918613"
    },
    {
      "id": "pt.ine.add.PTCONT.1688798",
      "street": "R SEM NOME PREDIO MONTE GORDO",
      "house": "",
      "postcode": "8900-435",
      "city": "MONTE GORDO",
      "lon": "-7.448208430882223",
      "lat": "37.180588702167704"
    },
    {
      "id": "pt.ine.add.PTCONT.1688799",
      "street": "R SEM NOME PREDIO MONTE GORDO",
      "house": "",
      "postcode": "8900-435",
      "city": "MONTE GORDO",
      "lon": "-7.448208430882223",
      "lat": "37.180588702167704"
    },
    {
      "id": "pt.ine.add.PTCONT.1688800",
      "street": "R SEM NOME PREDIO MONTE GORDO",
      "house": "",
      "postcode": "8900-435",
      "city": "MONTE GORDO",
      "lon": "-7.448208430882223",
      "lat": "37.180588702167704"
    },
    {
      "id": "pt.ine.add.PTCONT.1688801",
      "street": "R SEM NOME PREDIO MONTE GORDO",
      "house": "",
      "postcode": "8900-435",
      "city": "MONTE GORDO",
      "lon": "-7.448208430882223",
      "lat": "37.180588702167704"
    },
    {
      "id": "pt.ine.add.PTCONT.1688802",
      "street": "R SEM NOME PREDIO MONTE GORDO",
      "house": "",
      "postcode": "8900-435",
      "city": "MONTE GORDO",
      "lon": "-7.448208430882223",
      "lat": "37.180588702167704"
    },
    {
      "id": "pt.ine.add.PTCONT.1688803",
      "street": "R SEM NOME PREDIO MONTE GORDO",
      "house": "",
      "postcode": "8900-435",
      "city": "MONTE GORDO",
      "lon": "-7.448208430882223",
      "lat": "37.180588702167704"
    },
    {
      "id": "pt.ine.add.PTCONT.1688804",
      "street": "R SEM NOME PREDIO MONTE GORDO",
      "house": "",
      "postcode": "8900-435",
      "city": "MONTE GORDO",
      "lon": "-7.448208430882223",
      "lat": "37.180588702167704"
    },
    {
      "id": "pt.ine.add.PTCONT.1688805",
      "street": "R SEM NOME PREDIO MONTE GORDO",
      "house": "",
      "postcode": "8900-435",
      "city": "MONTE GORDO",
      "lon": "-7.448208430882223",
      "lat": "37.180588702167704"
    },
    {
      "id": "pt.ine.add.PTCONT.1688806",
      "street": "R SEM NOME PREDIO MONTE GORDO",
      "house": "",
      "postcode": "8900-435",
      "city": "MONTE GORDO",
      "lon": "-7.448208430882223",
      "lat": "37.180588702167704"
    },
    {
      "id": "pt.ine.add.PTCONT.1688807",
      "street": "R SEM NOME PREDIO MONTE GORDO",
      "house": "",
      "postcode": "8900-435",
      "city": "MONTE GORDO",
      "lon": "-7.448208430882223",
      "lat": "37.180588702167704"
    },
    {
      "id": "pt.ine.add.PTCONT.1688808",
      "street": "R SEM NOME PREDIO MONTE GORDO",
      "house": "",
      "postcode": "8900-435",
      "city": "MONTE GORDO",
      "lon": "-7.448208430882223",
      "lat": "37.180588702167704"
    },
    {
      "id": "pt.ine.add.PTCONT.1688809",
      "street": "R SEM NOME PREDIO MONTE GORDO",
      "house": "",
      "postcode": "8900-435",
      "city": "MONTE GORDO",
      "lon": "-7.448208430882223",
      "lat": "37.180588702167704"
    },
    {
      "id": "pt.ine.add.PTCONT.1688810",
      "street": "R SEM NOME PREDIO MONTE GORDO",
      "house": "",
      "postcode": "8900-435",
      "city": "MONTE GORDO",
      "lon": "-7.448208430882223",
      "lat": "37.180588702167704"
    },
    {
      "id": "pt.ine.add.PTCONT.1688811",
      "street": "R SEM NOME PREDIO MONTE GORDO",
      "house": "",
      "postcode": "8900-435",
      "city": "MONTE GORDO",
      "lon": "-7.448208430882223",
      "lat": "37.180588702167704"
    },
    {
      "id": "pt.ine.add.PTCONT.1688919",
      "street": "R SEM NOME PREDIO MONTE GORDO",
      "house": "",
      "postcode": "8900-435",
      "city": "MONTE GORDO",
      "lon": "-7.448208430882223",
      "lat": "37.180588702167704"
    },
    {
      "id": "pt.ine.add.PTCONT.1715059",
      "street": "R DIOGO CÃO",
      "house": "16",
      "postcode": "8900-440",
      "city": "MONTE GORDO",
      "lon": "-7.4488523847074495",
      "lat": "37.18035815307527"
    },
    {
      "id": "pt.ine.add.PTCONT.1715060",
      "street": "R DIOGO CÃO",
      "house": "16",
      "postcode": "8900-440",
      "city": "MONTE GORDO",
      "lon": "-7.4488523847074495",
      "lat": "37.18035815307527"
    },
    {
      "id": "pt.ine.add.PTCONT.1715061",
      "street": "R DIOGO CÃO",
      "house": "16",
      "postcode": "8900-440",
      "city": "MONTE GORDO",
      "lon": "-7.4488523847074495",
      "lat": "37.18035815307527"
    },
    {
      "id": "pt.ine.add.PTCONT.1715062",
      "street": "R DIOGO CÃO",
      "house": "16",
      "postcode": "8900-440",
      "city": "MONTE GORDO",
      "lon": "-7.4488523847074495",
      "lat": "37.18035815307527"
    },
    {
      "id": "pt.ine.add.PTCONT.1715063",
      "street": "R DIOGO CÃO",
      "house": "16",
      "postcode": "8900-440",
      "city": "MONTE GORDO",
      "lon": "-7.4488523847074495",
      "lat": "37.18035815307527"
    },
    {
      "id": "pt.ine.add.PTCONT.1715064",
      "street": "R DIOGO CÃO",
      "house": "16",
      "postcode": "8900-440",
      "city": "MONTE GORDO",
      "lon": "-7.4488523847074495",
      "lat": "37.18035815307527"
    },
    {
      "id": "pt.ine.add.PTCONT.1715065",
      "street": "R DIOGO CÃO",
      "house": "16",
      "postcode": "8900-440",
      "city": "MONTE GORDO",
      "lon": "-7.4488523847074495",
      "lat": "37.18035815307527"
    },
    {
      "id": "pt.ine.add.PTCONT.1715066",
      "street": "R DIOGO CÃO",
      "house": "16",
      "postcode": "8900-440",
      "city": "MONTE GORDO",
      "lon": "-7.4488523847074495",
      "lat": "37.18035815307527"
    },
    {
      "id": "pt.ine.add.PTCONT.1715067",
      "street": "R DIOGO CÃO",
      "house": "16",
      "postcode": "8900-440",
      "city": "MONTE GORDO",
      "lon": "-7.4488523847074495",
      "lat": "37.18035815307527"
    },
    {
      "id": "pt.ine.add.PTCONT.1715068",
      "street": "R DIOGO CÃO",
      "house": "16",
      "postcode": "8900-440",
      "city": "MONTE GORDO",
      "lon": "-7.4488523847074495",
      "lat": "37.18035815307527"
    },
    {
      "id": "pt.ine.add.PTCONT.1715069",
      "street": "R DIOGO CÃO",
      "house": "16",
      "postcode": "8900-440",
      "city": "MONTE GORDO",
      "lon": "-7.4488523847074495",
      "lat": "37.18035815307527"
    },
    {
      "id": "pt.ine.add.PTCONT.1715070",
      "street": "R DIOGO CÃO",
      "house": "16",
      "postcode": "8900-440",
      "city": "MONTE GORDO",
      "lon": "-7.4488523847074495",
      "lat": "37.18035815307527"
    },
    {
      "id": "pt.ine.add.PTCONT.1715071",
      "street": "R DIOGO CÃO",
      "house": "16",
      "postcode": "8900-440",
      "city": "MONTE GORDO",
      "lon": "-7.4488523847074495",
      "lat": "37.18035815307527"
    },
    {
      "id": "pt.ine.add.PTCONT.1715072",
      "street": "R DIOGO CÃO",
      "house": "16",
      "postcode": "8900-440",
      "city": "MONTE GORDO",
      "lon": "-7.4488523847074495",
      "lat": "37.18035815307527"
    },
    {
      "id": "pt.ine.add.PTCONT.1715073",
      "street": "R DIOGO CÃO",
      "house": "16",
      "postcode": "8900-440",
      "city": "MONTE GORDO",
      "lon": "-7.4488523847074495",
      "lat": "37.18035815307527"
    },
    {
      "id": "pt.ine.add.PTCONT.1715074",
      "street": "R DIOGO CÃO",
      "house": "16",
      "postcode": "8900-440",
      "city": "MONTE GORDO",
      "lon": "-7.4488523847074495",
      "lat": "37.18035815307527"
    },
    {
      "id": "pt.ine.add.PTCONT.1715075",
      "street": "R DIOGO CÃO",
      "house": "16",
      "postcode": "8900-440",
      "city": "MONTE GORDO",
      "lon": "-7.4488523847074495",
      "lat": "37.18035815307527"
    },
    {
      "id": "pt.ine.add.PTCONT.1715076",
      "street": "R DIOGO CÃO",
      "house": "16",
      "postcode": "8900-440",
      "city": "MONTE GORDO",
      "lon": "-7.4488523847074495",
      "lat": "37.18035815307527"
    },
    {
      "id": "pt.ine.add.PTCONT.1715077",
      "street": "R DIOGO CÃO",
      "house": "16",
      "postcode": "8900-440",
      "city": "MONTE GORDO",
      "lon": "-7.4488523847074495",
      "lat": "37.18035815307527"
    },
    {
      "id": "pt.ine.add.PTCONT.1715078",
      "street": "R DIOGO CÃO",
      "house": "16",
      "postcode": "8900-440",
      "city": "MONTE GORDO",
      "lon": "-7.4488523847074495",
      "lat": "37.18035815307527"
    },
    {
      "id": "pt.ine.add.PTCONT.1715079",
      "street": "R DIOGO CÃO",
      "house": "16",
      "postcode": "8900-440",
      "city": "MONTE GORDO",
      "lon": "-7.4488523847074495",
      "lat": "37.18035815307527"
    },
    {
      "id": "pt.ine.add.PTCONT.1715080",
      "street": "R DIOGO CÃO",
      "house": "16",
      "postcode": "8900-440",
      "city": "MONTE GORDO",
      "lon": "-7.4488523847074495",
      "lat": "37.18035815307527"
    },
    {
      "id": "pt.ine.add.PTCONT.1715081",
      "street": "R DIOGO CÃO",
      "house": "16",
      "postcode": "8900-440",
      "city": "MONTE GORDO",
      "lon": "-7.4488523847074495",
      "lat": "37.18035815307527"
    },
    {
      "id": "pt.ine.add.PTCONT.1715082",
      "street": "R DIOGO CÃO",
      "house": "16",
      "postcode": "8900-440",
      "city": "MONTE GORDO",
      "lon": "-7.4488523847074495",
      "lat": "37.18035815307527"
    },
    {
      "id": "pt.ine.add.PTCONT.1715083",
      "street": "R DIOGO CÃO",
      "house": "16",
      "postcode": "8900-440",
      "city": "MONTE GORDO",
      "lon": "-7.4488523847074495",
      "lat": "37.18035815307527"
    },
    {
      "id": "pt.ine.add.PTCONT.1715084",
      "street": "R DIOGO CÃO",
      "house": "16",
      "postcode": "8900-440",
      "city": "MONTE GORDO",
      "lon": "-7.4488523847074495",
      "lat": "37.18035815307527"
    },
    {
      "id": "pt.ine.add.PTCONT.1715085",
      "street": "R DIOGO CÃO",
      "house": "16",
      "postcode": "8900-440",
      "city": "MONTE GORDO",
      "lon": "-7.4488523847074495",
      "lat": "37.18035815307527"
    },
    {
      "id": "pt.ine.add.PTCONT.1715086",
      "street": "R DIOGO CÃO",
      "house": "16",
      "postcode": "8900-440",
      "city": "MONTE GORDO",
      "lon": "-7.4488523847074495",
      "lat": "37.18035815307527"
    },
    {
      "id": "pt.ine.add.PTCONT.1715087",
      "street": "R DIOGO CÃO",
      "house": "16",
      "postcode": "8900-440",
      "city": "MONTE GORDO",
      "lon": "-7.4488523847074495",
      "lat": "37.18035815307527"
    },
    {
      "id": "pt.ine.add.PTCONT.1715088",
      "street": "R DIOGO CÃO",
      "house": "16",
      "postcode": "8900-440",
      "city": "MONTE GORDO",
      "lon": "-7.4488523847074495",
      "lat": "37.18035815307527"
    },
    {
      "id": "pt.ine.add.PTCONT.1715089",
      "street": "R DIOGO CÃO",
      "house": "16",
      "postcode": "8900-440",
      "city": "MONTE GORDO",
      "lon": "-7.4488523847074495",
      "lat": "37.18035815307527"
    },
    {
      "id": "pt.ine.add.PTCONT.1715090",
      "street": "R DIOGO CÃO",
      "house": "16",
      "postcode": "8900-440",
      "city": "MONTE GORDO",
      "lon": "-7.4488523847074495",
      "lat": "37.18035815307527"
    },
    {
      "id": "pt.ine.add.PTCONT.1715091",
      "street": "R DIOGO CÃO",
      "house": "16",
      "postcode": "8900-440",
      "city": "MONTE GORDO",
      "lon": "-7.4488523847074495",
      "lat": "37.18035815307527"
    },
    {
      "id": "pt.ine.add.PTCONT.1715092",
      "street": "R DIOGO CÃO",
      "house": "16",
      "postcode": "8900-440",
      "city": "MONTE GORDO",
      "lon": "-7.4488523847074495",
      "lat": "37.18035815307527"
    },
    {
      "id": "pt.ine.add.PTCONT.1715093",
      "street": "R DIOGO CÃO",
      "house": "16",
      "postcode": "8900-440",
      "city": "MONTE GORDO",
      "lon": "-7.4488523847074495",
      "lat": "37.18035815307527"
    },
    {
      "id": "pt.ine.add.PTCONT.1715094",
      "street": "R DIOGO CÃO",
      "house": "16",
      "postcode": "8900-440",
      "city": "MONTE GORDO",
      "lon": "-7.4488523847074495",
      "lat": "37.18035815307527"
    },
    {
      "id": "pt.ine.add.PTCONT.1715095",
      "street": "R DIOGO CÃO",
      "house": "16",
      "postcode": "8900-440",
      "city": "MONTE GORDO",
      "lon": "-7.4488523847074495",
      "lat": "37.18035815307527"
    },
    {
      "id": "pt.ine.add.PTCONT.1715096",
      "street": "R DIOGO CÃO",
      "house": "16",
      "postcode": "8900-440",
      "city": "MONTE GORDO",
      "lon": "-7.4488523847074495",
      "lat": "37.18035815307527"
    },
    {
      "id": "pt.ine.add.PTCONT.1715097",
      "street": "R DIOGO CÃO",
      "house": "16",
      "postcode": "8900-440",
      "city": "MONTE GORDO",
      "lon": "-7.4488523847074495",
      "lat": "37.18035815307527"
    },
    {
      "id": "pt.ine.add.PTCONT.1715098",
      "street": "R DIOGO CÃO",
      "house": "16",
      "postcode": "8900-440",
      "city": "MONTE GORDO",
      "lon": "-7.4488523847074495",
      "lat": "37.18035815307527"
    },
    {
      "id": "pt.ine.add.PTCONT.1715099",
      "street": "R DIOGO CÃO",
      "house": "16",
      "postcode": "8900-440",
      "city": "MONTE GORDO",
      "lon": "-7.4488523847074495",
      "lat": "37.18035815307527"
    },
    {
      "id": "pt.ine.add.PTCONT.1715100",
      "street": "R DIOGO CÃO",
      "house": "16",
      "postcode": "8900-440",
      "city": "MONTE GORDO",
      "lon": "-7.4488523847074495",
      "lat": "37.18035815307527"
    },
    {
      "id": "pt.ine.add.PTCONT.1715101",
      "street": "R DIOGO CÃO",
      "house": "16",
      "postcode": "8900-440",
      "city": "MONTE GORDO",
      "lon": "-7.4488523847074495",
      "lat": "37.18035815307527"
    },
    {
      "id": "pt.ine.add.PTCONT.1715102",
      "street": "R DIOGO CÃO",
      "house": "16",
      "postcode": "8900-440",
      "city": "MONTE GORDO",
      "lon": "-7.4488523847074495",
      "lat": "37.18035815307527"
    },
    {
      "id": "pt.ine.add.PTCONT.1715103",
      "street": "R DIOGO CÃO",
      "house": "16",
      "postcode": "8900-440",
      "city": "MONTE GORDO",
      "lon": "-7.4488523847074495",
      "lat": "37.18035815307527"
    },
    {
      "id": "pt.ine.add.PTCONT.1715104",
      "street": "R DIOGO CÃO",
      "house": "16",
      "postcode": "8900-440",
      "city": "MONTE GORDO",
      "lon": "-7.4488523847074495",
      "lat": "37.18035815307527"
    },
    {
      "id": "pt.ine.add.PTCONT.1715105",
      "street": "R DIOGO CÃO",
      "house": "16",
      "postcode": "8900-440",
      "city": "MONTE GORDO",
      "lon": "-7.4488523847074495",
      "lat": "37.18035815307527"
    },
    {
      "id": "pt.ine.add.PTCONT.1715106",
      "street": "R DIOGO CÃO",
      "house": "16",
      "postcode": "8900-440",
      "city": "MONTE GORDO",
      "lon": "-7.4488523847074495",
      "lat": "37.18035815307527"
    },
    {
      "id": "pt.ine.add.PTCONT.1715107",
      "street": "R DIOGO CÃO",
      "house": "16",
      "postcode": "8900-440",
      "city": "MONTE GORDO",
      "lon": "-7.4488523847074495",
      "lat": "37.18035815307527"
    },
    {
      "id": "pt.ine.add.PTCONT.1715108",
      "street": "R DIOGO CÃO",
      "house": "16",
      "postcode": "8900-440",
      "city": "MONTE GORDO",
      "lon": "-7.4488523847074495",
      "lat": "37.18035815307527"
    },
    {
      "id": "pt.ine.add.PTCONT.1715109",
      "street": "R DIOGO CÃO",
      "house": "16",
      "postcode": "8900-440",
      "city": "MONTE GORDO",
      "lon": "-7.4488523847074495",
      "lat": "37.18035815307527"
    },
    {
      "id": "pt.ine.add.PTCONT.1715110",
      "street": "R DIOGO CÃO",
      "house": "16",
      "postcode": "8900-440",
      "city": "MONTE GORDO",
      "lon": "-7.4488523847074495",
      "lat": "37.18035815307527"
    },
    {
      "id": "pt.ine.add.PTCONT.1715111",
      "street": "R DIOGO CÃO",
      "house": "16",
      "postcode": "8900-440",
      "city": "MONTE GORDO",
      "lon": "-7.4488523847074495",
      "lat": "37.18035815307527"
    },
    {
      "id": "pt.ine.add.PTCONT.1715112",
      "street": "R DIOGO CÃO",
      "house": "16",
      "postcode": "8900-440",
      "city": "MONTE GORDO",
      "lon": "-7.4488523847074495",
      "lat": "37.18035815307527"
    },
    {
      "id": "pt.ine.add.PTCONT.1715113",
      "street": "R DIOGO CÃO",
      "house": "16",
      "postcode": "8900-440",
      "city": "MONTE GORDO",
      "lon": "-7.4488523847074495",
      "lat": "37.18035815307527"
    },
    {
      "id": "pt.ine.add.PTCONT.1715114",
      "street": "R DIOGO CÃO",
      "house": "16",
      "postcode": "8900-440",
      "city": "MONTE GORDO",
      "lon": "-7.4488523847074495",
      "lat": "37.18035815307527"
    },
    {
      "id": "pt.ine.add.PTCONT.1715115",
      "street": "R DIOGO CÃO",
      "house": "16",
      "postcode": "8900-440",
      "city": "MONTE GORDO",
      "lon": "-7.4488523847074495",
      "lat": "37.18035815307527"
    },
    {
      "id": "pt.ine.add.PTCONT.1715116",
      "street": "R DIOGO CÃO",
      "house": "16",
      "postcode": "8900-440",
      "city": "MONTE GORDO",
      "lon": "-7.4488523847074495",
      "lat": "37.18035815307527"
    },
    {
      "id": "pt.ine.add.PTCONT.1715117",
      "street": "R DIOGO CÃO",
      "house": "16",
      "postcode": "8900-440",
      "city": "MONTE GORDO",
      "lon": "-7.4488523847074495",
      "lat": "37.18035815307527"
    },
    {
      "id": "pt.ine.add.PTCONT.1715118",
      "street": "R DIOGO CÃO",
      "house": "16",
      "postcode": "8900-440",
      "city": "MONTE GORDO",
      "lon": "-7.4488523847074495",
      "lat": "37.18035815307527"
    },
    {
      "id": "pt.ine.add.PTCONT.1715119",
      "street": "R DIOGO CÃO",
      "house": "16",
      "postcode": "8900-440",
      "city": "MONTE GORDO",
      "lon": "-7.4488523847074495",
      "lat": "37.18035815307527"
    },
    {
      "id": "pt.ine.add.PTCONT.1715120",
      "street": "R DIOGO CÃO",
      "house": "16",
      "postcode": "8900-440",
      "city": "MONTE GORDO",
      "lon": "-7.4488523847074495",
      "lat": "37.18035815307527"
    },
    {
      "id": "pt.ine.add.PTCONT.1715121",
      "street": "R DIOGO CÃO",
      "house": "16",
      "postcode": "8900-440",
      "city": "MONTE GORDO",
      "lon": "-7.4488523847074495",
      "lat": "37.18035815307527"
    },
    {
      "id": "pt.ine.add.PTCONT.1715122",
      "street": "R DIOGO CÃO",
      "house": "16",
      "postcode": "8900-440",
      "city": "MONTE GORDO",
      "lon": "-7.4488523847074495",
      "lat": "37.18035815307527"
    },
    {
      "id": "pt.ine.add.PTCONT.1715123",
      "street": "R DIOGO CÃO",
      "house": "16",
      "postcode": "8900-440",
      "city": "MONTE GORDO",
      "lon": "-7.4488523847074495",
      "lat": "37.18035815307527"
    },
    {
      "id": "pt.ine.add.PTCONT.1715124",
      "street": "R DIOGO CÃO",
      "house": "16",
      "postcode": "8900-440",
      "city": "MONTE GORDO",
      "lon": "-7.4488523847074495",
      "lat": "37.18035815307527"
    },
    {
      "id": "pt.ine.add.PTCONT.1715125",
      "street": "R DIOGO CÃO",
      "house": "16",
      "postcode": "8900-440",
      "city": "MONTE GORDO",
      "lon": "-7.4488523847074495",
      "lat": "37.18035815307527"
    },
    {
      "id": "pt.ine.add.PTCONT.1715126",
      "street": "R DIOGO CÃO",
      "house": "16",
      "postcode": "8900-440",
      "city": "MONTE GORDO",
      "lon": "-7.4488523847074495",
      "lat": "37.18035815307527"
    },
    {
      "id": "pt.ine.add.PTCONT.1715127",
      "street": "R DIOGO CÃO",
      "house": "16",
      "postcode": "8900-440",
      "city": "MONTE GORDO",
      "lon": "-7.4488523847074495",
      "lat": "37.18035815307527"
    },
    {
      "id": "pt.ine.add.PTCONT.1715128",
      "street": "R DIOGO CÃO",
      "house": "16",
      "postcode": "8900-440",
      "city": "MONTE GORDO",
      "lon": "-7.4488523847074495",
      "lat": "37.18035815307527"
    },
    {
      "id": "pt.ine.add.PTCONT.1715129",
      "street": "R DIOGO CÃO",
      "house": "16",
      "postcode": "8900-440",
      "city": "MONTE GORDO",
      "lon": "-7.4488523847074495",
      "lat": "37.18035815307527"
    },
    {
      "id": "pt.ine.add.PTCONT.1715130",
      "street": "R DIOGO CÃO",
      "house": "16",
      "postcode": "8900-440",
      "city": "MONTE GORDO",
      "lon": "-7.4488523847074495",
      "lat": "37.18035815307527"
    },
    {
      "id": "pt.ine.add.PTCONT.1715131",
      "street": "R DIOGO CÃO",
      "house": "16",
      "postcode": "8900-440",
      "city": "MONTE GORDO",
      "lon": "-7.4488523847074495",
      "lat": "37.18035815307527"
    },
    {
      "id": "pt.ine.add.PTCONT.1715132",
      "street": "R DIOGO CÃO",
      "house": "16",
      "postcode": "8900-440",
      "city": "MONTE GORDO",
      "lon": "-7.4488523847074495",
      "lat": "37.18035815307527"
    },
    {
      "id": "pt.ine.add.PTCONT.1715133",
      "street": "R DIOGO CÃO",
      "house": "16",
      "postcode": "8900-440",
      "city": "MONTE GORDO",
      "lon": "-7.4488523847074495",
      "lat": "37.18035815307527"
    },
    {
      "id": "pt.ine.add.PTCONT.1715134",
      "street": "R DIOGO CÃO",
      "house": "16",
      "postcode": "8900-440",
      "city": "MONTE GORDO",
      "lon": "-7.4488523847074495",
      "lat": "37.18035815307527"
    },
    {
      "id": "pt.ine.add.PTCONT.1715135",
      "street": "R DIOGO CÃO",
      "house": "16",
      "postcode": "8900-440",
      "city": "MONTE GORDO",
      "lon": "-7.4488523847074495",
      "lat": "37.18035815307527"
    },
    {
      "id": "pt.ine.add.PTCONT.1715136",
      "street": "R DIOGO CÃO",
      "house": "16",
      "postcode": "8900-440",
      "city": "MONTE GORDO",
      "lon": "-7.4488523847074495",
      "lat": "37.18035815307527"
    },
    {
      "id": "pt.ine.add.PTCONT.1715137",
      "street": "R DIOGO CÃO",
      "house": "16",
      "postcode": "8900-440",
      "city": "MONTE GORDO",
      "lon": "-7.4488523847074495",
      "lat": "37.18035815307527"
    },
    {
      "id": "pt.ine.add.PTCONT.1715138",
      "street": "R DIOGO CÃO",
      "house": "16",
      "postcode": "8900-440",
      "city": "MONTE GORDO",
      "lon": "-7.4488523847074495",
      "lat": "37.18035815307527"
    },
    {
      "id": "pt.ine.add.PTCONT.1715139",
      "street": "R DIOGO CÃO",
      "house": "16",
      "postcode": "8900-440",
      "city": "MONTE GORDO",
      "lon": "-7.4488523847074495",
      "lat": "37.18035815307527"
    },
    {
      "id": "pt.ine.add.PTCONT.1715140",
      "street": "R DIOGO CÃO",
      "house": "16",
      "postcode": "8900-440",
      "city": "MONTE GORDO",
      "lon": "-7.4488523847074495",
      "lat": "37.18035815307527"
    },
    {
      "id": "pt.ine.add.PTCONT.1715143",
      "street": "R DIOGO CÃO",
      "house": "16",
      "postcode": "8900-440",
      "city": "MONTE GORDO",
      "lon": "-7.4488523847074495",
      "lat": "37.18035815307527"
    },
    {
      "id": "pt.ine.add.PTCONT.1715144",
      "street": "R DIOGO CÃO",
      "house": "16",
      "postcode": "8900-440",
      "city": "MONTE GORDO",
      "lon": "-7.4488523847074495",
      "lat": "37.18035815307527"
    },
    {
      "id": "pt.ine.add.PTCONT.1715145",
      "street": "R DIOGO CÃO",
      "house": "16",
      "postcode": "8900-440",
      "city": "MONTE GORDO",
      "lon": "-7.4488523847074495",
      "lat": "37.18035815307527"
    },
    {
      "id": "pt.ine.add.PTCONT.1732438",
      "street": "R CEUTA",
      "house": "",
      "postcode": "8900-435",
      "city": "MONTE GORDO",
      "lon": "-7.44861217795248",
      "lat": "37.18077124282115"
    },
    {
      "id": "pt.ine.add.PTCONT.1732439",
      "street": "R CEUTA",
      "house": "",
      "postcode": "8900-435",
      "city": "MONTE GORDO",
      "lon": "-7.44861217795248",
      "lat": "37.18077124282115"
    },
    {
      "id": "pt.ine.add.PTCONT.1732440",
      "street": "R CEUTA",
      "house": "",
      "postcode": "8900-435",
      "city": "MONTE GORDO",
      "lon": "-7.44861217795248",
      "lat": "37.18077124282115"
    },
    {
      "id": "pt.ine.add.PTCONT.1732441",
      "street": "R CEUTA",
      "house": "",
      "postcode": "8900-435",
      "city": "MONTE GORDO",
      "lon": "-7.44861217795248",
      "lat": "37.18077124282115"
    },
    {
      "id": "pt.ine.add.PTCONT.1732442",
      "street": "R CEUTA",
      "house": "",
      "postcode": "8900-435",
      "city": "MONTE GORDO",
      "lon": "-7.44861217795248",
      "lat": "37.18077124282115"
    },
    {
      "id": "pt.ine.add.PTCONT.1732443",
      "street": "R CEUTA",
      "house": "",
      "postcode": "8900-435",
      "city": "MONTE GORDO",
      "lon": "-7.44861217795248",
      "lat": "37.18077124282115"
    },
    {
      "id": "pt.ine.add.PTCONT.1732444",
      "street": "R CEUTA",
      "house": "",
      "postcode": "8900-435",
      "city": "MONTE GORDO",
      "lon": "-7.44861217795248",
      "lat": "37.18077124282115"
    },
    {
      "id": "pt.ine.add.PTCONT.1732445",
      "street": "R CEUTA",
      "house": "",
      "postcode": "8900-435",
      "city": "MONTE GORDO",
      "lon": "-7.44861217795248",
      "lat": "37.18077124282115"
    },
    {
      "id": "pt.ine.add.PTCONT.1732446",
      "street": "R CEUTA",
      "house": "",
      "postcode": "8900-435",
      "city": "MONTE GORDO",
      "lon": "-7.44861217795248",
      "lat": "37.18077124282115"
    },
    {
      "id": "pt.ine.add.PTCONT.1732447",
      "street": "R CEUTA",
      "house": "",
      "postcode": "8900-435",
      "city": "MONTE GORDO",
      "lon": "-7.44861217795248",
      "lat": "37.18077124282115"
    },
    {
      "id": "pt.ine.add.PTCONT.1732448",
      "street": "R CEUTA",
      "house": "",
      "postcode": "8900-435",
      "city": "MONTE GORDO",
      "lon": "-7.44861217795248",
      "lat": "37.18077124282115"
    },
    {
      "id": "pt.ine.add.PTCONT.1732449",
      "street": "R CEUTA",
      "house": "",
      "postcode": "8900-435",
      "city": "MONTE GORDO",
      "lon": "-7.44861217795248",
      "lat": "37.18077124282115"
    },
    {
      "id": "pt.ine.add.PTCONT.1732450",
      "street": "R CEUTA",
      "house": "",
      "postcode": "8900-435",
      "city": "MONTE GORDO",
      "lon": "-7.44861217795248",
      "lat": "37.18077124282115"
    },
    {
      "id": "pt.ine.add.PTCONT.1732451",
      "street": "R CEUTA",
      "house": "",
      "postcode": "8900-435",
      "city": "MONTE GORDO",
      "lon": "-7.44861217795248",
      "lat": "37.18077124282115"
    },
    {
      "id": "pt.ine.add.PTCONT.1732452",
      "street": "R CEUTA",
      "house": "",
      "postcode": "8900-435",
      "city": "MONTE GORDO",
      "lon": "-7.44861217795248",
      "lat": "37.18077124282115"
    },
    {
      "id": "pt.ine.add.PTCONT.1732555",
      "street": "R CEUTA",
      "house": "",
      "postcode": "8900-435",
      "city": "MONTE GORDO",
      "lon": "-7.44861217795248",
      "lat": "37.18077124282115"
    },
    {
      "id": "pt.ine.add.PTCONT.1732543",
      "street": "R CEUTA",
      "house": "",
      "postcode": "8900-435",
      "city": "MONTE GORDO",
      "lon": "-7.44861217795248",
      "lat": "37.18077124282115"
    },
    {
      "id": "pt.ine.add.PTCONT.1732544",
      "street": "R CEUTA",
      "house": "",
      "postcode": "8900-435",
      "city": "MONTE GORDO",
      "lon": "-7.44861217795248",
      "lat": "37.18077124282115"
    },
    {
      "id": "pt.ine.add.PTCONT.1732545",
      "street": "R CEUTA",
      "house": "",
      "postcode": "8900-435",
      "city": "MONTE GORDO",
      "lon": "-7.44861217795248",
      "lat": "37.18077124282115"
    },
    {
      "id": "pt.ine.add.PTCONT.1732546",
      "street": "R CEUTA",
      "house": "",
      "postcode": "8900-435",
      "city": "MONTE GORDO",
      "lon": "-7.44861217795248",
      "lat": "37.18077124282115"
    },
    {
      "id": "pt.ine.add.PTCONT.1732547",
      "street": "R CEUTA",
      "house": "",
      "postcode": "8900-435",
      "city": "MONTE GORDO",
      "lon": "-7.44861217795248",
      "lat": "37.18077124282115"
    },
    {
      "id": "pt.ine.add.PTCONT.1732548",
      "street": "R CEUTA",
      "house": "",
      "postcode": "8900-435",
      "city": "MONTE GORDO",
      "lon": "-7.44861217795248",
      "lat": "37.18077124282115"
    },
    {
      "id": "pt.ine.add.PTCONT.1732549",
      "street": "R CEUTA",
      "house": "",
      "postcode": "8900-435",
      "city": "MONTE GORDO",
      "lon": "-7.44861217795248",
      "lat": "37.18077124282115"
    },
    {
      "id": "pt.ine.add.PTCONT.1732550",
      "street": "R CEUTA",
      "house": "",
      "postcode": "8900-435",
      "city": "MONTE GORDO",
      "lon": "-7.44861217795248",
      "lat": "37.18077124282115"
    },
    {
      "id": "pt.ine.add.PTCONT.1732551",
      "street": "R CEUTA",
      "house": "",
      "postcode": "8900-435",
      "city": "MONTE GORDO",
      "lon": "-7.44861217795248",
      "lat": "37.18077124282115"
    },
    {
      "id": "pt.ine.add.PTCONT.1732552",
      "street": "R CEUTA",
      "house": "",
      "postcode": "8900-435",
      "city": "MONTE GORDO",
      "lon": "-7.44861217795248",
      "lat": "37.18077124282115"
    },
    {
      "id": "pt.ine.add.PTCONT.1732553",
      "street": "R CEUTA",
      "house": "",
      "postcode": "8900-435",
      "city": "MONTE GORDO",
      "lon": "-7.44861217795248",
      "lat": "37.18077124282115"
    },
    {
      "id": "pt.ine.add.PTCONT.1732554",
      "street": "R CEUTA",
      "house": "",
      "postcode": "8900-435",
      "city": "MONTE GORDO",
      "lon": "-7.44861217795248",
      "lat": "37.18077124282115"
    },
    {
      "id": "pt.ine.add.PTCONT.1732556",
      "street": "R CEUTA",
      "house": "",
      "postcode": "8900-435",
      "city": "MONTE GORDO",
      "lon": "-7.44861217795248",
      "lat": "37.18077124282115"
    },
    {
      "id": "pt.ine.add.PTCONT.1732557",
      "street": "R CEUTA",
      "house": "",
      "postcode": "8900-435",
      "city": "MONTE GORDO",
      "lon": "-7.44861217795248",
      "lat": "37.18077124282115"
    },
    {
      "id": "pt.ine.add.PTCONT.1732558",
      "street": "R CEUTA",
      "house": "",
      "postcode": "8900-435",
      "city": "MONTE GORDO",
      "lon": "-7.44861217795248",
      "lat": "37.18077124282115"
    },
    {
      "id": "pt.ine.add.PTCONT.1732660",
      "street": "R CEUTA",
      "house": "",
      "postcode": "8900-435",
      "city": "MONTE GORDO",
      "lon": "-7.44861217795248",
      "lat": "37.18077124282115"
    },
    {
      "id": "pt.ine.add.PTCONT.1732661",
      "street": "R CEUTA",
      "house": "",
      "postcode": "8900-435",
      "city": "MONTE GORDO",
      "lon": "-7.44861217795248",
      "lat": "37.18077124282115"
    },
    {
      "id": "pt.ine.add.PTCONT.1732662",
      "street": "R CEUTA",
      "house": "",
      "postcode": "8900-435",
      "city": "MONTE GORDO",
      "lon": "-7.44861217795248",
      "lat": "37.18077124282115"
    },
    {
      "id": "pt.ine.add.PTCONT.1732663",
      "street": "R CEUTA",
      "house": "",
      "postcode": "8900-435",
      "city": "MONTE GORDO",
      "lon": "-7.44861217795248",
      "lat": "37.18077124282115"
    },
    {
      "id": "pt.ine.add.PTCONT.1732664",
      "street": "R CEUTA",
      "house": "",
      "postcode": "8900-435",
      "city": "MONTE GORDO",
      "lon": "-7.44861217795248",
      "lat": "37.18077124282115"
    },
    {
      "id": "pt.ine.add.PTCONT.1732665",
      "street": "R CEUTA",
      "house": "",
      "postcode": "8900-435",
      "city": "MONTE GORDO",
      "lon": "-7.44861217795248",
      "lat": "37.18077124282115"
    },
    {
      "id": "pt.ine.add.PTCONT.1732666",
      "street": "R CEUTA",
      "house": "",
      "postcode": "8900-435",
      "city": "MONTE GORDO",
      "lon": "-7.44861217795248",
      "lat": "37.18077124282115"
    },
    {
      "id": "pt.ine.add.PTCONT.1732667",
      "street": "R CEUTA",
      "house": "",
      "postcode": "8900-435",
      "city": "MONTE GORDO",
      "lon": "-7.44861217795248",
      "lat": "37.18077124282115"
    },
    {
      "id": "pt.ine.add.PTCONT.1732668",
      "street": "R CEUTA",
      "house": "",
      "postcode": "8900-435",
      "city": "MONTE GORDO",
      "lon": "-7.44861217795248",
      "lat": "37.18077124282115"
    },
    {
      "id": "pt.ine.add.PTCONT.1732669",
      "street": "R CEUTA",
      "house": "",
      "postcode": "8900-435",
      "city": "MONTE GORDO",
      "lon": "-7.44861217795248",
      "lat": "37.18077124282115"
    },
    {
      "id": "pt.ine.add.PTCONT.1732670",
      "street": "R CEUTA",
      "house": "",
      "postcode": "8900-435",
      "city": "MONTE GORDO",
      "lon": "-7.44861217795248",
      "lat": "37.18077124282115"
    },
    {
      "id": "pt.ine.add.PTCONT.1732671",
      "street": "R CEUTA",
      "house": "",
      "postcode": "8900-435",
      "city": "MONTE GORDO",
      "lon": "-7.44861217795248",
      "lat": "37.18077124282115"
    },
    {
      "id": "pt.ine.add.PTCONT.1732672",
      "street": "R CEUTA",
      "house": "",
      "postcode": "8900-435",
      "city": "MONTE GORDO",
      "lon": "-7.44861217795248",
      "lat": "37.18077124282115"
    },
    {
      "id": "pt.ine.add.PTCONT.1732673",
      "street": "R CEUTA",
      "house": "",
      "postcode": "8900-435",
      "city": "MONTE GORDO",
      "lon": "-7.44861217795248",
      "lat": "37.18077124282115"
    },
    {
      "id": "pt.ine.add.PTCONT.1732674",
      "street": "R CEUTA",
      "house": "",
      "postcode": "8900-435",
      "city": "MONTE GORDO",
      "lon": "-7.44861217795248",
      "lat": "37.18077124282115"
    },
    {
      "id": "pt.ine.add.PTCONT.1732743",
      "street": "R CEUTA",
      "house": "",
      "postcode": "8900-435",
      "city": "MONTE GORDO",
      "lon": "-7.44861217795248",
      "lat": "37.18077124282115"
    },
    {
      "id": "pt.ine.add.PTCONT.1733444",
      "street": "R CEUTA",
      "house": "",
      "postcode": "8900-435",
      "city": "MONTE GORDO",
      "lon": "-7.44861217795248",
      "lat": "37.18077124282115"
    },
    {
      "id": "pt.ine.add.PTCONT.1733445",
      "street": "R CEUTA",
      "house": "",
      "postcode": "8900-435",
      "city": "MONTE GORDO",
      "lon": "-7.44861217795248",
      "lat": "37.18077124282115"
    },
    {
      "id": "pt.ine.add.PTCONT.1733489",
      "street": "R CEUTA",
      "house": "",
      "postcode": "8900-435",
      "city": "MONTE GORDO",
      "lon": "-7.44861217795248",
      "lat": "37.18077124282115"
    },
    {
      "id": "pt.ine.add.PTCONT.1733490",
      "street": "R CEUTA",
      "house": "",
      "postcode": "8900-435",
      "city": "MONTE GORDO",
      "lon": "-7.44861217795248",
      "lat": "37.18077124282115"
    },
    {
      "id": "pt.ine.add.PTCONT.1733491",
      "street": "R CEUTA",
      "house": "",
      "postcode": "8900-435",
      "city": "MONTE GORDO",
      "lon": "-7.44861217795248",
      "lat": "37.18077124282115"
    },
    {
      "id": "pt.ine.add.PTCONT.1733492",
      "street": "R CEUTA",
      "house": "",
      "postcode": "8900-435",
      "city": "MONTE GORDO",
      "lon": "-7.44861217795248",
      "lat": "37.18077124282115"
    },
    {
      "id": "pt.ine.add.PTCONT.1733493",
      "street": "R CEUTA",
      "house": "",
      "postcode": "8900-435",
      "city": "MONTE GORDO",
      "lon": "-7.44861217795248",
      "lat": "37.18077124282115"
    },
    {
      "id": "pt.ine.add.PTCONT.1733494",
      "street": "R CEUTA",
      "house": "",
      "postcode": "8900-435",
      "city": "MONTE GORDO",
      "lon": "-7.44861217795248",
      "lat": "37.18077124282115"
    },
    {
      "id": "pt.ine.add.PTCONT.1733495",
      "street": "R CEUTA",
      "house": "",
      "postcode": "8900-435",
      "city": "MONTE GORDO",
      "lon": "-7.44861217795248",
      "lat": "37.18077124282115"
    },
    {
      "id": "pt.ine.add.PTCONT.1733496",
      "street": "R CEUTA",
      "house": "",
      "postcode": "8900-435",
      "city": "MONTE GORDO",
      "lon": "-7.44861217795248",
      "lat": "37.18077124282115"
    },
    {
      "id": "pt.ine.add.PTCONT.1733497",
      "street": "R CEUTA",
      "house": "",
      "postcode": "8900-435",
      "city": "MONTE GORDO",
      "lon": "-7.44861217795248",
      "lat": "37.18077124282115"
    },
    {
      "id": "pt.ine.add.PTCONT.1733498",
      "street": "R CEUTA",
      "house": "",
      "postcode": "8900-435",
      "city": "MONTE GORDO",
      "lon": "-7.44861217795248",
      "lat": "37.18077124282115"
    },
    {
      "id": "pt.ine.add.PTCONT.1733499",
      "street": "R CEUTA",
      "house": "",
      "postcode": "8900-435",
      "city": "MONTE GORDO",
      "lon": "-7.44861217795248",
      "lat": "37.18077124282115"
    },
    {
      "id": "pt.ine.add.PTCONT.1733500",
      "street": "R CEUTA",
      "house": "",
      "postcode": "8900-435",
      "city": "MONTE GORDO",
      "lon": "-7.44861217795248",
      "lat": "37.18077124282115"
    },
    {
      "id": "pt.ine.add.PTCONT.1733501",
      "street": "R CEUTA",
      "house": "",
      "postcode": "8900-435",
      "city": "MONTE GORDO",
      "lon": "-7.44861217795248",
      "lat": "37.18077124282115"
    },
    {
      "id": "pt.ine.add.PTCONT.1733502",
      "street": "R CEUTA",
      "house": "",
      "postcode": "8900-435",
      "city": "MONTE GORDO",
      "lon": "-7.44861217795248",
      "lat": "37.18077124282115"
    },
    {
      "id": "pt.ine.add.PTCONT.1733503",
      "street": "R CEUTA",
      "house": "",
      "postcode": "8900-435",
      "city": "MONTE GORDO",
      "lon": "-7.44861217795248",
      "lat": "37.18077124282115"
    },
    {
      "id": "pt.ine.add.PTCONT.1733555",
      "street": "R CEUTA",
      "house": "",
      "postcode": "8900-435",
      "city": "MONTE GORDO",
      "lon": "-7.44861217795248",
      "lat": "37.18077124282115"
    },
    {
      "id": "pt.ine.add.PTCONT.1733554",
      "street": "R CEUTA",
      "house": "",
      "postcode": "8900-435",
      "city": "MONTE GORDO",
      "lon": "-7.44861217795248",
      "lat": "37.18077124282115"
    },
    {
      "id": "pt.ine.add.PTCONT.1733556",
      "street": "R CEUTA",
      "house": "",
      "postcode": "8900-435",
      "city": "MONTE GORDO",
      "lon": "-7.44861217795248",
      "lat": "37.18077124282115"
    },
    {
      "id": "pt.ine.add.PTCONT.1733557",
      "street": "R CEUTA",
      "house": "",
      "postcode": "8900-435",
      "city": "MONTE GORDO",
      "lon": "-7.44861217795248",
      "lat": "37.18077124282115"
    },
    {
      "id": "pt.ine.add.PTCONT.1733558",
      "street": "R CEUTA",
      "house": "",
      "postcode": "8900-435",
      "city": "MONTE GORDO",
      "lon": "-7.44861217795248",
      "lat": "37.18077124282115"
    },
    {
      "id": "pt.ine.add.PTCONT.1733559",
      "street": "R CEUTA",
      "house": "",
      "postcode": "8900-435",
      "city": "MONTE GORDO",
      "lon": "-7.44861217795248",
      "lat": "37.18077124282115"
    },
    {
      "id": "pt.ine.add.PTCONT.1733560",
      "street": "R CEUTA",
      "house": "",
      "postcode": "8900-435",
      "city": "MONTE GORDO",
      "lon": "-7.44861217795248",
      "lat": "37.18077124282115"
    },
    {
      "id": "pt.ine.add.PTCONT.1733561",
      "street": "R CEUTA",
      "house": "",
      "postcode": "8900-435",
      "city": "MONTE GORDO",
      "lon": "-7.44861217795248",
      "lat": "37.18077124282115"
    },
    {
      "id": "pt.ine.add.PTCONT.1733562",
      "street": "R CEUTA",
      "house": "",
      "postcode": "8900-435",
      "city": "MONTE GORDO",
      "lon": "-7.44861217795248",
      "lat": "37.18077124282115"
    },
    {
      "id": "pt.ine.add.PTCONT.1733563",
      "street": "R CEUTA",
      "house": "",
      "postcode": "8900-435",
      "city": "MONTE GORDO",
      "lon": "-7.44861217795248",
      "lat": "37.18077124282115"
    },
    {
      "id": "pt.ine.add.PTCONT.1733564",
      "street": "R CEUTA",
      "house": "",
      "postcode": "8900-435",
      "city": "MONTE GORDO",
      "lon": "-7.44861217795248",
      "lat": "37.18077124282115"
    },
    {
      "id": "pt.ine.add.PTCONT.1733565",
      "street": "R CEUTA",
      "house": "",
      "postcode": "8900-435",
      "city": "MONTE GORDO",
      "lon": "-7.44861217795248",
      "lat": "37.18077124282115"
    },
    {
      "id": "pt.ine.add.PTCONT.1733566",
      "street": "R CEUTA",
      "house": "",
      "postcode": "8900-435",
      "city": "MONTE GORDO",
      "lon": "-7.44861217795248",
      "lat": "37.18077124282115"
    },
    {
      "id": "pt.ine.add.PTCONT.1733567",
      "street": "R CEUTA",
      "house": "",
      "postcode": "8900-435",
      "city": "MONTE GORDO",
      "lon": "-7.44861217795248",
      "lat": "37.18077124282115"
    },
    {
      "id": "pt.ine.add.PTCONT.1733568",
      "street": "R CEUTA",
      "house": "",
      "postcode": "8900-435",
      "city": "MONTE GORDO",
      "lon": "-7.44861217795248",
      "lat": "37.18077124282115"
    },
    {
      "id": "pt.ine.add.PTCONT.1733569",
      "street": "R CEUTA",
      "house": "",
      "postcode": "8900-435",
      "city": "MONTE GORDO",
      "lon": "-7.44861217795248",
      "lat": "37.18077124282115"
    },
    {
      "id": "pt.ine.add.PTCONT.1734821",
      "street": "R CEUTA",
      "house": "",
      "postcode": "8900-435",
      "city": "MONTE GORDO",
      "lon": "-7.44861217795248",
      "lat": "37.18077124282115"
    },
    {
      "id": "pt.ine.add.PTCONT.1734822",
      "street": "R CEUTA",
      "house": "",
      "postcode": "8900-435",
      "city": "MONTE GORDO",
      "lon": "-7.44861217795248",
      "lat": "37.18077124282115"
    },
    {
      "id": "pt.ine.add.PTCONT.1734823",
      "street": "R CEUTA",
      "house": "",
      "postcode": "8900-435",
      "city": "MONTE GORDO",
      "lon": "-7.44861217795248",
      "lat": "37.18077124282115"
    },
    {
      "id": "pt.ine.add.PTCONT.1734824",
      "street": "R CEUTA",
      "house": "",
      "postcode": "8900-435",
      "city": "MONTE GORDO",
      "lon": "-7.44861217795248",
      "lat": "37.18077124282115"
    },
    {
      "id": "pt.ine.add.PTCONT.1758915",
      "street": "R DIOGO CÃO",
      "house": "1",
      "postcode": "8900-440",
      "city": "MONTE GORDO",
      "lon": "-7.448978848547102",
      "lat": "37.180070551357204"
    },
    {
      "id": "pt.ine.add.PTCONT.1791784",
      "street": "R SEM NOME",
      "house": "",
      "postcode": "8900-435",
      "city": "MONTE GORDO",
      "lon": "-7.448257376779935",
      "lat": "37.18015648713743"
    },
    {
      "id": "pt.ine.add.PTCONT.1791785",
      "street": "R SEM NOME",
      "house": "",
      "postcode": "8900-435",
      "city": "MONTE GORDO",
      "lon": "-7.448257376779935",
      "lat": "37.18015648713743"
    },
    {
      "id": "pt.ine.add.PTCONT.1791786",
      "street": "R SEM NOME",
      "house": "",
      "postcode": "8900-435",
      "city": "MONTE GORDO",
      "lon": "-7.448257376779935",
      "lat": "37.18015648713743"
    },
    {
      "id": "pt.ine.add.PTCONT.1791787",
      "street": "R SEM NOME",
      "house": "",
      "postcode": "8900-435",
      "city": "MONTE GORDO",
      "lon": "-7.448257376779935",
      "lat": "37.18015648713743"
    },
    {
      "id": "pt.ine.add.PTCONT.1791788",
      "street": "R SEM NOME",
      "house": "",
      "postcode": "8900-435",
      "city": "MONTE GORDO",
      "lon": "-7.448257376779935",
      "lat": "37.18015648713743"
    },
    {
      "id": "pt.ine.add.PTCONT.1791789",
      "street": "R SEM NOME",
      "house": "",
      "postcode": "8900-435",
      "city": "MONTE GORDO",
      "lon": "-7.448257376779935",
      "lat": "37.18015648713743"
    },
    {
      "id": "pt.ine.add.PTCONT.1791790",
      "street": "R SEM NOME",
      "house": "",
      "postcode": "8900-435",
      "city": "MONTE GORDO",
      "lon": "-7.448257376779935",
      "lat": "37.18015648713743"
    },
    {
      "id": "pt.ine.add.PTCONT.1791791",
      "street": "R SEM NOME",
      "house": "",
      "postcode": "8900-435",
      "city": "MONTE GORDO",
      "lon": "-7.448257376779935",
      "lat": "37.18015648713743"
    },
    {
      "id": "pt.ine.add.PTCONT.1791792",
      "street": "R SEM NOME",
      "house": "",
      "postcode": "8900-435",
      "city": "MONTE GORDO",
      "lon": "-7.448257376779935",
      "lat": "37.18015648713743"
    },
    {
      "id": "pt.ine.add.PTCONT.1791793",
      "street": "R SEM NOME",
      "house": "",
      "postcode": "8900-435",
      "city": "MONTE GORDO",
      "lon": "-7.448257376779935",
      "lat": "37.18015648713743"
    },
    {
      "id": "pt.ine.add.PTCONT.1791794",
      "street": "R SEM NOME",
      "house": "",
      "postcode": "8900-435",
      "city": "MONTE GORDO",
      "lon": "-7.448257376779935",
      "lat": "37.18015648713743"
    },
    {
      "id": "pt.ine.add.PTCONT.1791795",
      "street": "R SEM NOME",
      "house": "",
      "postcode": "8900-435",
      "city": "MONTE GORDO",
      "lon": "-7.448257376779935",
      "lat": "37.18015648713743"
    },
    {
      "id": "pt.ine.add.PTCONT.1791796",
      "street": "R SEM NOME",
      "house": "",
      "postcode": "8900-435",
      "city": "MONTE GORDO",
      "lon": "-7.448257376779935",
      "lat": "37.18015648713743"
    },
    {
      "id": "pt.ine.add.PTCONT.1791797",
      "street": "R SEM NOME",
      "house": "",
      "postcode": "8900-435",
      "city": "MONTE GORDO",
      "lon": "-7.448257376779935",
      "lat": "37.18015648713743"
    },
    {
      "id": "pt.ine.add.PTCONT.1791798",
      "street": "R SEM NOME",
      "house": "",
      "postcode": "8900-435",
      "city": "MONTE GORDO",
      "lon": "-7.448257376779935",
      "lat": "37.18015648713743"
    },
    {
      "id": "pt.ine.add.PTCONT.1791799",
      "street": "R SEM NOME",
      "house": "",
      "postcode": "8900-435",
      "city": "MONTE GORDO",
      "lon": "-7.448257376779935",
      "lat": "37.18015648713743"
    },
    {
      "id": "pt.ine.add.PTCONT.1791800",
      "street": "R SEM NOME",
      "house": "",
      "postcode": "8900-435",
      "city": "MONTE GORDO",
      "lon": "-7.448257376779935",
      "lat": "37.18015648713743"
    },
    {
      "id": "pt.ine.add.PTCONT.1791801",
      "street": "R SEM NOME",
      "house": "",
      "postcode": "8900-435",
      "city": "MONTE GORDO",
      "lon": "-7.448257376779935",
      "lat": "37.18015648713743"
    },
    {
      "id": "pt.ine.add.PTCONT.1791802",
      "street": "R SEM NOME",
      "house": "",
      "postcode": "8900-435",
      "city": "MONTE GORDO",
      "lon": "-7.448257376779935",
      "lat": "37.18015648713743"
    },
    {
      "id": "pt.ine.add.PTCONT.1791803",
      "street": "R SEM NOME",
      "house": "",
      "postcode": "8900-435",
      "city": "MONTE GORDO",
      "lon": "-7.448257376779935",
      "lat": "37.18015648713743"
    },
    {
      "id": "pt.ine.add.PTCONT.1791804",
      "street": "R SEM NOME",
      "house": "",
      "postcode": "8900-435",
      "city": "MONTE GORDO",
      "lon": "-7.448257376779935",
      "lat": "37.18015648713743"
    },
    {
      "id": "pt.ine.add.PTCONT.1791805",
      "street": "R SEM NOME",
      "house": "",
      "postcode": "8900-435",
      "city": "MONTE GORDO",
      "lon": "-7.448257376779935",
      "lat": "37.18015648713743"
    },
    {
      "id": "pt.ine.add.PTCONT.1791920",
      "street": "R SEM NOME",
      "house": "",
      "postcode": "8900-435",
      "city": "MONTE GORDO",
      "lon": "-7.448257376779935",
      "lat": "37.18015648713743"
    },
    {
      "id": "pt.ine.add.PTCONT.1791921",
      "street": "R SEM NOME",
      "house": "",
      "postcode": "8900-435",
      "city": "MONTE GORDO",
      "lon": "-7.448257376779935",
      "lat": "37.18015648713743"
    },
    {
      "id": "pt.ine.add.PTCONT.1794813",
      "street": "R CEUTA",
      "house": "",
      "postcode": "8900-435",
      "city": "MONTE GORDO",
      "lon": "-7.448465874190759",
      "lat": "37.18076138714303"
    },
    {
      "id": "pt.ine.add.PTCONT.1794814",
      "street": "R CEUTA",
      "house": "",
      "postcode": "8900-435",
      "city": "MONTE GORDO",
      "lon": "-7.448465874190759",
      "lat": "37.18076138714303"
    },
    {
      "id": "pt.ine.add.PTCONT.1794815",
      "street": "R CEUTA",
      "house": "",
      "postcode": "8900-435",
      "city": "MONTE GORDO",
      "lon": "-7.448465874190759",
      "lat": "37.18076138714303"
    },
    {
      "id": "pt.ine.add.PTCONT.1794816",
      "street": "R CEUTA",
      "house": "",
      "postcode": "8900-435",
      "city": "MONTE GORDO",
      "lon": "-7.448465874190759",
      "lat": "37.18076138714303"
    },
    {
      "id": "pt.ine.add.PTCONT.1794817",
      "street": "R CEUTA",
      "house": "",
      "postcode": "8900-435",
      "city": "MONTE GORDO",
      "lon": "-7.448465874190759",
      "lat": "37.18076138714303"
    },
    {
      "id": "pt.ine.add.PTCONT.1794818",
      "street": "R CEUTA",
      "house": "",
      "postcode": "8900-435",
      "city": "MONTE GORDO",
      "lon": "-7.448465874190759",
      "lat": "37.18076138714303"
    },
    {
      "id": "pt.ine.add.PTCONT.1794819",
      "street": "R CEUTA",
      "house": "",
      "postcode": "8900-435",
      "city": "MONTE GORDO",
      "lon": "-7.448465874190759",
      "lat": "37.18076138714303"
    },
    {
      "id": "pt.ine.add.PTCONT.1794820",
      "street": "R CEUTA",
      "house": "",
      "postcode": "8900-435",
      "city": "MONTE GORDO",
      "lon": "-7.448465874190759",
      "lat": "37.18076138714303"
    },
    {
      "id": "pt.ine.add.PTCONT.1794821",
      "street": "R CEUTA",
      "house": "",
      "postcode": "8900-435",
      "city": "MONTE GORDO",
      "lon": "-7.448465874190759",
      "lat": "37.18076138714303"
    },
    {
      "id": "pt.ine.add.PTCONT.1794822",
      "street": "R CEUTA",
      "house": "",
      "postcode": "8900-435",
      "city": "MONTE GORDO",
      "lon": "-7.448465874190759",
      "lat": "37.18076138714303"
    },
    {
      "id": "pt.ine.add.PTCONT.1841970",
      "street": "R CEUTA",
      "house": "1",
      "postcode": "8900-435",
      "city": "MONTE GORDO",
      "lon": "-7.448263268533197",
      "lat": "37.18075120586928"
    },
    {
      "id": "pt.ine.add.PTCONT.1842099",
      "street": "R CEUTA",
      "house": "1",
      "postcode": "8900-435",
      "city": "MONTE GORDO",
      "lon": "-7.448263268533197",
      "lat": "37.18075120586928"
    },
    {
      "id": "pt.ine.add.PTCONT.1842293",
      "street": "R SEM NOME",
      "house": "",
      "postcode": "8900-435",
      "city": "MONTE GORDO",
      "lon": "-7.448257376779935",
      "lat": "37.18015648713743"
    },
    {
      "id": "pt.ine.add.PTCONT.1844191",
      "street": "R CEUTA",
      "house": "",
      "postcode": "8900-435",
      "city": "MONTE GORDO",
      "lon": "-7.44861217795248",
      "lat": "37.18077124282115"
    },
    {
      "id": "pt.ine.add.PTCONT.1844209",
      "street": "R CEUTA",
      "house": "",
      "postcode": "8900-435",
      "city": "MONTE GORDO",
      "lon": "-7.44861217795248",
      "lat": "37.18077124282115"
    },
    {
      "id": "pt.ine.add.PTCONT.1844313",
      "street": "R CEUTA",
      "house": "",
      "postcode": "8900-435",
      "city": "MONTE GORDO",
      "lon": "-7.44861217795248",
      "lat": "37.18077124282115"
    },
    {
      "id": "pt.ine.add.PTCONT.1844418",
      "street": "R DIOGO CÃO",
      "house": "16",
      "postcode": "8900-440",
      "city": "MONTE GORDO",
      "lon": "-7.4488523847074495",
      "lat": "37.18035815307527"
    },
    {
      "id": "pt.ine.add.PTCONT.1844419",
      "street": "R DIOGO CÃO",
      "house": "16",
      "postcode": "8900-440",
      "city": "MONTE GORDO",
      "lon": "-7.4488523847074495",
      "lat": "37.18035815307527"
    },
    {
      "id": "pt.ine.add.PTCONT.1844420",
      "street": "R DIOGO CÃO",
      "house": "16",
      "postcode": "8900-440",
      "city": "MONTE GORDO",
      "lon": "-7.4488523847074495",
      "lat": "37.18035815307527"
    },
    {
      "id": "pt.ine.add.PTCONT.1844453",
      "street": "R CEUTA",
      "house": "",
      "postcode": "8900-435",
      "city": "MONTE GORDO",
      "lon": "-7.44861217795248",
      "lat": "37.18077124282115"
    },
    {
      "id": "pt.ine.add.PTCONT.1845859",
      "street": "R SEM NOME PREDIO MONTE GORDO",
      "house": "",
      "postcode": "8900-435",
      "city": "MONTE GORDO",
      "lon": "-7.448208430882223",
      "lat": "37.180588702167704"
    }
  ]
}