{
  "data": {
    "distrito": "Aveiro",
    "concelho": "Aveiro",
    "freguesia": "Esgueira",
    "OBJECTID": 397,
    "BGRI2021": "01050500702",
    "DT21": "01",
    "DTMN21": "0105",
    "DTMNFR21": "010505",
    "DTMNFRSEC21": "010505007",
    "SECNUM21": "007",
    "SSNUM21": "02",
    "SECSSNUM21": "00702",
    "OBJECTID_1": 3260,
    "DT": "01",
    "CC": "05",
    "fr": "05",
    "SEC": "007",
    "SS": "02"
  },
  "addresses": [
    {
      "id": "pt.ine.add.PTCONT.306110",
      "street": "TV MONTE PACO",
      "house": "32",
      "postcode": "3800-036",
      "city": "AVEIRO",
      "lon": "-8.619215345613965",
      "lat": "40.66687606331578"
    },
    {
      "id": "pt.ine.add.PTCONT.311143",
      "street": "R MONTE DO PACO",
      "house": "42",
      "postcode": "3800-035",
      "city": "AVEIRO",
      "lon": "-8.620777671475334",
      "lat": "40.667049577482565"
    },
    {
      "id": "pt.ine.add.PTCONT.312897",
      "street": "TV MONTE DO PACO",
      "house": "44",
      "postcode": "3800-036",
      "city": "AVEIRO",
      "lon": "-8.61929583784732",
      "lat": "40.66656054562725"
    },
    {
      "id": "pt.ine.add.PTCONT.319111",
      "street": "R VERO",
      "house": "",
      "postcode": "3800-346",
      "city": "AVEIRO",
      "lon": "-8.620544284607478",
      "lat": "40.66423196365663"
    },
    {
      "id": "pt.ine.add.PTCONT.330159",
      "street": "R VERO",
      "house": "10",
      "postcode": "3800-346",
      "city": "AVEIRO",
      "lon": "-8.620758715793633",
      "lat": "40.66444718092198"
    },
    {
      "id": "pt.ine.add.PTCONT.330160",
      "street": "R VERO",
      "house": "22",
      "postcode": "3800-346",
      "city": "AVEIRO",
      "lon": "-8.62097518246061",
      "lat": "40.66494154761454"
    },
    {
      "id": "pt.ine.add.PTCONT.331727",
      "street": "R VERO",
      "house": "22",
      "postcode": "3800-346",
      "city": "AVEIRO",
      "lon": "-8.62097518246061",
      "lat": "40.66494154761454"
    },
    {
      "id": "pt.ine.add.PTCONT.332524",
      "street": "R VERO",
      "house": "",
      "postcode": "3800-346",
      "city": "AVEIRO",
      "lon": "-8.620843068175525",
      "lat": "40.66466294731331"
    },
    {
      "id": "pt.ine.add.PTCONT.337992",
      "street": "R MONTE DO PACO",
      "house": "36",
      "postcode": "3800-035",
      "city": "AVEIRO",
      "lon": "-8.62114348642417",
      "lat": "40.6669399705769"
    },
    {
      "id": "pt.ine.add.PTCONT.3101",
      "street": "TV MONTE DO PACO",
      "house": "26",
      "postcode": "3800-036",
      "city": "AVEIRO",
      "lon": "-8.619192674603884",
      "lat": "40.66701123537691"
    },
    {
      "id": "pt.ine.add.PTCONT.26944",
      "street": "R MONTE DO PACO",
      "house": "2",
      "postcode": "3800-035",
      "city": "AVEIRO",
      "lon": "-8.623031737816824",
      "lat": "40.66640067269232"
    },
    {
      "id": "pt.ine.add.PTCONT.37910",
      "street": "R VERO",
      "house": "",
      "postcode": "3800-346",
      "city": "AVEIRO",
      "lon": "-8.623042838713728",
      "lat": "40.66630156940198"
    },
    {
      "id": "pt.ine.add.PTCONT.40625",
      "street": "R VERO",
      "house": "14",
      "postcode": "3800-346",
      "city": "AVEIRO",
      "lon": "-8.620876970128503",
      "lat": "40.664446681434605"
    },
    {
      "id": "pt.ine.add.PTCONT.48489",
      "street": "TV MONTE DO PACO",
      "house": "74",
      "postcode": "3800-036",
      "city": "AVEIRO",
      "lon": "-8.61954651869255",
      "lat": "40.66525374894763"
    },
    {
      "id": "pt.ine.add.PTCONT.74816",
      "street": "R VERO",
      "house": "",
      "postcode": "3800-346",
      "city": "AVEIRO",
      "lon": "-8.620785777354476",
      "lat": "40.66491533240415"
    },
    {
      "id": "pt.ine.add.PTCONT.75609",
      "street": "TV MONTE DO PACO",
      "house": "20",
      "postcode": "3800-036",
      "city": "AVEIRO",
      "lon": "-8.619181502516179",
      "lat": "40.66710133348585"
    },
    {
      "id": "pt.ine.add.PTCONT.81059",
      "street": "TV MONTE DO PACO",
      "house": "38",
      "postcode": "3800-036",
      "city": "AVEIRO",
      "lon": "-8.619273101708783",
      "lat": "40.66668671287711"
    },
    {
      "id": "pt.ine.add.PTCONT.105972",
      "street": "TV MONTE DO PACO",
      "house": "12",
      "postcode": "3800-036",
      "city": "AVEIRO",
      "lon": "-8.61912459566686",
      "lat": "40.667407746685775"
    },
    {
      "id": "pt.ine.add.PTCONT.105973",
      "street": "R MONTE DO PACO",
      "house": "24",
      "postcode": "3800-035",
      "city": "AVEIRO",
      "lon": "-8.621733071252818",
      "lat": "40.66670334426833"
    },
    {
      "id": "pt.ine.add.PTCONT.107852",
      "street": "TV MONTE PACO",
      "house": "36",
      "postcode": "3800-036",
      "city": "AVEIRO",
      "lon": "-8.61923827808369",
      "lat": "40.66677691057899"
    },
    {
      "id": "pt.ine.add.PTCONT.107853",
      "street": "R MONTE DO PACO",
      "house": "",
      "postcode": "3800-035",
      "city": "AVEIRO",
      "lon": "-8.622382373114327",
      "lat": "40.6665475078852"
    },
    {
      "id": "pt.ine.add.PTCONT.139865",
      "street": "TV MONTE DO PACO",
      "house": "04 06",
      "postcode": "3800-036",
      "city": "AVEIRO",
      "lon": "-8.619089902213583",
      "lat": "40.667515953998674"
    },
    {
      "id": "pt.ine.add.PTCONT.139866",
      "street": "TV MONTE DO PACO",
      "house": "04 06",
      "postcode": "3800-036",
      "city": "AVEIRO",
      "lon": "-8.619089902213583",
      "lat": "40.667515953998674"
    },
    {
      "id": "pt.ine.add.PTCONT.146431",
      "street": "R MONTE DO PACO",
      "house": "44",
      "postcode": "3800-035",
      "city": "AVEIRO",
      "lon": "-8.620588719457293",
      "lat": "40.66708639580566"
    },
    {
      "id": "pt.ine.add.PTCONT.147632",
      "street": "R VERO",
      "house": "24",
      "postcode": "3800-346",
      "city": "AVEIRO",
      "lon": "-8.621197701018371",
      "lat": "40.66464343855515"
    },
    {
      "id": "pt.ine.add.PTCONT.163515",
      "street": "R MONTE DO PACO",
      "house": "10",
      "postcode": "3800-035",
      "city": "AVEIRO",
      "lon": "-8.622618362413398",
      "lat": "40.66647446679159"
    },
    {
      "id": "pt.ine.add.PTCONT.183779",
      "street": "TV MONTE DO PACO",
      "house": "18",
      "postcode": "3800-036",
      "city": "AVEIRO",
      "lon": "-8.619146940060793",
      "lat": "40.667227550484675"
    },
    {
      "id": "pt.ine.add.PTCONT.195364",
      "street": "TV MONTE PACO",
      "house": "",
      "postcode": "3800-036",
      "city": "AVEIRO",
      "lon": "-8.619114730873735",
      "lat": "40.667677941417345"
    },
    {
      "id": "pt.ine.add.PTCONT.195366",
      "street": "TV MONTE PACO",
      "house": "10 12",
      "postcode": "3800-036",
      "city": "AVEIRO",
      "lon": "-8.619114730873735",
      "lat": "40.667677941417345"
    },
    {
      "id": "pt.ine.add.PTCONT.197133",
      "street": "TV MONTE DO PACO",
      "house": "2",
      "postcode": "3800-036",
      "city": "AVEIRO",
      "lon": "-8.619114730873735",
      "lat": "40.667677941417345"
    },
    {
      "id": "pt.ine.add.PTCONT.211720",
      "street": "TV MONTE DO PACO",
      "house": "54",
      "postcode": "3800-036",
      "city": "AVEIRO",
      "lon": "-8.619352677828811",
      "lat": "40.6662451274731"
    },
    {
      "id": "pt.ine.add.PTCONT.214345",
      "street": "R VERO",
      "house": "",
      "postcode": "3800-346",
      "city": "AVEIRO",
      "lon": "-8.620936884618946",
      "lat": "40.66455448965488"
    },
    {
      "id": "pt.ine.add.PTCONT.214346",
      "street": "R VERO",
      "house": "",
      "postcode": "3800-346",
      "city": "AVEIRO",
      "lon": "-8.620749644944388",
      "lat": "40.6648254338986"
    },
    {
      "id": "pt.ine.add.PTCONT.214347",
      "street": "R MONTE DO PACO",
      "house": "6",
      "postcode": "3800-035",
      "city": "AVEIRO",
      "lon": "-8.622807377424875",
      "lat": "40.66644664998808"
    },
    {
      "id": "pt.ine.add.PTCONT.220051",
      "street": "R VERO",
      "house": "20",
      "postcode": "3800-346",
      "city": "AVEIRO",
      "lon": "-8.621008099812551",
      "lat": "40.66459020920251"
    },
    {
      "id": "pt.ine.add.PTCONT.233315",
      "street": "R VERO",
      "house": "32",
      "postcode": "3800-346",
      "city": "AVEIRO",
      "lon": "-8.621435655277562",
      "lat": "40.664840544883766"
    },
    {
      "id": "pt.ine.add.PTCONT.236028",
      "street": "R MONTE DO PACO",
      "house": "38",
      "postcode": "3800-035",
      "city": "AVEIRO",
      "lon": "-8.620990275055474",
      "lat": "40.66701265891566"
    },
    {
      "id": "pt.ine.add.PTCONT.238888",
      "street": "R VERO",
      "house": "",
      "postcode": "3800-346",
      "city": "AVEIRO",
      "lon": "-8.622840878650127",
      "lat": "40.66617635465742"
    },
    {
      "id": "pt.ine.add.PTCONT.238890",
      "street": "R MONTE DO PACO",
      "house": "58",
      "postcode": "3800-035",
      "city": "AVEIRO",
      "lon": "-8.619880933209982",
      "lat": "40.66733251974604"
    },
    {
      "id": "pt.ine.add.PTCONT.238891",
      "street": "R MONTE DO PACO",
      "house": "58",
      "postcode": "3800-035",
      "city": "AVEIRO",
      "lon": "-8.619880933209982",
      "lat": "40.66733251974604"
    },
    {
      "id": "pt.ine.add.PTCONT.241460",
      "street": "R MONTE DO PACO",
      "house": "32",
      "postcode": "3800-035",
      "city": "AVEIRO",
      "lon": "-8.621391172985238",
      "lat": "40.666848872335684"
    },
    {
      "id": "pt.ine.add.PTCONT.249676",
      "street": "R MONTE DO PACO",
      "house": "26",
      "postcode": "3800-035",
      "city": "AVEIRO",
      "lon": "-8.621555880889476",
      "lat": "40.666731109292655"
    },
    {
      "id": "pt.ine.add.PTCONT.267696",
      "street": "R VERO",
      "house": "",
      "postcode": "3800-346",
      "city": "AVEIRO",
      "lon": "-8.622674659872473",
      "lat": "40.666087008453815"
    },
    {
      "id": "pt.ine.add.PTCONT.281983",
      "street": "TV MONTE DO PAÇO",
      "house": "50",
      "postcode": "3800-036",
      "city": "AVEIRO",
      "lon": "-8.619377179597574",
      "lat": "40.66636209070369"
    }
  ]
}