{
  "data": {
    "distrito": "Faro",
    "concelho": "Albufeira",
    "freguesia": "Albufeira e Olhos de Água",
    "OBJECTID": 471,
    "BGRI2021": "08010601203",
    "DT21": "08",
    "DTMN21": "0801",
    "DTMNFR21": "080106",
    "DTMNFRSEC21": "080106012",
    "SECNUM21": "012",
    "SSNUM21": "03",
    "SECSSNUM21": "01203",
    "OBJECTID_1": 64398,
    "DT": "08",
    "CC": "01",
    "fr": "06",
    "SEC": "012",
    "SS": "03"
  },
  "addresses": [
    {
      "id": "pt.ine.add.PTCONT.1468168",
      "street": "ESTR SESMARIAS",
      "house": "26",
      "postcode": "8200-385",
      "city": "ALBUFEIRA",
      "lon": "-8.284845652570148",
      "lat": "37.081317894200524"
    },
    {
      "id": "pt.ine.add.PTCONT.1468169",
      "street": "ESTR SESMARIAS",
      "house": "1",
      "postcode": "8200-385",
      "city": "ALBUFEIRA",
      "lon": "-8.285925110874006",
      "lat": "37.081217390666176"
    },
    {
      "id": "pt.ine.add.PTCONT.1469508",
      "street": "SIT SESMARIAS",
      "house": "73",
      "postcode": "8200-385",
      "city": "ALBUFEIRA",
      "lon": "-8.281969138458518",
      "lat": "37.082637100274425"
    },
    {
      "id": "pt.ine.add.PTCONT.1487035",
      "street": "",
      "house": "",
      "postcode": "8200-385",
      "city": "ALBUFEIRA",
      "lon": "-8.283622730934042",
      "lat": "37.08280621638468"
    },
    {
      "id": "pt.ine.add.PTCONT.1472216",
      "street": "ESTR S RAFAEL APARTAMENTOS GIRO DO SOL",
      "house": "",
      "postcode": "8200-385",
      "city": "ALBUFEIRA",
      "lon": "-8.278447929094819",
      "lat": "37.08210983681054"
    },
    {
      "id": "pt.ine.add.PTCONT.1472217",
      "street": "ESTR S RAFAEL A",
      "house": "A",
      "postcode": "8200-385",
      "city": "ALBUFEIRA",
      "lon": "-8.278447929094819",
      "lat": "37.08210983681054"
    },
    {
      "id": "pt.ine.add.PTCONT.1472218",
      "street": "ESTR S RAFAEL APARTAMENTOS GIRO DO SOL",
      "house": "",
      "postcode": "8200-385",
      "city": "ALBUFEIRA",
      "lon": "-8.278447929094819",
      "lat": "37.08210983681054"
    },
    {
      "id": "pt.ine.add.PTCONT.1472219",
      "street": "R S RAFAEL",
      "house": "",
      "postcode": "8200-385",
      "city": "ALBUFEIRA",
      "lon": "-8.278447929094819",
      "lat": "37.08210983681054"
    },
    {
      "id": "pt.ine.add.PTCONT.1472220",
      "street": "R S RAFAEL",
      "house": "",
      "postcode": "8200-385",
      "city": "ALBUFEIRA",
      "lon": "-8.278447929094819",
      "lat": "37.08210983681054"
    },
    {
      "id": "pt.ine.add.PTCONT.1472221",
      "street": "R S RAFAEL",
      "house": "",
      "postcode": "8200-385",
      "city": "ALBUFEIRA",
      "lon": "-8.278447929094819",
      "lat": "37.08210983681054"
    },
    {
      "id": "pt.ine.add.PTCONT.1472222",
      "street": "R S RAFAEL",
      "house": "",
      "postcode": "8200-385",
      "city": "ALBUFEIRA",
      "lon": "-8.278447929094819",
      "lat": "37.08210983681054"
    },
    {
      "id": "pt.ine.add.PTCONT.1472223",
      "street": "R S RAFAEL",
      "house": "",
      "postcode": "8200-385",
      "city": "ALBUFEIRA",
      "lon": "-8.278447929094819",
      "lat": "37.08210983681054"
    },
    {
      "id": "pt.ine.add.PTCONT.1472224",
      "street": "R S RAFAEL",
      "house": "",
      "postcode": "8200-385",
      "city": "ALBUFEIRA",
      "lon": "-8.278447929094819",
      "lat": "37.08210983681054"
    },
    {
      "id": "pt.ine.add.PTCONT.1472227",
      "street": "R S RAFAEL",
      "house": "",
      "postcode": "8200-385",
      "city": "ALBUFEIRA",
      "lon": "-8.278447929094819",
      "lat": "37.08210983681054"
    },
    {
      "id": "pt.ine.add.PTCONT.1472228",
      "street": "R S RAFAEL",
      "house": "",
      "postcode": "8200-385",
      "city": "ALBUFEIRA",
      "lon": "-8.278447929094819",
      "lat": "37.08210983681054"
    },
    {
      "id": "pt.ine.add.PTCONT.1475417",
      "street": "ESTR SESMARIAS",
      "house": "7",
      "postcode": "8200-385",
      "city": "ALBUFEIRA",
      "lon": "-8.285519410197963",
      "lat": "37.080803420875256"
    },
    {
      "id": "pt.ine.add.PTCONT.1475419",
      "street": "ESTR SESMARIAS",
      "house": "56",
      "postcode": "8200-385",
      "city": "ALBUFEIRA",
      "lon": "-8.285543219873608",
      "lat": "37.081461170769934"
    },
    {
      "id": "pt.ine.add.PTCONT.1478514",
      "street": "R VALE DA ORADA",
      "house": "",
      "postcode": "8200-403",
      "city": "ALBUFEIRA",
      "lon": "-8.282353184200005",
      "lat": "37.08348362240505"
    },
    {
      "id": "pt.ine.add.PTCONT.1478515",
      "street": "R VALE DA ORADA",
      "house": "",
      "postcode": "8200-403",
      "city": "ALBUFEIRA",
      "lon": "-8.282353184200005",
      "lat": "37.08348362240505"
    },
    {
      "id": "pt.ine.add.PTCONT.1478570",
      "street": "ESTR SESMARIAS",
      "house": "55",
      "postcode": "8200-385",
      "city": "ALBUFEIRA",
      "lon": "-8.28548720403129",
      "lat": "37.081569371044075"
    },
    {
      "id": "pt.ine.add.PTCONT.1480685",
      "street": "R VALE DA ORADA",
      "house": "",
      "postcode": "8200-403",
      "city": "ALBUFEIRA",
      "lon": "-8.282353184200005",
      "lat": "37.08348362240505"
    },
    {
      "id": "pt.ine.add.PTCONT.1481500",
      "street": "ESTR SESMARIAS",
      "house": "13",
      "postcode": "8200-385",
      "city": "ALBUFEIRA",
      "lon": "-8.284833616041086",
      "lat": "37.08092143916019"
    },
    {
      "id": "pt.ine.add.PTCONT.1483974",
      "street": "ESTR SESMARIAS",
      "house": "25",
      "postcode": "8200-385",
      "city": "ALBUFEIRA",
      "lon": "-8.284800523226219",
      "lat": "37.08124586639624"
    },
    {
      "id": "pt.ine.add.PTCONT.1486991",
      "street": "ESTR S RAFAEL",
      "house": "",
      "postcode": "8200-613",
      "city": "ALBUFEIRA",
      "lon": "-8.27694618588138",
      "lat": "37.08491399186915"
    },
    {
      "id": "pt.ine.add.PTCONT.1487036",
      "street": "LAD EUCALIPTOS",
      "house": "",
      "postcode": "8200-385",
      "city": "ALBUFEIRA",
      "lon": "-8.283397904648684",
      "lat": "37.082860565627485"
    },
    {
      "id": "pt.ine.add.PTCONT.1487038",
      "street": "ESTR SESMARIAS",
      "house": "18",
      "postcode": "8200-385",
      "city": "ALBUFEIRA",
      "lon": "-8.284620401198088",
      "lat": "37.08115598971486"
    },
    {
      "id": "pt.ine.add.PTCONT.1489799",
      "street": "R DIOGO ORTIZ DE VILHEGAS",
      "house": "",
      "postcode": "8200-403",
      "city": "ALBUFEIRA",
      "lon": "-8.284400576296",
      "lat": "37.083724316930045"
    },
    {
      "id": "pt.ine.add.PTCONT.1489800",
      "street": "ESTR SESMARIAS",
      "house": "44",
      "postcode": "8200-385",
      "city": "ALBUFEIRA",
      "lon": "-8.285116700291026",
      "lat": "37.08188522065763"
    },
    {
      "id": "pt.ine.add.PTCONT.1489801",
      "street": "ESTR GALE",
      "house": "25",
      "postcode": "8200-385",
      "city": "ALBUFEIRA",
      "lon": "-8.281831591423682",
      "lat": "37.081312701281206"
    },
    {
      "id": "pt.ine.add.PTCONT.1492850",
      "street": "ESTR SESMARIAS",
      "house": "48",
      "postcode": "8200-385",
      "city": "ALBUFEIRA",
      "lon": "-8.28531888533186",
      "lat": "37.08175881168494"
    },
    {
      "id": "pt.ine.add.PTCONT.1499167",
      "street": "ESTR S RAFAEL VILA CATARINA",
      "house": "",
      "postcode": "8200-385",
      "city": "ALBUFEIRA",
      "lon": "-8.279087341124043",
      "lat": "37.081253035833285"
    },
    {
      "id": "pt.ine.add.PTCONT.1499168",
      "street": "ESTR S RAFAEL VILA CATARINA",
      "house": "",
      "postcode": "8200-385",
      "city": "ALBUFEIRA",
      "lon": "-8.279087341124043",
      "lat": "37.081253035833285"
    },
    {
      "id": "pt.ine.add.PTCONT.1499169",
      "street": "ESTR S RAFAEL VILA CATARINA",
      "house": "",
      "postcode": "8200-385",
      "city": "ALBUFEIRA",
      "lon": "-8.279087341124043",
      "lat": "37.081253035833285"
    },
    {
      "id": "pt.ine.add.PTCONT.1499170",
      "street": "ESTR S RAFAEL VILA CATARINA",
      "house": "",
      "postcode": "8200-385",
      "city": "ALBUFEIRA",
      "lon": "-8.279087341124043",
      "lat": "37.081253035833285"
    },
    {
      "id": "pt.ine.add.PTCONT.1499293",
      "street": "ESTR S RAFAEL VILA CATARINA",
      "house": "",
      "postcode": "8200-385",
      "city": "ALBUFEIRA",
      "lon": "-8.279087341124043",
      "lat": "37.081253035833285"
    },
    {
      "id": "pt.ine.add.PTCONT.1502914",
      "street": "SESMARIAS",
      "house": "22",
      "postcode": "8200-385",
      "city": "ALBUFEIRA",
      "lon": "-8.282607377242499",
      "lat": "37.08309421982228"
    },
    {
      "id": "pt.ine.add.PTCONT.1502915",
      "street": "",
      "house": "",
      "postcode": "8200-385",
      "city": "ALBUFEIRA",
      "lon": "-8.282329136468357",
      "lat": "37.08269071202448"
    },
    {
      "id": "pt.ine.add.PTCONT.1507505",
      "street": "SIT SESMARIAS",
      "house": "27",
      "postcode": "8200-385",
      "city": "ALBUFEIRA",
      "lon": "-8.28290329986984",
      "lat": "37.082987340995615"
    },
    {
      "id": "pt.ine.add.PTCONT.1510178",
      "street": "BC ALTO ORADA",
      "house": "",
      "postcode": "8200-385",
      "city": "ALBUFEIRA",
      "lon": "-8.279471936797384",
      "lat": "37.082405930334325"
    },
    {
      "id": "pt.ine.add.PTCONT.1512861",
      "street": "ESTR SESMARIAS",
      "house": "5",
      "postcode": "8200-385",
      "city": "ALBUFEIRA",
      "lon": "-8.28573316316937",
      "lat": "37.080839188771236"
    },
    {
      "id": "pt.ine.add.PTCONT.1515721",
      "street": "ESTR SESMARIAS",
      "house": "21",
      "postcode": "8200-385",
      "city": "ALBUFEIRA",
      "lon": "-8.284294452235546",
      "lat": "37.08125552326239"
    },
    {
      "id": "pt.ine.add.PTCONT.1520249",
      "street": "SIT SESMARIAS",
      "house": "28",
      "postcode": "8200-385",
      "city": "ALBUFEIRA",
      "lon": "-8.282666747905868",
      "lat": "37.08279841504974"
    },
    {
      "id": "pt.ine.add.PTCONT.1524825",
      "street": "ESTR SESMARIAS",
      "house": "39",
      "postcode": "8200-385",
      "city": "ALBUFEIRA",
      "lon": "-8.284812703277208",
      "lat": "37.08171440676231"
    },
    {
      "id": "pt.ine.add.PTCONT.1524826",
      "street": "SESMARIAS",
      "house": "",
      "postcode": "8200-385",
      "city": "ALBUFEIRA",
      "lon": "-8.282585025390471",
      "lat": "37.08316633350681"
    },
    {
      "id": "pt.ine.add.PTCONT.1524830",
      "street": "ESTR GALE",
      "house": "18",
      "postcode": "8200-385",
      "city": "ALBUFEIRA",
      "lon": "-8.281472127050046",
      "lat": "37.081529408086986"
    },
    {
      "id": "pt.ine.add.PTCONT.1528267",
      "street": "ESTR GALE",
      "house": "6",
      "postcode": "8200-385",
      "city": "ALBUFEIRA",
      "lon": "-8.281257462365115",
      "lat": "37.081025077671406"
    },
    {
      "id": "pt.ine.add.PTCONT.1531311",
      "street": "ESTR S RAFAEL",
      "house": "654 H",
      "postcode": "8200-385",
      "city": "ALBUFEIRA",
      "lon": "-8.278626582201907",
      "lat": "37.08143381588734"
    },
    {
      "id": "pt.ine.add.PTCONT.1531394",
      "street": "SESMARIAS",
      "house": "63",
      "postcode": "8200-385",
      "city": "ALBUFEIRA",
      "lon": "-8.281385191357495",
      "lat": "37.08308836623897"
    },
    {
      "id": "pt.ine.add.PTCONT.1531396",
      "street": "",
      "house": "",
      "postcode": "8200-385",
      "city": "ALBUFEIRA",
      "lon": "-8.282854112752053",
      "lat": "37.080851869389704"
    },
    {
      "id": "pt.ine.add.PTCONT.1531397",
      "street": "ESTR GALE",
      "house": "8",
      "postcode": "8200-385",
      "city": "ALBUFEIRA",
      "lon": "-8.28129130675589",
      "lat": "37.08107909954521"
    },
    {
      "id": "pt.ine.add.PTCONT.1533410",
      "street": "ESTR SESMARIAS",
      "house": "40",
      "postcode": "8200-385",
      "city": "ALBUFEIRA",
      "lon": "-8.284947804905912",
      "lat": "37.08178631940507"
    },
    {
      "id": "pt.ine.add.PTCONT.1538639",
      "street": "R DIOGO ORTIZ VILHEGAS",
      "house": "",
      "postcode": "8200-403",
      "city": "ALBUFEIRA",
      "lon": "-8.283432071633788",
      "lat": "37.08307677886632"
    },
    {
      "id": "pt.ine.add.PTCONT.1539269",
      "street": "ESTR GALE",
      "house": "30",
      "postcode": "8200-385",
      "city": "ALBUFEIRA",
      "lon": "-8.282134962854823",
      "lat": "37.081168149410765"
    },
    {
      "id": "pt.ine.add.PTCONT.1542426",
      "street": "",
      "house": "",
      "postcode": "8200-385",
      "city": "ALBUFEIRA",
      "lon": "-8.283614459197889",
      "lat": "37.08431101181413"
    },
    {
      "id": "pt.ine.add.PTCONT.1542429",
      "street": "ESTR SESMARIAS",
      "house": "9",
      "postcode": "8200-385",
      "city": "ALBUFEIRA",
      "lon": "-8.285305747488124",
      "lat": "37.08081270593901"
    },
    {
      "id": "pt.ine.add.PTCONT.1542430",
      "street": "ESTR SESMARIAS",
      "house": "14",
      "postcode": "8200-385",
      "city": "ALBUFEIRA",
      "lon": "-8.28485634225544",
      "lat": "37.08103854908143"
    },
    {
      "id": "pt.ine.add.PTCONT.1547581",
      "street": "R DIOGO ORTIZ DE VILHEGAS",
      "house": "951 A",
      "postcode": "8200-403",
      "city": "ALBUFEIRA",
      "lon": "-8.284393107823213",
      "lat": "37.08562558129359"
    },
    {
      "id": "pt.ine.add.PTCONT.1547589",
      "street": "R VALE ORADA",
      "house": "17",
      "postcode": "8200-403",
      "city": "ALBUFEIRA",
      "lon": "-8.282432530054376",
      "lat": "37.083798896619825"
    },
    {
      "id": "pt.ine.add.PTCONT.1547590",
      "street": "R VALE ORADA",
      "house": "17",
      "postcode": "8200-403",
      "city": "ALBUFEIRA",
      "lon": "-8.282432530054376",
      "lat": "37.083798896619825"
    },
    {
      "id": "pt.ine.add.PTCONT.1547591",
      "street": "R VALE ORADA",
      "house": "17",
      "postcode": "8200-403",
      "city": "ALBUFEIRA",
      "lon": "-8.282432530054376",
      "lat": "37.083798896619825"
    },
    {
      "id": "pt.ine.add.PTCONT.1547592",
      "street": "R VALE ORADA",
      "house": "17",
      "postcode": "8200-403",
      "city": "ALBUFEIRA",
      "lon": "-8.282432530054376",
      "lat": "37.083798896619825"
    },
    {
      "id": "pt.ine.add.PTCONT.1547593",
      "street": "R VALE ORADA",
      "house": "17",
      "postcode": "8200-403",
      "city": "ALBUFEIRA",
      "lon": "-8.282432530054376",
      "lat": "37.083798896619825"
    },
    {
      "id": "pt.ine.add.PTCONT.1547594",
      "street": "R VALE ORADA",
      "house": "17",
      "postcode": "8200-403",
      "city": "ALBUFEIRA",
      "lon": "-8.282432530054376",
      "lat": "37.083798896619825"
    },
    {
      "id": "pt.ine.add.PTCONT.1547595",
      "street": "R VALE ORADA",
      "house": "17",
      "postcode": "8200-403",
      "city": "ALBUFEIRA",
      "lon": "-8.282432530054376",
      "lat": "37.083798896619825"
    },
    {
      "id": "pt.ine.add.PTCONT.1547596",
      "street": "R VALE ORADA",
      "house": "17",
      "postcode": "8200-403",
      "city": "ALBUFEIRA",
      "lon": "-8.282432530054376",
      "lat": "37.083798896619825"
    },
    {
      "id": "pt.ine.add.PTCONT.1547597",
      "street": "R VALE ORADA",
      "house": "17",
      "postcode": "8200-403",
      "city": "ALBUFEIRA",
      "lon": "-8.282432530054376",
      "lat": "37.083798896619825"
    },
    {
      "id": "pt.ine.add.PTCONT.1547598",
      "street": "R VALE ORADA",
      "house": "17",
      "postcode": "8200-403",
      "city": "ALBUFEIRA",
      "lon": "-8.282432530054376",
      "lat": "37.083798896619825"
    },
    {
      "id": "pt.ine.add.PTCONT.1547599",
      "street": "R VALE ORADA",
      "house": "17",
      "postcode": "8200-403",
      "city": "ALBUFEIRA",
      "lon": "-8.282432530054376",
      "lat": "37.083798896619825"
    },
    {
      "id": "pt.ine.add.PTCONT.1547600",
      "street": "R VALE ORADA",
      "house": "17",
      "postcode": "8200-403",
      "city": "ALBUFEIRA",
      "lon": "-8.282432530054376",
      "lat": "37.083798896619825"
    },
    {
      "id": "pt.ine.add.PTCONT.1547602",
      "street": "BC ALTO ORADA",
      "house": "",
      "postcode": "8200-385",
      "city": "ALBUFEIRA",
      "lon": "-8.279730660507903",
      "lat": "37.08243264284135"
    },
    {
      "id": "pt.ine.add.PTCONT.1547610",
      "street": "ESTR S RAFAEL",
      "house": "",
      "postcode": "8200-385",
      "city": "ALBUFEIRA",
      "lon": "-8.279335506604733",
      "lat": "37.08164018988166"
    },
    {
      "id": "pt.ine.add.PTCONT.1547648",
      "street": "ESTR GALE",
      "house": "13",
      "postcode": "8200-385",
      "city": "ALBUFEIRA",
      "lon": "-8.281291938110577",
      "lat": "37.081403483668645"
    },
    {
      "id": "pt.ine.add.PTCONT.1550799",
      "street": "R VALE DA ORADA",
      "house": "",
      "postcode": "8200-403",
      "city": "ALBUFEIRA",
      "lon": "-8.281756983211528",
      "lat": "37.08342129632901"
    },
    {
      "id": "pt.ine.add.PTCONT.1550867",
      "street": "SIT SESMARIAS",
      "house": "41",
      "postcode": "8200-385",
      "city": "ALBUFEIRA",
      "lon": "-8.283445702720185",
      "lat": "37.084284193787546"
    },
    {
      "id": "pt.ine.add.PTCONT.1550873",
      "street": "ESTR SESMARIAS",
      "house": "8",
      "postcode": "8200-385",
      "city": "ALBUFEIRA",
      "lon": "-8.285384363844095",
      "lat": "37.08075854087642"
    },
    {
      "id": "pt.ine.add.PTCONT.1550886",
      "street": "ESTR GALE",
      "house": "2",
      "postcode": "8200-385",
      "city": "ALBUFEIRA",
      "lon": "-8.281268498336974",
      "lat": "37.08091693557676"
    },
    {
      "id": "pt.ine.add.PTCONT.1553917",
      "street": "URB FELIZ ALGARVE",
      "house": "108868",
      "postcode": "8200-403",
      "city": "ALBUFEIRA",
      "lon": "-8.280722108162541",
      "lat": "37.083332481980484"
    },
    {
      "id": "pt.ine.add.PTCONT.1553985",
      "street": "ESTR GALE",
      "house": "11",
      "postcode": "8200-385",
      "city": "ALBUFEIRA",
      "lon": "-8.28128025325747",
      "lat": "37.081178230968774"
    },
    {
      "id": "pt.ine.add.PTCONT.1557073",
      "street": "ESTR SESMARIAS",
      "house": "22",
      "postcode": "8200-385",
      "city": "ALBUFEIRA",
      "lon": "-8.284733026764401",
      "lat": "37.08123694201197"
    },
    {
      "id": "pt.ine.add.PTCONT.1561351",
      "street": "ESTR GALE",
      "house": "7",
      "postcode": "8200-385",
      "city": "ALBUFEIRA",
      "lon": "-8.28138104980356",
      "lat": "37.08096184838691"
    },
    {
      "id": "pt.ine.add.PTCONT.1561410",
      "street": "ESTR GALE",
      "house": "26",
      "postcode": "8200-385",
      "city": "ALBUFEIRA",
      "lon": "-8.281944090961714",
      "lat": "37.08133058154295"
    },
    {
      "id": "pt.ine.add.PTCONT.1568733",
      "street": "R VÁRZEA DA ORADA",
      "house": "",
      "postcode": "8200-613",
      "city": "ALBUFEIRA",
      "lon": "-8.2787104427288",
      "lat": "37.084118898574374"
    },
    {
      "id": "pt.ine.add.PTCONT.1568833",
      "street": "ESTR SESMARIAS",
      "house": "58",
      "postcode": "8200-385",
      "city": "ALBUFEIRA",
      "lon": "-8.285587646246302",
      "lat": "37.08118178222961"
    },
    {
      "id": "pt.ine.add.PTCONT.1573233",
      "street": "SESMARIAS",
      "house": "65",
      "postcode": "8200-385",
      "city": "ALBUFEIRA",
      "lon": "-8.281205244262143",
      "lat": "37.08308859107327"
    },
    {
      "id": "pt.ine.add.PTCONT.1576714",
      "street": "ESTR S RAFAEL CASA MAR ALEM",
      "house": "715 A",
      "postcode": "8200-385",
      "city": "ALBUFEIRA",
      "lon": "-8.280234911590156",
      "lat": "37.08147688514028"
    },
    {
      "id": "pt.ine.add.PTCONT.1580985",
      "street": "ESTR GALE",
      "house": "16",
      "postcode": "8200-385",
      "city": "ALBUFEIRA",
      "lon": "-8.28140457806686",
      "lat": "37.081493449799744"
    },
    {
      "id": "pt.ine.add.PTCONT.1583092",
      "street": "ESTR GALE",
      "house": "19",
      "postcode": "8200-385",
      "city": "ALBUFEIRA",
      "lon": "-8.281561993335453",
      "lat": "37.081475231488"
    },
    {
      "id": "pt.ine.add.PTCONT.1589809",
      "street": "ESTR SESMARIAS",
      "house": "50",
      "postcode": "8200-385",
      "city": "ALBUFEIRA",
      "lon": "-8.285228427268237",
      "lat": "37.081515639084515"
    },
    {
      "id": "pt.ine.add.PTCONT.1589810",
      "street": "ESTR SESMARIAS",
      "house": "59",
      "postcode": "8200-385",
      "city": "ALBUFEIRA",
      "lon": "-8.285700236757274",
      "lat": "37.08124471226899"
    },
    {
      "id": "pt.ine.add.PTCONT.1591714",
      "street": "ESTR SESMARIAS",
      "house": "47",
      "postcode": "8200-385",
      "city": "ALBUFEIRA",
      "lon": "-8.285262796920758",
      "lat": "37.081830969178796"
    },
    {
      "id": "pt.ine.add.PTCONT.1596710",
      "street": "ESTR S RAFAEL",
      "house": "629 A",
      "postcode": "8200-385",
      "city": "ALBUFEIRA",
      "lon": "-8.283225491430482",
      "lat": "37.080977549611276"
    },
    {
      "id": "pt.ine.add.PTCONT.1602190",
      "street": "ESTR S RAFAEL",
      "house": "",
      "postcode": "8200-385",
      "city": "ALBUFEIRA",
      "lon": "-8.283642765538318",
      "lat": "37.08156271569548"
    },
    {
      "id": "pt.ine.add.PTCONT.1602191",
      "street": "ESTR GALE",
      "house": "1",
      "postcode": "8200-385",
      "city": "ALBUFEIRA",
      "lon": "-8.281313273348093",
      "lat": "37.080808751324625"
    },
    {
      "id": "pt.ine.add.PTCONT.1603499",
      "street": "R VALE DA ORADA",
      "house": "",
      "postcode": "8200-403",
      "city": "ALBUFEIRA",
      "lon": "-8.281554471566734",
      "lat": "37.08338550721817"
    },
    {
      "id": "pt.ine.add.PTCONT.1606739",
      "street": "ESTR S RAFAEL VIVENDAS PINHEIRO",
      "house": "115 A",
      "postcode": "8200-613",
      "city": "ALBUFEIRA",
      "lon": "-8.278190546282097",
      "lat": "37.0827859537239"
    },
    {
      "id": "pt.ine.add.PTCONT.1606740",
      "street": "ESTR S RAFAEL VIVENDAS PINHEIRO",
      "house": "115 A",
      "postcode": "8200-613",
      "city": "ALBUFEIRA",
      "lon": "-8.278190546282097",
      "lat": "37.0827859537239"
    },
    {
      "id": "pt.ine.add.PTCONT.1608690",
      "street": "ESTR SESMARIAS",
      "house": "15",
      "postcode": "8200-385",
      "city": "ALBUFEIRA",
      "lon": "-8.284698892811384",
      "lat": "37.08103875042514"
    },
    {
      "id": "pt.ine.add.PTCONT.1608693",
      "street": "ESTR SESMARIAS",
      "house": "24",
      "postcode": "8200-385",
      "city": "ALBUFEIRA",
      "lon": "-8.284755717024622",
      "lat": "37.08133603060937"
    },
    {
      "id": "pt.ine.add.PTCONT.1608694",
      "street": "ESTR SESMARIAS",
      "house": "35",
      "postcode": "8200-385",
      "city": "ALBUFEIRA",
      "lon": "-8.284699897505968",
      "lat": "37.081543347867516"
    },
    {
      "id": "pt.ine.add.PTCONT.1608695",
      "street": "ESTR SESMARIAS",
      "house": "37",
      "postcode": "8200-385",
      "city": "ALBUFEIRA",
      "lon": "-8.284655180691093",
      "lat": "37.08167856537914"
    },
    {
      "id": "pt.ine.add.PTCONT.1611645",
      "street": "",
      "house": "31",
      "postcode": "8200-385",
      "city": "ALBUFEIRA",
      "lon": "-8.282959214008796",
      "lat": "37.08282507795552"
    },
    {
      "id": "pt.ine.add.PTCONT.1611646",
      "street": "ESTR SESMARIAS",
      "house": "6",
      "postcode": "8200-385",
      "city": "ALBUFEIRA",
      "lon": "-8.285654258120193",
      "lat": "37.080749183361036"
    },
    {
      "id": "pt.ine.add.PTCONT.1611647",
      "street": "ESTR SESMARIAS",
      "house": "12",
      "postcode": "8200-385",
      "city": "ALBUFEIRA",
      "lon": "-8.284957415983705",
      "lat": "37.08096633418424"
    },
    {
      "id": "pt.ine.add.PTCONT.1617456",
      "street": "ESTR S RAFAEL",
      "house": "625 A",
      "postcode": "8200-385",
      "city": "ALBUFEIRA",
      "lon": "-8.283765335522324",
      "lat": "37.080985875796365"
    },
    {
      "id": "pt.ine.add.PTCONT.1620232",
      "street": "ESTR S RAFAEL RESIDENCIA BELA VISTA",
      "house": "650 H",
      "postcode": "8200-385",
      "city": "ALBUFEIRA",
      "lon": "-8.279514566590686",
      "lat": "37.081180423693056"
    },
    {
      "id": "pt.ine.add.PTCONT.1620233",
      "street": "ESTR S RAFAEL RESIDENCIA BELA VISTA",
      "house": "650 H",
      "postcode": "8200-385",
      "city": "ALBUFEIRA",
      "lon": "-8.279514566590686",
      "lat": "37.081180423693056"
    },
    {
      "id": "pt.ine.add.PTCONT.1620236",
      "street": "ESTR S RAFAEL RESIDENCIA BELA VISTA",
      "house": "650 H",
      "postcode": "8200-385",
      "city": "ALBUFEIRA",
      "lon": "-8.279514566590686",
      "lat": "37.081180423693056"
    },
    {
      "id": "pt.ine.add.PTCONT.1620237",
      "street": "ESTR S RAFAEL RESIDENCIA BELA VISTA",
      "house": "650 H",
      "postcode": "8200-385",
      "city": "ALBUFEIRA",
      "lon": "-8.279514566590686",
      "lat": "37.081180423693056"
    },
    {
      "id": "pt.ine.add.PTCONT.1620238",
      "street": "ESTR S RAFAEL RESIDENCIA BELA VISTA",
      "house": "650 H",
      "postcode": "8200-385",
      "city": "ALBUFEIRA",
      "lon": "-8.279514566590686",
      "lat": "37.081180423693056"
    },
    {
      "id": "pt.ine.add.PTCONT.1620239",
      "street": "ESTR S RAFAEL RESIDENCIA BELA VISTA",
      "house": "650 H",
      "postcode": "8200-385",
      "city": "ALBUFEIRA",
      "lon": "-8.279514566590686",
      "lat": "37.081180423693056"
    },
    {
      "id": "pt.ine.add.PTCONT.1620240",
      "street": "ESTR S RAFAEL RESIDENCIA BELA VISTA",
      "house": "650 H",
      "postcode": "8200-385",
      "city": "ALBUFEIRA",
      "lon": "-8.279514566590686",
      "lat": "37.081180423693056"
    },
    {
      "id": "pt.ine.add.PTCONT.1620241",
      "street": "ESTR S RAFAEL RESIDENCIA BELA VISTA",
      "house": "650 H",
      "postcode": "8200-385",
      "city": "ALBUFEIRA",
      "lon": "-8.279514566590686",
      "lat": "37.081180423693056"
    },
    {
      "id": "pt.ine.add.PTCONT.1620242",
      "street": "ESTR S RAFAEL RESIDENCIA BELA VISTA",
      "house": "650 H",
      "postcode": "8200-385",
      "city": "ALBUFEIRA",
      "lon": "-8.279514566590686",
      "lat": "37.081180423693056"
    },
    {
      "id": "pt.ine.add.PTCONT.1620243",
      "street": "ESTR S RAFAEL RESIDENCIA BELA VISTA",
      "house": "650 H",
      "postcode": "8200-385",
      "city": "ALBUFEIRA",
      "lon": "-8.279514566590686",
      "lat": "37.081180423693056"
    },
    {
      "id": "pt.ine.add.PTCONT.1620244",
      "street": "ESTR S RAFAEL RESIDENCIA BELA VISTA",
      "house": "650 H",
      "postcode": "8200-385",
      "city": "ALBUFEIRA",
      "lon": "-8.279514566590686",
      "lat": "37.081180423693056"
    },
    {
      "id": "pt.ine.add.PTCONT.1620415",
      "street": "BC ALTO ORADA",
      "house": "670H",
      "postcode": "8200-385",
      "city": "ALBUFEIRA",
      "lon": "-8.27922437338791",
      "lat": "37.082334150061214"
    },
    {
      "id": "pt.ine.add.PTCONT.1620407",
      "street": "R S RAFAEL CASA ALAIDE",
      "house": "",
      "postcode": "8200-613",
      "city": "ALBUFEIRA",
      "lon": "-8.278831726070942",
      "lat": "37.08284824248664"
    },
    {
      "id": "pt.ine.add.PTCONT.1620408",
      "street": "R S RAFAEL CASA ALAIDE",
      "house": "",
      "postcode": "8200-613",
      "city": "ALBUFEIRA",
      "lon": "-8.278831726070942",
      "lat": "37.08284824248664"
    },
    {
      "id": "pt.ine.add.PTCONT.1620409",
      "street": "R S RAFAEL CASA ALAIDE",
      "house": "",
      "postcode": "8200-613",
      "city": "ALBUFEIRA",
      "lon": "-8.278831726070942",
      "lat": "37.08284824248664"
    },
    {
      "id": "pt.ine.add.PTCONT.1620410",
      "street": "R S RAFAEL CASA ALAIDE",
      "house": "",
      "postcode": "8200-613",
      "city": "ALBUFEIRA",
      "lon": "-8.278831726070942",
      "lat": "37.08284824248664"
    },
    {
      "id": "pt.ine.add.PTCONT.1620411",
      "street": "R S RAFAEL CASA ALAIDE",
      "house": "",
      "postcode": "8200-613",
      "city": "ALBUFEIRA",
      "lon": "-8.278831726070942",
      "lat": "37.08284824248664"
    },
    {
      "id": "pt.ine.add.PTCONT.1620412",
      "street": "R S RAFAEL CASA ALAIDE",
      "house": "",
      "postcode": "8200-613",
      "city": "ALBUFEIRA",
      "lon": "-8.278831726070942",
      "lat": "37.08284824248664"
    },
    {
      "id": "pt.ine.add.PTCONT.1620469",
      "street": "",
      "house": "",
      "postcode": "8200-385",
      "city": "ALBUFEIRA",
      "lon": "-8.283903932891372",
      "lat": "37.08282388056557"
    },
    {
      "id": "pt.ine.add.PTCONT.1620471",
      "street": "ESTR SESMARIAS",
      "house": "17",
      "postcode": "8200-385",
      "city": "ALBUFEIRA",
      "lon": "-8.284620257746042",
      "lat": "37.0810839043636"
    },
    {
      "id": "pt.ine.add.PTCONT.1625505",
      "street": "ESTR SESMARIAS",
      "house": "2",
      "postcode": "8200-385",
      "city": "ALBUFEIRA",
      "lon": "-8.286003202445606",
      "lat": "37.08090191581143"
    },
    {
      "id": "pt.ine.add.PTCONT.1632121",
      "street": "ESTR SESMARIAS",
      "house": "46",
      "postcode": "8200-385",
      "city": "ALBUFEIRA",
      "lon": "-8.285184179373305",
      "lat": "37.08188513415368"
    },
    {
      "id": "pt.ine.add.PTCONT.1635285",
      "street": "ESTR SESMARIAS",
      "house": "10",
      "postcode": "8200-385",
      "city": "ALBUFEIRA",
      "lon": "-8.285204386287598",
      "lat": "37.080740750427616"
    },
    {
      "id": "pt.ine.add.PTCONT.1635286",
      "street": "ESTR SESMARIAS",
      "house": "31",
      "postcode": "8200-385",
      "city": "ALBUFEIRA",
      "lon": "-8.285104572305341",
      "lat": "37.0814437123453"
    },
    {
      "id": "pt.ine.add.PTCONT.1635287",
      "street": "ESTR GALE",
      "house": "10",
      "postcode": "8200-385",
      "city": "ALBUFEIRA",
      "lon": "-8.281381260380558",
      "lat": "37.08106997643177"
    },
    {
      "id": "pt.ine.add.PTCONT.1637974",
      "street": "SIT SESMARIAS",
      "house": "73",
      "postcode": "8200-385",
      "city": "ALBUFEIRA",
      "lon": "-8.282621867482625",
      "lat": "37.08285253577245"
    },
    {
      "id": "pt.ine.add.PTCONT.1640809",
      "street": "ESTR SESMARIAS",
      "house": "54",
      "postcode": "8200-385",
      "city": "ALBUFEIRA",
      "lon": "-8.28538589571701",
      "lat": "37.0815244477036"
    },
    {
      "id": "pt.ine.add.PTCONT.1647781",
      "street": "SIT SESMARIAS",
      "house": "38",
      "postcode": "8200-385",
      "city": "ALBUFEIRA",
      "lon": "-8.283816974262434",
      "lat": "37.084346797394296"
    },
    {
      "id": "pt.ine.add.PTCONT.1647782",
      "street": "ESTR SESMARIAS",
      "house": "19",
      "postcode": "8200-385",
      "city": "ALBUFEIRA",
      "lon": "-8.28451921938042",
      "lat": "37.08117414031087"
    },
    {
      "id": "pt.ine.add.PTCONT.1647783",
      "street": "ESTR SESMARIAS",
      "house": "36",
      "postcode": "8200-385",
      "city": "ALBUFEIRA",
      "lon": "-8.284632562191051",
      "lat": "37.081615519440895"
    },
    {
      "id": "pt.ine.add.PTCONT.1647784",
      "street": "ESTR GALE",
      "house": "12",
      "postcode": "8200-385",
      "city": "ALBUFEIRA",
      "lon": "-8.281392612072697",
      "lat": "37.081124026393205"
    },
    {
      "id": "pt.ine.add.PTCONT.1654839",
      "street": "SIT SESMARIAS",
      "house": "25",
      "postcode": "8200-385",
      "city": "ALBUFEIRA",
      "lon": "-8.28289214183306",
      "lat": "37.08303240853341"
    },
    {
      "id": "pt.ine.add.PTCONT.1656811",
      "street": "ESTR GALE",
      "house": "9",
      "postcode": "8200-385",
      "city": "ALBUFEIRA",
      "lon": "-8.281257357164558",
      "lat": "37.08097101364851"
    },
    {
      "id": "pt.ine.add.PTCONT.1658539",
      "street": "ESTR SESMARIAS",
      "house": "60",
      "postcode": "8200-385",
      "city": "ALBUFEIRA",
      "lon": "-8.285823784697785",
      "lat": "37.08116345702827"
    },
    {
      "id": "pt.ine.add.PTCONT.1658547",
      "street": "ESTR S RAFAEL",
      "house": "623 A",
      "postcode": "8200-385",
      "city": "ALBUFEIRA",
      "lon": "-8.28323636469187",
      "lat": "37.080788311309504"
    },
    {
      "id": "pt.ine.add.PTCONT.1658548",
      "street": "",
      "house": "",
      "postcode": "8200-385",
      "city": "ALBUFEIRA",
      "lon": "-8.28135032835661",
      "lat": "37.08251172568355"
    },
    {
      "id": "pt.ine.add.PTCONT.1662632",
      "street": "BC ALTO DA ORADA",
      "house": "951 A",
      "postcode": "8200-385",
      "city": "ALBUFEIRA",
      "lon": "-8.278256823633244",
      "lat": "37.082155124297465"
    },
    {
      "id": "pt.ine.add.PTCONT.1663528",
      "street": "ESTR S RAFAEL CASA MAR ALEM",
      "house": "715 A",
      "postcode": "8200-385",
      "city": "ALBUFEIRA",
      "lon": "-8.279975721642188",
      "lat": "37.08120688561882"
    },
    {
      "id": "pt.ine.add.PTCONT.1664405",
      "street": "ESTR GALE",
      "house": "15",
      "postcode": "8200-385",
      "city": "ALBUFEIRA",
      "lon": "-8.281438124333969",
      "lat": "37.08139429024195"
    },
    {
      "id": "pt.ine.add.PTCONT.1670087",
      "street": "ESTR SESMARIAS",
      "house": "41",
      "postcode": "8200-385",
      "city": "ALBUFEIRA",
      "lon": "-8.284992683046731",
      "lat": "37.08173219779755"
    },
    {
      "id": "pt.ine.add.PTCONT.1670088",
      "street": "ESTR SESMARIAS",
      "house": "49",
      "postcode": "8200-385",
      "city": "ALBUFEIRA",
      "lon": "-8.285239925798992",
      "lat": "37.081641774010684"
    },
    {
      "id": "pt.ine.add.PTCONT.1672826",
      "street": "ESTR SESMARIAS",
      "house": "52",
      "postcode": "8200-385",
      "city": "ALBUFEIRA",
      "lon": "-8.285295906022599",
      "lat": "37.08151555251772"
    },
    {
      "id": "pt.ine.add.PTCONT.1675718",
      "street": "",
      "house": "",
      "postcode": "8200-385",
      "city": "ALBUFEIRA",
      "lon": "-8.283749992251778",
      "lat": "37.084599181721785"
    },
    {
      "id": "pt.ine.add.PTCONT.1675719",
      "street": "SIT SESMARIAS",
      "house": "627A",
      "postcode": "8200-385",
      "city": "ALBUFEIRA",
      "lon": "-8.283485261609101",
      "lat": "37.0815358834244"
    },
    {
      "id": "pt.ine.add.PTCONT.1678508",
      "street": "R S RAFAEL",
      "house": "",
      "postcode": "8200-613",
      "city": "ALBUFEIRA",
      "lon": "-8.278909986753863",
      "lat": "37.08260485767374"
    },
    {
      "id": "pt.ine.add.PTCONT.1678571",
      "street": "",
      "house": "",
      "postcode": "8200-385",
      "city": "ALBUFEIRA",
      "lon": "-8.284522265823314",
      "lat": "37.08270595381988"
    },
    {
      "id": "pt.ine.add.PTCONT.1678572",
      "street": "ESTR SESMARIAS",
      "house": "11",
      "postcode": "8200-385",
      "city": "ALBUFEIRA",
      "lon": "-8.2850247863765",
      "lat": "37.08091218375865"
    },
    {
      "id": "pt.ine.add.PTCONT.1678595",
      "street": "ESTR GALE",
      "house": "28",
      "postcode": "8200-385",
      "city": "ALBUFEIRA",
      "lon": "-8.281909964223123",
      "lat": "37.08113238914062"
    },
    {
      "id": "pt.ine.add.PTCONT.1682628",
      "street": "",
      "house": "",
      "postcode": "8200-385",
      "city": "ALBUFEIRA",
      "lon": "-8.28406451278482",
      "lat": "37.08440054670419"
    },
    {
      "id": "pt.ine.add.PTCONT.1682629",
      "street": "R DIOGO ORTIZ VILHEGAS",
      "house": "",
      "postcode": "8200-403",
      "city": "ALBUFEIRA",
      "lon": "-8.2846007950379",
      "lat": "37.082606735955196"
    },
    {
      "id": "pt.ine.add.PTCONT.1685344",
      "street": "SIT SESMARIAS",
      "house": "21",
      "postcode": "8200-385",
      "city": "ALBUFEIRA",
      "lon": "-8.282903707650306",
      "lat": "37.08319458632782"
    },
    {
      "id": "pt.ine.add.PTCONT.1685345",
      "street": "ESTR GALE",
      "house": "14",
      "postcode": "8200-385",
      "city": "ALBUFEIRA",
      "lon": "-8.281359469415028",
      "lat": "37.081430431351095"
    },
    {
      "id": "pt.ine.add.PTCONT.1686223",
      "street": "SESMARIAS",
      "house": "",
      "postcode": "8200-385",
      "city": "ALBUFEIRA",
      "lon": "-8.282629729052406",
      "lat": "37.08302210613277"
    },
    {
      "id": "pt.ine.add.PTCONT.1692467",
      "street": "R DIOGO ORTIZ DE VILHEGAS",
      "house": "",
      "postcode": "8200-403",
      "city": "ALBUFEIRA",
      "lon": "-8.284423410156167",
      "lat": "37.08389549086722"
    },
    {
      "id": "pt.ine.add.PTCONT.1692468",
      "street": "R DIOGO ORTIZ DE VILHEGAS",
      "house": "",
      "postcode": "8200-403",
      "city": "ALBUFEIRA",
      "lon": "-8.284423410156167",
      "lat": "37.08389549086722"
    },
    {
      "id": "pt.ine.add.PTCONT.1692473",
      "street": "URB O ALGARVE",
      "house": "57",
      "postcode": "8200-385",
      "city": "ALBUFEIRA",
      "lon": "-8.282240204799658",
      "lat": "37.08322245454944"
    },
    {
      "id": "pt.ine.add.PTCONT.1695541",
      "street": "ESTR SESMARIAS",
      "house": "1",
      "postcode": "8200-385",
      "city": "ALBUFEIRA",
      "lon": "-8.286048332720691",
      "lat": "37.08097394316013"
    },
    {
      "id": "pt.ine.add.PTCONT.1695542",
      "street": "ESTR SESMARIAS",
      "house": "43",
      "postcode": "8200-385",
      "city": "ALBUFEIRA",
      "lon": "-8.285149432139114",
      "lat": "37.08138058000776"
    },
    {
      "id": "pt.ine.add.PTCONT.1697429",
      "street": "ESTR S RAFAEL VILA JOSE ARMENIO DIOGO",
      "house": "668 H",
      "postcode": "8200-385",
      "city": "ALBUFEIRA",
      "lon": "-8.278570694265195",
      "lat": "37.08161409828211"
    },
    {
      "id": "pt.ine.add.PTCONT.1709592",
      "street": "ESTR GALE",
      "house": "24",
      "postcode": "8200-385",
      "city": "ALBUFEIRA",
      "lon": "-8.281685440574675",
      "lat": "37.08133991653214"
    },
    {
      "id": "pt.ine.add.PTCONT.1712616",
      "street": "R DIOGO ORTIZ DE VILHEGAS",
      "house": "30",
      "postcode": "8200-403",
      "city": "ALBUFEIRA",
      "lon": "-8.28356751274272",
      "lat": "37.08331989571915"
    },
    {
      "id": "pt.ine.add.PTCONT.1712617",
      "street": "ESTR SESMARIAS",
      "house": "30",
      "postcode": "8200-385",
      "city": "ALBUFEIRA",
      "lon": "-8.285138095735213",
      "lat": "37.08133554108266"
    },
    {
      "id": "pt.ine.add.PTCONT.1712618",
      "street": "ESTR SESMARIAS",
      "house": "33",
      "postcode": "8200-385",
      "city": "ALBUFEIRA",
      "lon": "-8.284947355640993",
      "lat": "37.08156105270688"
    },
    {
      "id": "pt.ine.add.PTCONT.1714713",
      "street": "SESMARIAS",
      "house": "",
      "postcode": "8200-600",
      "city": "ALBUFEIRA",
      "lon": "-8.281798573638758",
      "lat": "37.08168218103313"
    },
    {
      "id": "pt.ine.add.PTCONT.1715614",
      "street": "ESTR GALE",
      "house": "9",
      "postcode": "8200-385",
      "city": "ALBUFEIRA",
      "lon": "-8.281392383929758",
      "lat": "37.081006887679024"
    },
    {
      "id": "pt.ine.add.PTCONT.1718315",
      "street": "ESTR GALE",
      "house": "20",
      "postcode": "8200-385",
      "city": "ALBUFEIRA",
      "lon": "-8.28143786100886",
      "lat": "37.08125913019337"
    },
    {
      "id": "pt.ine.add.PTCONT.1720385",
      "street": "SUBIDA",
      "house": "671 H",
      "postcode": "8200-385",
      "city": "ALBUFEIRA",
      "lon": "-8.278493431507776",
      "lat": "37.082380101765594"
    },
    {
      "id": "pt.ine.add.PTCONT.1729763",
      "street": "URB FELIZALGARVE",
      "house": "16",
      "postcode": "8200-371",
      "city": "ALBUFEIRA",
      "lon": "-8.282680172048275",
      "lat": "37.083906712823435"
    },
    {
      "id": "pt.ine.add.PTCONT.1729764",
      "street": "R VALE ORADA",
      "house": "16",
      "postcode": "8200-403",
      "city": "ALBUFEIRA",
      "lon": "-8.282680172048275",
      "lat": "37.083906712823435"
    },
    {
      "id": "pt.ine.add.PTCONT.1729765",
      "street": "R VALE ORADA",
      "house": "16",
      "postcode": "8200-403",
      "city": "ALBUFEIRA",
      "lon": "-8.282680172048275",
      "lat": "37.083906712823435"
    },
    {
      "id": "pt.ine.add.PTCONT.1729767",
      "street": "R VALE ORADA",
      "house": "16",
      "postcode": "8200-403",
      "city": "ALBUFEIRA",
      "lon": "-8.282680172048275",
      "lat": "37.083906712823435"
    },
    {
      "id": "pt.ine.add.PTCONT.1729768",
      "street": "R VALE ORADA",
      "house": "16",
      "postcode": "8200-403",
      "city": "ALBUFEIRA",
      "lon": "-8.282680172048275",
      "lat": "37.083906712823435"
    },
    {
      "id": "pt.ine.add.PTCONT.1729769",
      "street": "R VALE ORADA",
      "house": "16",
      "postcode": "8200-403",
      "city": "ALBUFEIRA",
      "lon": "-8.282680172048275",
      "lat": "37.083906712823435"
    },
    {
      "id": "pt.ine.add.PTCONT.1729770",
      "street": "R VALE ORADA",
      "house": "16",
      "postcode": "8200-403",
      "city": "ALBUFEIRA",
      "lon": "-8.282680172048275",
      "lat": "37.083906712823435"
    },
    {
      "id": "pt.ine.add.PTCONT.1735411",
      "street": "ESTR GALE",
      "house": "23",
      "postcode": "8200-385",
      "city": "ALBUFEIRA",
      "lon": "-8.281651578207796",
      "lat": "37.081276884104156"
    },
    {
      "id": "pt.ine.add.PTCONT.1738318",
      "street": "ESTR SESMARIAS",
      "house": "29",
      "postcode": "8200-385",
      "city": "ALBUFEIRA",
      "lon": "-8.284969219517196",
      "lat": "37.08124565051727"
    },
    {
      "id": "pt.ine.add.PTCONT.1743826",
      "street": "ESTR SESMARIAS",
      "house": "34",
      "postcode": "8200-385",
      "city": "ALBUFEIRA",
      "lon": "-8.284801115676729",
      "lat": "37.08154321845393"
    },
    {
      "id": "pt.ine.add.PTCONT.1746658",
      "street": "R DIOGO ORTIZ DE VILHEGAS",
      "house": "",
      "postcode": "8200-403",
      "city": "ALBUFEIRA",
      "lon": "-8.284377581400808",
      "lat": "37.083472046995006"
    },
    {
      "id": "pt.ine.add.PTCONT.1748337",
      "street": "ESTR SESMARIAS",
      "house": "51",
      "postcode": "8200-385",
      "city": "ALBUFEIRA",
      "lon": "-8.285296140175621",
      "lat": "37.081632691200866"
    },
    {
      "id": "pt.ine.add.PTCONT.1748336",
      "street": "",
      "house": "",
      "postcode": "8200-385",
      "city": "ALBUFEIRA",
      "lon": "-8.283963737210799",
      "lat": "37.08462594209793"
    },
    {
      "id": "pt.ine.add.PTCONT.1750621",
      "street": "",
      "house": "",
      "postcode": "8200-385",
      "city": "ALBUFEIRA",
      "lon": "-8.28439832005358",
      "lat": "37.08258897302693"
    },
    {
      "id": "pt.ine.add.PTCONT.1750622",
      "street": "ESTR SESMARIAS",
      "house": "27",
      "postcode": "8200-385",
      "city": "ALBUFEIRA",
      "lon": "-8.284879194275574",
      "lat": "37.08121873367669"
    },
    {
      "id": "pt.ine.add.PTCONT.1753800",
      "street": "ESTR SESMARIAS",
      "house": "28",
      "postcode": "8200-385",
      "city": "ALBUFEIRA",
      "lon": "-8.28489062032676",
      "lat": "37.081308825970545"
    },
    {
      "id": "pt.ine.add.PTCONT.1753801",
      "street": "ESTR SESMARIAS",
      "house": "57",
      "postcode": "8200-385",
      "city": "ALBUFEIRA",
      "lon": "-8.285678159226599",
      "lat": "37.08145198657204"
    },
    {
      "id": "pt.ine.add.PTCONT.1756839",
      "street": "ESTR SESMARIAS",
      "house": "4",
      "postcode": "8200-385",
      "city": "ALBUFEIRA",
      "lon": "-8.285845626757954",
      "lat": "37.08083904399556"
    },
    {
      "id": "pt.ine.add.PTCONT.1759663",
      "street": "LAD S RAFAEL CASA JOSE ARMENIO DIOGO",
      "house": "770",
      "postcode": "8200-385",
      "city": "ALBUFEIRA",
      "lon": "-8.27851415211587",
      "lat": "37.08145197516145"
    },
    {
      "id": "pt.ine.add.PTCONT.1762101",
      "street": "ESTR S RAFAEL",
      "house": "115 A",
      "postcode": "8200-613",
      "city": "ALBUFEIRA",
      "lon": "-8.278404335818376",
      "lat": "37.08283975614942"
    },
    {
      "id": "pt.ine.add.PTCONT.1762815",
      "street": "SIT SESMARIAS",
      "house": "29",
      "postcode": "8200-385",
      "city": "ALBUFEIRA",
      "lon": "-8.282925651368213",
      "lat": "37.082915227249714"
    },
    {
      "id": "pt.ine.add.PTCONT.1762816",
      "street": "SESMARIAS",
      "house": "81",
      "postcode": "8200-385",
      "city": "ALBUFEIRA",
      "lon": "-8.281463496792622",
      "lat": "37.08287201177103"
    },
    {
      "id": "pt.ine.add.PTCONT.1769093",
      "street": "",
      "house": "",
      "postcode": "8200-385",
      "city": "ALBUFEIRA",
      "lon": "-8.283906271024184",
      "lat": "37.08400427777376"
    },
    {
      "id": "pt.ine.add.PTCONT.1769092",
      "street": "URB FELIZALGARVE",
      "house": "39",
      "postcode": "8200-385",
      "city": "ALBUFEIRA",
      "lon": "-8.283906271024184",
      "lat": "37.08400427777376"
    },
    {
      "id": "pt.ine.add.PTCONT.1769095",
      "street": "ESTR SESMARIAS",
      "house": "45",
      "postcode": "8200-385",
      "city": "ALBUFEIRA",
      "lon": "-8.285161542377573",
      "lat": "37.08181307765203"
    },
    {
      "id": "pt.ine.add.PTCONT.1772103",
      "street": "ESTR SESMARIAS",
      "house": "3",
      "postcode": "8200-385",
      "city": "ALBUFEIRA",
      "lon": "-8.28591328575434",
      "lat": "37.08092906376621"
    },
    {
      "id": "pt.ine.add.PTCONT.1772155",
      "street": "",
      "house": "",
      "postcode": "8200-385",
      "city": "ALBUFEIRA",
      "lon": "-8.282149207960682",
      "lat": "37.08269994895646"
    },
    {
      "id": "pt.ine.add.PTCONT.1772174",
      "street": "ESTR GALE",
      "house": "29",
      "postcode": "8200-385",
      "city": "ALBUFEIRA",
      "lon": "-8.282022445888664",
      "lat": "37.08114125865917"
    },
    {
      "id": "pt.ine.add.PTCONT.1774849",
      "street": "ESTR S RAFAEL",
      "house": "",
      "postcode": "8200-613",
      "city": "ALBUFEIRA",
      "lon": "-8.276696169288494",
      "lat": "37.083544670254696"
    },
    {
      "id": "pt.ine.add.PTCONT.1774850",
      "street": "ESTR S RAFAEL",
      "house": "",
      "postcode": "8200-613",
      "city": "ALBUFEIRA",
      "lon": "-8.276696169288494",
      "lat": "37.083544670254696"
    },
    {
      "id": "pt.ine.add.PTCONT.1778113",
      "street": "ESTR SESMARIAS",
      "house": "32",
      "postcode": "8200-385",
      "city": "ALBUFEIRA",
      "lon": "-8.285003228429156",
      "lat": "37.08138076733948"
    },
    {
      "id": "pt.ine.add.PTCONT.1784449",
      "street": "ESTR S RAFAEL",
      "house": "325 A",
      "postcode": "8200-613",
      "city": "ALBUFEIRA",
      "lon": "-8.276965717007286",
      "lat": "37.08334610845291"
    },
    {
      "id": "pt.ine.add.PTCONT.1784917",
      "street": "SIT SESMARIAS",
      "house": "79",
      "postcode": "8200-385",
      "city": "ALBUFEIRA",
      "lon": "-8.281586559847755",
      "lat": "37.082538462251584"
    },
    {
      "id": "pt.ine.add.PTCONT.1786139",
      "street": "ESTR S RAFAEL",
      "house": "",
      "postcode": "8200-613",
      "city": "ALBUFEIRA",
      "lon": "-8.276965717007286",
      "lat": "37.08334610845291"
    },
    {
      "id": "pt.ine.add.PTCONT.1786140",
      "street": "ESTR S RAFAEL",
      "house": "",
      "postcode": "8200-613",
      "city": "ALBUFEIRA",
      "lon": "-8.276965717007286",
      "lat": "37.08334610845291"
    },
    {
      "id": "pt.ine.add.PTCONT.1786141",
      "street": "ESTR S RAFAEL",
      "house": "",
      "postcode": "8200-613",
      "city": "ALBUFEIRA",
      "lon": "-8.276965717007286",
      "lat": "37.08334610845291"
    },
    {
      "id": "pt.ine.add.PTCONT.1786142",
      "street": "ESTR S RAFAEL",
      "house": "",
      "postcode": "8200-613",
      "city": "ALBUFEIRA",
      "lon": "-8.276965717007286",
      "lat": "37.08334610845291"
    },
    {
      "id": "pt.ine.add.PTCONT.1786143",
      "street": "ESTR S RAFAEL",
      "house": "",
      "postcode": "8200-613",
      "city": "ALBUFEIRA",
      "lon": "-8.276965717007286",
      "lat": "37.08334610845291"
    },
    {
      "id": "pt.ine.add.PTCONT.1786338",
      "street": "ESTR S RAFAEL",
      "house": "",
      "postcode": "8200-613",
      "city": "ALBUFEIRA",
      "lon": "-8.276965717007286",
      "lat": "37.08334610845291"
    },
    {
      "id": "pt.ine.add.PTCONT.1786958",
      "street": "ESTR SESMARIAS",
      "house": "20",
      "postcode": "8200-385",
      "city": "ALBUFEIRA",
      "lon": "-8.284474412887223",
      "lat": "37.08126430441944"
    },
    {
      "id": "pt.ine.add.PTCONT.1786959",
      "street": "SESMARIAS",
      "house": "83",
      "postcode": "8200-385",
      "city": "ALBUFEIRA",
      "lon": "-8.281283462520836",
      "lat": "37.08282718338479"
    },
    {
      "id": "pt.ine.add.PTCONT.1786961",
      "street": "CASA MARTINHA 1",
      "house": "",
      "postcode": "8200-385",
      "city": "ALBUFEIRA",
      "lon": "-8.283755016254236",
      "lat": "37.08145444487548"
    },
    {
      "id": "pt.ine.add.PTCONT.1789660",
      "street": "VÁRZEA DA ORADA",
      "house": "",
      "postcode": "8200-613",
      "city": "ALBUFEIRA",
      "lon": "-8.278462977683832",
      "lat": "37.084101180744554"
    },
    {
      "id": "pt.ine.add.PTCONT.1789716",
      "street": "ESTR GALE",
      "house": "5",
      "postcode": "8200-385",
      "city": "ALBUFEIRA",
      "lon": "-8.281358451772908",
      "lat": "37.08090781248079"
    },
    {
      "id": "pt.ine.add.PTCONT.1792872",
      "street": "R DIOGO ORTIZ DE VILHEGAS",
      "house": "",
      "postcode": "8200-403",
      "city": "ALBUFEIRA",
      "lon": "-8.284331771062035",
      "lat": "37.083057613739705"
    },
    {
      "id": "pt.ine.add.PTCONT.1797669",
      "street": "ESTR SESMARIAS",
      "house": "23",
      "postcode": "8200-385",
      "city": "ALBUFEIRA",
      "lon": "-8.284677027871544",
      "lat": "37.08135415257833"
    },
    {
      "id": "pt.ine.add.PTCONT.1797670",
      "street": "",
      "house": "",
      "postcode": "8200-385",
      "city": "ALBUFEIRA",
      "lon": "-8.282689099573616",
      "lat": "37.08272630134573"
    },
    {
      "id": "pt.ine.add.PTCONT.1801587",
      "street": "ESTR SESMARIAS",
      "house": "42",
      "postcode": "8200-385",
      "city": "ALBUFEIRA",
      "lon": "-8.28503750718011",
      "lat": "37.08165104416901"
    },
    {
      "id": "pt.ine.add.PTCONT.1804674",
      "street": "ESTR SESMARIAS",
      "house": "53",
      "postcode": "8200-385",
      "city": "ALBUFEIRA",
      "lon": "-8.28536361903352",
      "lat": "37.0816326045953"
    },
    {
      "id": "pt.ine.add.PTCONT.1805613",
      "street": "R DIOGO ORTIZ DE VILHEGAS",
      "house": "",
      "postcode": "8200-403",
      "city": "ALBUFEIRA",
      "lon": "-8.284572881601333",
      "lat": "37.085535244987845"
    },
    {
      "id": "pt.ine.add.PTCONT.1810204",
      "street": "ESTR SESMARIAS",
      "house": "16",
      "postcode": "8200-385",
      "city": "ALBUFEIRA",
      "lon": "-8.284777814984842",
      "lat": "37.0811377671372"
    },
    {
      "id": "pt.ine.add.PTCONT.1813134",
      "street": "ESTR GALE",
      "house": "27",
      "postcode": "8200-385",
      "city": "ALBUFEIRA",
      "lon": "-8.281685018553686",
      "lat": "37.081123660453336"
    },
    {
      "id": "pt.ine.add.PTCONT.1818906",
      "street": "ESTR GALE",
      "house": "21",
      "postcode": "8200-385",
      "city": "ALBUFEIRA",
      "lon": "-8.281550254967",
      "lat": "37.08122294680928"
    },
    {
      "id": "pt.ine.add.PTCONT.1821188",
      "street": "SESMARIAS",
      "house": "",
      "postcode": "8200-600",
      "city": "ALBUFEIRA",
      "lon": "-8.284087399709717",
      "lat": "37.084598752679305"
    },
    {
      "id": "pt.ine.add.PTCONT.1821777",
      "street": "SIT SESMARIAS",
      "house": "23",
      "postcode": "8200-385",
      "city": "ALBUFEIRA",
      "lon": "-8.282903494894763",
      "lat": "37.08308645832932"
    },
    {
      "id": "pt.ine.add.PTCONT.1821782",
      "street": "ESTR GALE",
      "house": "3",
      "postcode": "8200-385",
      "city": "ALBUFEIRA",
      "lon": "-8.281358346501081",
      "lat": "37.08085374845708"
    },
    {
      "id": "pt.ine.add.PTCONT.1827595",
      "street": "ESTR S RAFAEL VILA JOSE ARMENIO DIOGO",
      "house": "",
      "postcode": "8200-385",
      "city": "ALBUFEIRA",
      "lon": "-8.278435719340393",
      "lat": "37.08160525305446"
    },
    {
      "id": "pt.ine.add.PTCONT.1831679",
      "street": "ESTR GALE",
      "house": "17",
      "postcode": "8200-385",
      "city": "ALBUFEIRA",
      "lon": "-8.28148319790842",
      "lat": "37.08143928732158"
    },
    {
      "id": "pt.ine.add.PTCONT.1836031",
      "street": "SESMARIAS",
      "house": "",
      "postcode": "8200-385",
      "city": "ALBUFEIRA",
      "lon": "-8.281103393427571",
      "lat": "37.0827643333888"
    },
    {
      "id": "pt.ine.add.PTCONT.1839564",
      "street": "R DIOGO ORTIZ DE VILHEGAS",
      "house": "",
      "postcode": "8200-403",
      "city": "ALBUFEIRA",
      "lon": "-8.284584003144154",
      "lat": "37.08547215598783"
    },
    {
      "id": "pt.ine.add.PTCONT.1839951",
      "street": "BC ALTO ORADA",
      "house": "670H",
      "postcode": "8200-385",
      "city": "ALBUFEIRA",
      "lon": "-8.27922437338791",
      "lat": "37.082334150061214"
    },
    {
      "id": "pt.ine.add.PTCONT.1841248",
      "street": "ESTR GALE",
      "house": "22",
      "postcode": "8200-385",
      "city": "ALBUFEIRA",
      "lon": "-8.281539184218605",
      "lat": "37.081313067584006"
    },
    {
      "id": "pt.ine.add.PTCONT.1842731",
      "street": "ESTR SESMARIAS",
      "house": "38",
      "postcode": "8200-385",
      "city": "ALBUFEIRA",
      "lon": "-8.284734067583178",
      "lat": "37.08175956077247"
    },
    {
      "id": "pt.ine.add.PTCONT.1844218",
      "street": "R DIOGO ORTIZ DE VILHEGAS",
      "house": "",
      "postcode": "8200-403",
      "city": "ALBUFEIRA",
      "lon": "-8.28457304296048",
      "lat": "37.08561634094712"
    },
    {
      "id": "pt.ine.add.PTCONT.1844500",
      "street": "SIT SESMARIAS",
      "house": "81",
      "postcode": "8200-385",
      "city": "ALBUFEIRA",
      "lon": "-8.281192753153574",
      "lat": "37.08244884770187"
    },
    {
      "id": "pt.ine.add.PTCONT.1847710",
      "street": "VL NINA",
      "house": "59",
      "postcode": "8200-385",
      "city": "ALBUFEIRA",
      "lon": "-8.28182478444975",
      "lat": "37.083163411919756"
    }
  ]
}