{
  "data": {
    "distrito": "Aveiro",
    "concelho": "Aveiro",
    "freguesia": "Esgueira",
    "OBJECTID": 973,
    "BGRI2021": "01050500111",
    "DT21": "01",
    "DTMN21": "0105",
    "DTMNFR21": "010505",
    "DTMNFRSEC21": "010505001",
    "SECNUM21": "001",
    "SSNUM21": "11",
    "SECSSNUM21": "00111",
    "OBJECTID_1": 3246,
    "DT": "01",
    "CC": "05",
    "fr": "05",
    "SEC": "001",
    "SS": "11"
  },
  "addresses": [
    {
      "id": "pt.ine.add.PTCONT.316375",
      "street": "TV BELA VISTA",
      "house": "31",
      "postcode": "3800-293",
      "city": "AVEIRO",
      "lon": "-8.614214732044756",
      "lat": "40.643913963650256"
    },
    {
      "id": "pt.ine.add.PTCONT.331152",
      "street": "R CARLOS ALBERTO",
      "house": "62",
      "postcode": "3800-293",
      "city": "AVEIRO",
      "lon": "-8.613317086138924",
      "lat": "40.64398092776021"
    },
    {
      "id": "pt.ine.add.PTCONT.336345",
      "street": "SIT ESGUEIRA",
      "house": "501",
      "postcode": "3800-293",
      "city": "AVEIRO",
      "lon": "-8.61378199469998",
      "lat": "40.64474619938846"
    },
    {
      "id": "pt.ine.add.PTCONT.344687",
      "street": "R CAPELA",
      "house": "29",
      "postcode": "3800-293",
      "city": "AVEIRO",
      "lon": "-8.614401410414798",
      "lat": "40.64407447420078"
    },
    {
      "id": "pt.ine.add.PTCONT.7616",
      "street": "R CARLOS ALBERTO MOREIRA",
      "house": "19",
      "postcode": "3800-290",
      "city": "AVEIRO",
      "lon": "-8.613237581904107",
      "lat": "40.64417543177626"
    },
    {
      "id": "pt.ine.add.PTCONT.11161",
      "street": "BR BELA VISTA",
      "house": "26",
      "postcode": "3800-293",
      "city": "AVEIRO",
      "lon": "-8.613641745692304",
      "lat": "40.64497191166888"
    },
    {
      "id": "pt.ine.add.PTCONT.11227",
      "street": "R NSA SRA ANJOS",
      "house": "57",
      "postcode": "3800-293",
      "city": "AVEIRO",
      "lon": "-8.613566851433463",
      "lat": "40.643927887749435"
    },
    {
      "id": "pt.ine.add.PTCONT.17685",
      "street": "QTA BELA VISTA",
      "house": "27",
      "postcode": "3800-293",
      "city": "AVEIRO",
      "lon": "-8.614714341452924",
      "lat": "40.64401637499032"
    },
    {
      "id": "pt.ine.add.PTCONT.27043",
      "street": "LG CAPELA",
      "house": "71",
      "postcode": "3800-293",
      "city": "AVEIRO",
      "lon": "-8.61402831694027",
      "lat": "40.64447501950722"
    },
    {
      "id": "pt.ine.add.PTCONT.33480",
      "street": "R CAPELA",
      "house": "28",
      "postcode": "3800-293",
      "city": "AVEIRO",
      "lon": "-8.614475026747913",
      "lat": "40.6441219576583"
    },
    {
      "id": "pt.ine.add.PTCONT.37931",
      "street": "R CAPELA",
      "house": "30",
      "postcode": "3800-293",
      "city": "AVEIRO",
      "lon": "-8.614309815021153",
      "lat": "40.643984360519696"
    },
    {
      "id": "pt.ine.add.PTCONT.49652",
      "street": "R CAPELA",
      "house": "72",
      "postcode": "3800-293",
      "city": "AVEIRO",
      "lon": "-8.614064687667362",
      "lat": "40.64460094004399"
    },
    {
      "id": "pt.ine.add.PTCONT.54023",
      "street": "R BELA VISTA",
      "house": "44",
      "postcode": "3800-113",
      "city": "AVEIRO",
      "lon": "-8.614786343970097",
      "lat": "40.64466997329604"
    },
    {
      "id": "pt.ine.add.PTCONT.54024",
      "street": "PCT MÁRIO SACRAMENTO",
      "house": "33",
      "postcode": "3800-293",
      "city": "AVEIRO",
      "lon": "-8.61457407535429",
      "lat": "40.64383204014624"
    },
    {
      "id": "pt.ine.add.PTCONT.55768",
      "street": "R NSA SRA DOS ANJOS",
      "house": "32",
      "postcode": "3800-293",
      "city": "AVEIRO",
      "lon": "-8.614148004591021",
      "lat": "40.64386413160289"
    },
    {
      "id": "pt.ine.add.PTCONT.58659",
      "street": "R CARLOS ALBERTO MOREIRA",
      "house": "17",
      "postcode": "3800-290",
      "city": "AVEIRO",
      "lon": "-8.61326121558286",
      "lat": "40.64410909707114"
    },
    {
      "id": "pt.ine.add.PTCONT.65755",
      "street": "R CARLOS ALBERTO",
      "house": "13",
      "postcode": "3800-293",
      "city": "AVEIRO",
      "lon": "-8.613348828586892",
      "lat": "40.64377358106945"
    },
    {
      "id": "pt.ine.add.PTCONT.67049",
      "street": "R BELA VISTA",
      "house": "23",
      "postcode": "3800-290",
      "city": "AVEIRO",
      "lon": "-8.613333534409959",
      "lat": "40.64485612694364"
    },
    {
      "id": "pt.ine.add.PTCONT.75649",
      "street": "R BELA VISTA",
      "house": "47",
      "postcode": "3800-113",
      "city": "AVEIRO",
      "lon": "-8.61431417725437",
      "lat": "40.644770998395835"
    },
    {
      "id": "pt.ine.add.PTCONT.75650",
      "street": "R NSA SRA DOS ANJOS",
      "house": "37",
      "postcode": "3800-113",
      "city": "AVEIRO",
      "lon": "-8.614782589219619",
      "lat": "40.644147690618674"
    },
    {
      "id": "pt.ine.add.PTCONT.87040",
      "street": "R NSA SRA DOS ANJOS",
      "house": "58",
      "postcode": "3800-293",
      "city": "AVEIRO",
      "lon": "-8.613628825737237",
      "lat": "40.64385586338132"
    },
    {
      "id": "pt.ine.add.PTCONT.94480",
      "street": "R BELA VISTA",
      "house": "39",
      "postcode": "3800-113",
      "city": "AVEIRO",
      "lon": "-8.614901714357252",
      "lat": "40.64427326568805"
    },
    {
      "id": "pt.ine.add.PTCONT.97732",
      "street": "R BELA VISTA",
      "house": "42",
      "postcode": "3800-113",
      "city": "AVEIRO",
      "lon": "-8.615022264863704",
      "lat": "40.64459694784174"
    },
    {
      "id": "pt.ine.add.PTCONT.97733",
      "street": "R BELA VISTA",
      "house": "42",
      "postcode": "3800-113",
      "city": "AVEIRO",
      "lon": "-8.615022264863704",
      "lat": "40.64459694784174"
    },
    {
      "id": "pt.ine.add.PTCONT.104060",
      "street": "R CARLOS ALBERTO MOREIRA",
      "house": "60",
      "postcode": "3800-290",
      "city": "AVEIRO",
      "lon": "-8.61328851290084",
      "lat": "40.64404737937286"
    },
    {
      "id": "pt.ine.add.PTCONT.112358",
      "street": "R SENHORA DOS ANJOS",
      "house": "34",
      "postcode": "3800-293",
      "city": "AVEIRO",
      "lon": "-8.61463117502645",
      "lat": "40.64387807590207"
    },
    {
      "id": "pt.ine.add.PTCONT.114134",
      "street": "R BELA VISTA",
      "house": "43",
      "postcode": "3800-113",
      "city": "AVEIRO",
      "lon": "-8.614904304481676",
      "lat": "40.644633460628874"
    },
    {
      "id": "pt.ine.add.PTCONT.121039",
      "street": "R BELA VISTA",
      "house": "25",
      "postcode": "3800-293",
      "city": "AVEIRO",
      "lon": "-8.613547621632039",
      "lat": "40.645035339307384"
    },
    {
      "id": "pt.ine.add.PTCONT.134522",
      "street": "R CARLOS ALBERTO MOREIRA",
      "house": "20",
      "postcode": "3800-290",
      "city": "AVEIRO",
      "lon": "-8.613164736047109",
      "lat": "40.64439756645197"
    },
    {
      "id": "pt.ine.add.PTCONT.137972",
      "street": "R CAPELA",
      "house": "51",
      "postcode": "3800-293",
      "city": "AVEIRO",
      "lon": "-8.613733867072309",
      "lat": "40.644629332842236"
    },
    {
      "id": "pt.ine.add.PTCONT.137973",
      "street": "BR BELA VISTA",
      "house": "52",
      "postcode": "3800-293",
      "city": "AVEIRO",
      "lon": "-8.613757058770974",
      "lat": "40.644566200308944"
    },
    {
      "id": "pt.ine.add.PTCONT.140776",
      "street": "R BELA VISTA",
      "house": "22",
      "postcode": "3800-290",
      "city": "AVEIRO",
      "lon": "-8.613285278409212",
      "lat": "40.64472125045829"
    },
    {
      "id": "pt.ine.add.PTCONT.140777",
      "street": "QTA BELA VISTA",
      "house": "54",
      "postcode": "3800-293",
      "city": "AVEIRO",
      "lon": "-8.613696075950513",
      "lat": "40.6443053049442"
    },
    {
      "id": "pt.ine.add.PTCONT.141562",
      "street": "R CARLOS ALBERTO MOREIRA",
      "house": "12",
      "postcode": "3800-290",
      "city": "AVEIRO",
      "lon": "-8.61336844290773",
      "lat": "40.6437178603082"
    },
    {
      "id": "pt.ine.add.PTCONT.145871",
      "street": "BR BELA VISTA",
      "house": "53",
      "postcode": "3800-293",
      "city": "AVEIRO",
      "lon": "-8.613732639746312",
      "lat": "40.64445824021862"
    },
    {
      "id": "pt.ine.add.PTCONT.148548",
      "street": "R BELA VISTA",
      "house": "42",
      "postcode": "3800-113",
      "city": "AVEIRO",
      "lon": "-8.614196086856072",
      "lat": "40.64478950071467"
    },
    {
      "id": "pt.ine.add.PTCONT.158997",
      "street": "R BELA VISTA",
      "house": "24",
      "postcode": "3800-293",
      "city": "AVEIRO",
      "lon": "-8.613500527252006",
      "lat": "40.64506255066075"
    },
    {
      "id": "pt.ine.add.PTCONT.160553",
      "street": "PCT RUA REPUBLICA",
      "house": "2",
      "postcode": "3800-113",
      "city": "AVEIRO",
      "lon": "-8.613298232173184",
      "lat": "40.644013102298395"
    },
    {
      "id": "pt.ine.add.PTCONT.160554",
      "street": "R CARLOS ALBERTO",
      "house": "61",
      "postcode": "3800-113",
      "city": "AVEIRO",
      "lon": "-8.613298232173184",
      "lat": "40.644013102298395"
    },
    {
      "id": "pt.ine.add.PTCONT.172736",
      "street": "R CARLOS ALBERTO MOREIRA",
      "house": "16",
      "postcode": "3800-290",
      "city": "AVEIRO",
      "lon": "-8.613272567422834",
      "lat": "40.6440757956723"
    },
    {
      "id": "pt.ine.add.PTCONT.184800",
      "street": "R CAPELA",
      "house": "69",
      "postcode": "3800-293",
      "city": "AVEIRO",
      "lon": "-8.61405047409541",
      "lat": "40.64426780891777"
    },
    {
      "id": "pt.ine.add.PTCONT.187421",
      "street": "R N SENHORA",
      "house": "59",
      "postcode": "3800-293",
      "city": "AVEIRO",
      "lon": "-8.613659964422775",
      "lat": "40.6442154037823"
    },
    {
      "id": "pt.ine.add.PTCONT.195393",
      "street": "R CARLOS ALBERTO MOREIRA",
      "house": "18",
      "postcode": "3800-290",
      "city": "AVEIRO",
      "lon": "-8.613250486665418",
      "lat": "40.644146674222796"
    },
    {
      "id": "pt.ine.add.PTCONT.214379",
      "street": "R BELA VISTA",
      "house": "49",
      "postcode": "3800-113",
      "city": "AVEIRO",
      "lon": "-8.615140160330943",
      "lat": "40.64455143006153"
    },
    {
      "id": "pt.ine.add.PTCONT.221742",
      "street": "R CARLOS ALBERTO",
      "house": "15",
      "postcode": "3800-293",
      "city": "AVEIRO",
      "lon": "-8.613289786919783",
      "lat": "40.6438980327546"
    },
    {
      "id": "pt.ine.add.PTCONT.225272",
      "street": "R N SENHORA",
      "house": "56",
      "postcode": "3800-113",
      "city": "AVEIRO",
      "lon": "-8.61364743212686",
      "lat": "40.644116399345364"
    },
    {
      "id": "pt.ine.add.PTCONT.225273",
      "street": "R BELA VISTA",
      "house": "45",
      "postcode": "3800-113",
      "city": "AVEIRO",
      "lon": "-8.614420445618316",
      "lat": "40.64475254523116"
    },
    {
      "id": "pt.ine.add.PTCONT.227912",
      "street": "PCT MÁRIO SACRAMENTO",
      "house": "",
      "postcode": "3800-293",
      "city": "AVEIRO",
      "lon": "-8.613466189783525",
      "lat": "40.6434406959172"
    },
    {
      "id": "pt.ine.add.PTCONT.230749",
      "street": "R NSA SRA DOS ANJOS",
      "house": "38",
      "postcode": "3800-113",
      "city": "AVEIRO",
      "lon": "-8.614842151732482",
      "lat": "40.64421047816938"
    },
    {
      "id": "pt.ine.add.PTCONT.233341",
      "street": "R SENHORA DOS ANJOS",
      "house": "35",
      "postcode": "3800-293",
      "city": "AVEIRO",
      "lon": "-8.614677675898",
      "lat": "40.643947426923404"
    },
    {
      "id": "pt.ine.add.PTCONT.235732",
      "street": "R BELA VISTA RUA C",
      "house": "21",
      "postcode": "3800-293",
      "city": "AVEIRO",
      "lon": "-8.613201234159487",
      "lat": "40.64454149702316"
    },
    {
      "id": "pt.ine.add.PTCONT.252219",
      "street": "R CAPELA",
      "house": "70",
      "postcode": "3800-293",
      "city": "AVEIRO",
      "lon": "-8.614086715461273",
      "lat": "40.64437571970307"
    },
    {
      "id": "pt.ine.add.PTCONT.255029",
      "street": "R CARLOS ALBERTO MOREIRA",
      "house": "14",
      "postcode": "3800-290",
      "city": "AVEIRO",
      "lon": "-8.613319484023261",
      "lat": "40.64384423229723"
    },
    {
      "id": "pt.ine.add.PTCONT.260723",
      "street": "R CAPELA",
      "house": "50A",
      "postcode": "3800-293",
      "city": "AVEIRO",
      "lon": "-8.613663904193041",
      "lat": "40.64476470116371"
    },
    {
      "id": "pt.ine.add.PTCONT.260724",
      "street": "R BELA VISTA",
      "house": "49",
      "postcode": "3800-113",
      "city": "AVEIRO",
      "lon": "-8.614101317117418",
      "lat": "40.64476288006229"
    },
    {
      "id": "pt.ine.add.PTCONT.263202",
      "street": "R NSA SRA DOS ANJOS",
      "house": "40",
      "postcode": "3800-113",
      "city": "AVEIRO",
      "lon": "-8.61497316374978",
      "lat": "40.64434500871871"
    },
    {
      "id": "pt.ine.add.PTCONT.271321",
      "street": "PCT MÁRIO SACRAMENTO",
      "house": "",
      "postcode": "3800-293",
      "city": "AVEIRO",
      "lon": "-8.613662593625017",
      "lat": "40.643488648833774"
    },
    {
      "id": "pt.ine.add.PTCONT.279431",
      "street": "R BELA VISTA",
      "house": "27",
      "postcode": "3800-293",
      "city": "AVEIRO",
      "lon": "-8.613700468176459",
      "lat": "40.64491763643518"
    },
    {
      "id": "pt.ine.add.PTCONT.282016",
      "street": "R NOSSA DOS ANJOS",
      "house": "59",
      "postcode": "3800-293",
      "city": "AVEIRO",
      "lon": "-8.613701563116281",
      "lat": "40.64378075224851"
    }
  ]
}