{
  "data": {
    "distrito": "Porto",
    "concelho": "Vila Nova de Gaia",
    "freguesia": "Canelas",
    "OBJECTID": 711,
    "BGRI2021": "13170300709",
    "DT21": "13",
    "DTMN21": "1317",
    "DTMNFR21": "131703",
    "DTMNFRSEC21": "131703007",
    "SECNUM21": "007",
    "SSNUM21": "09",
    "SECSSNUM21": "00709",
    "OBJECTID_1": 145116,
    "DT": "13",
    "CC": "17",
    "fr": "03",
    "SEC": "007",
    "SS": "09"
  },
  "addresses": [
    {
      "id": "pt.ine.add.PTCONT.3594593",
      "street": "LG CURRO",
      "house": "2",
      "postcode": "4410-284",
      "city": "CANELAS VNG",
      "lon": "-8.59661525578226",
      "lat": "41.073409479878165"
    },
    {
      "id": "pt.ine.add.PTCONT.3619693",
      "street": "R TEATRO",
      "house": "90",
      "postcode": "4410-284",
      "city": "CANELAS VNG",
      "lon": "-8.595855017387679",
      "lat": "41.07359262492142"
    },
    {
      "id": "pt.ine.add.PTCONT.3635952",
      "street": "R PAZ",
      "house": "125",
      "postcode": "4410-280",
      "city": "CANELAS VNG",
      "lon": "-8.592693643351485",
      "lat": "41.07925108326741"
    },
    {
      "id": "pt.ine.add.PTCONT.3635953",
      "street": "R PAZ",
      "house": "125",
      "postcode": "4410-280",
      "city": "CANELAS VNG",
      "lon": "-8.592693643351485",
      "lat": "41.07925108326741"
    },
    {
      "id": "pt.ine.add.PTCONT.3691805",
      "street": "R FRENGO",
      "house": "222",
      "postcode": "4410-280",
      "city": "CANELAS VNG",
      "lon": "-8.592131612824437",
      "lat": "41.08056797621958"
    },
    {
      "id": "pt.ine.add.PTCONT.3724996",
      "street": "R CESARIO FERREIRA COSTA",
      "house": "2",
      "postcode": "4410-288",
      "city": "CANELAS VNG",
      "lon": "-8.595458455903385",
      "lat": "41.07303593896309"
    },
    {
      "id": "pt.ine.add.PTCONT.3744994",
      "street": "R FRENGO",
      "house": "122",
      "postcode": "4410-280",
      "city": "CANELAS VNG",
      "lon": "-8.593500649814064",
      "lat": "41.080643554635415"
    },
    {
      "id": "pt.ine.add.PTCONT.3786398",
      "street": "R CESARIO FERREIRA COSTA",
      "house": "30",
      "postcode": "4410-288",
      "city": "CANELAS VNG",
      "lon": "-8.596186026787912",
      "lat": "41.073285142872145"
    },
    {
      "id": "pt.ine.add.PTCONT.3786399",
      "street": "R CESARIO FERREIRA COSTA",
      "house": "30",
      "postcode": "4410-288",
      "city": "CANELAS VNG",
      "lon": "-8.596186026787912",
      "lat": "41.073285142872145"
    },
    {
      "id": "pt.ine.add.PTCONT.3834748",
      "street": "LG CURRO",
      "house": "4",
      "postcode": "4410-284",
      "city": "CANELAS VNG",
      "lon": "-8.596495955092694",
      "lat": "41.073364937287224"
    },
    {
      "id": "pt.ine.add.PTCONT.3834749",
      "street": "R CESARIO FERREIRA COSTA",
      "house": "4",
      "postcode": "4410-288",
      "city": "CANELAS VNG",
      "lon": "-8.596495955092694",
      "lat": "41.073364937287224"
    },
    {
      "id": "pt.ine.add.PTCONT.3834750",
      "street": "LG CURRO",
      "house": "4",
      "postcode": "4410-284",
      "city": "CANELAS VNG",
      "lon": "-8.596495955092694",
      "lat": "41.073364937287224"
    },
    {
      "id": "pt.ine.add.PTCONT.3855611",
      "street": "R PAZ",
      "house": "97",
      "postcode": "4410-280",
      "city": "CANELAS VNG",
      "lon": "-8.592373108562843",
      "lat": "41.07936041491178"
    },
    {
      "id": "pt.ine.add.PTCONT.3855612",
      "street": "R PAZ",
      "house": "97",
      "postcode": "4410-280",
      "city": "CANELAS VNG",
      "lon": "-8.592373108562843",
      "lat": "41.07936041491178"
    },
    {
      "id": "pt.ine.add.PTCONT.3886171",
      "street": "R CESARIO FERREIRA COSTA",
      "house": "46",
      "postcode": "4410-288",
      "city": "CANELAS VNG",
      "lon": "-8.59585280749895",
      "lat": "41.07327747699653"
    },
    {
      "id": "pt.ine.add.PTCONT.3886172",
      "street": "R CESARIO FERREIRA COSTA",
      "house": "46",
      "postcode": "4410-288",
      "city": "CANELAS VNG",
      "lon": "-8.59585280749895",
      "lat": "41.07327747699653"
    },
    {
      "id": "pt.ine.add.PTCONT.3890272",
      "street": "R CESARIO FERREIRA COSTA",
      "house": "14",
      "postcode": "4410-288",
      "city": "CANELAS VNG",
      "lon": "-8.595565793808541",
      "lat": "41.073071526162074"
    },
    {
      "id": "pt.ine.add.PTCONT.3932753",
      "street": "R CESARIO FERREIRA COSTA",
      "house": "46",
      "postcode": "4410-288",
      "city": "CANELAS VNG",
      "lon": "-8.595947742351191",
      "lat": "41.07324107780261"
    },
    {
      "id": "pt.ine.add.PTCONT.3938187",
      "street": "R CALVÁRIO",
      "house": "49",
      "postcode": "4410-288",
      "city": "CANELAS VNG",
      "lon": "-8.594185894231437",
      "lat": "41.07312207818212"
    },
    {
      "id": "pt.ine.add.PTCONT.3938303",
      "street": "R ALTO DA SERRA",
      "house": "121",
      "postcode": "4410-299",
      "city": "CANELAS VNG",
      "lon": "-8.587544508021006",
      "lat": "41.08148660498992"
    },
    {
      "id": "pt.ine.add.PTCONT.3938304",
      "street": "R ALTO DA SERRA",
      "house": "121",
      "postcode": "4410-299",
      "city": "CANELAS VNG",
      "lon": "-8.587544508021006",
      "lat": "41.08148660498992"
    },
    {
      "id": "pt.ine.add.PTCONT.3940223",
      "street": "R CESARIO FERREIRA COSTA",
      "house": "26",
      "postcode": "4410-288",
      "city": "CANELAS VNG",
      "lon": "-8.595768634682777",
      "lat": "41.073151752257395"
    },
    {
      "id": "pt.ine.add.PTCONT.3940224",
      "street": "R CESARIO FERREIRA COSTA",
      "house": "26",
      "postcode": "4410-288",
      "city": "CANELAS VNG",
      "lon": "-8.595768634682777",
      "lat": "41.073151752257395"
    },
    {
      "id": "pt.ine.add.PTCONT.4074269",
      "street": "R FRENGO",
      "house": "222",
      "postcode": "4410-280",
      "city": "CANELAS VNG",
      "lon": "-8.591461473232986",
      "lat": "41.08003037562514"
    },
    {
      "id": "pt.ine.add.PTCONT.4159360",
      "street": "R NEGRELOS",
      "house": "237",
      "postcode": "4410-266",
      "city": "CANELAS VNG",
      "lon": "-8.592210386081597",
      "lat": "41.074786790078875"
    },
    {
      "id": "pt.ine.add.PTCONT.4191827",
      "street": "R PAZ",
      "house": "15",
      "postcode": "4410-280",
      "city": "CANELAS VNG",
      "lon": "-8.593535909233804",
      "lat": "41.08058038246773"
    },
    {
      "id": "pt.ine.add.PTCONT.4226435",
      "street": "R FRENGO",
      "house": "164",
      "postcode": "4410-280",
      "city": "CANELAS VNG",
      "lon": "-8.593036558958184",
      "lat": "41.08064540796061"
    },
    {
      "id": "pt.ine.add.PTCONT.4226436",
      "street": "R FRENGO",
      "house": "164",
      "postcode": "4410-280",
      "city": "CANELAS VNG",
      "lon": "-8.593036558958184",
      "lat": "41.08064540796061"
    },
    {
      "id": "pt.ine.add.PTCONT.4226437",
      "street": "R FRENGO",
      "house": "164",
      "postcode": "4410-280",
      "city": "CANELAS VNG",
      "lon": "-8.593036558958184",
      "lat": "41.08064540796061"
    },
    {
      "id": "pt.ine.add.PTCONT.4226438",
      "street": "R FRENGO",
      "house": "164",
      "postcode": "4410-280",
      "city": "CANELAS VNG",
      "lon": "-8.593036558958184",
      "lat": "41.08064540796061"
    },
    {
      "id": "pt.ine.add.PTCONT.4226439",
      "street": "R FRENGO",
      "house": "164",
      "postcode": "4410-280",
      "city": "CANELAS VNG",
      "lon": "-8.593036558958184",
      "lat": "41.08064540796061"
    },
    {
      "id": "pt.ine.add.PTCONT.4226440",
      "street": "R FRENGO",
      "house": "164",
      "postcode": "4410-280",
      "city": "CANELAS VNG",
      "lon": "-8.593036558958184",
      "lat": "41.08064540796061"
    },
    {
      "id": "pt.ine.add.PTCONT.4226441",
      "street": "R FRENGO",
      "house": "164",
      "postcode": "4410-280",
      "city": "CANELAS VNG",
      "lon": "-8.593036558958184",
      "lat": "41.08064540796061"
    },
    {
      "id": "pt.ine.add.PTCONT.4226442",
      "street": "R FRENGO",
      "house": "164",
      "postcode": "4410-280",
      "city": "CANELAS VNG",
      "lon": "-8.593036558958184",
      "lat": "41.08064540796061"
    },
    {
      "id": "pt.ine.add.PTCONT.4226443",
      "street": "R FRENGO",
      "house": "164",
      "postcode": "4410-280",
      "city": "CANELAS VNG",
      "lon": "-8.593036558958184",
      "lat": "41.08064540796061"
    },
    {
      "id": "pt.ine.add.PTCONT.4226444",
      "street": "R FRENGO",
      "house": "164",
      "postcode": "4410-280",
      "city": "CANELAS VNG",
      "lon": "-8.593036558958184",
      "lat": "41.08064540796061"
    },
    {
      "id": "pt.ine.add.PTCONT.4226445",
      "street": "R FRENGO",
      "house": "164",
      "postcode": "4410-280",
      "city": "CANELAS VNG",
      "lon": "-8.593036558958184",
      "lat": "41.08064540796061"
    },
    {
      "id": "pt.ine.add.PTCONT.4226446",
      "street": "R FRENGO",
      "house": "164",
      "postcode": "4410-280",
      "city": "CANELAS VNG",
      "lon": "-8.593036558958184",
      "lat": "41.08064540796061"
    },
    {
      "id": "pt.ine.add.PTCONT.4226447",
      "street": "R FRENGO",
      "house": "164",
      "postcode": "4410-280",
      "city": "CANELAS VNG",
      "lon": "-8.593036558958184",
      "lat": "41.08064540796061"
    },
    {
      "id": "pt.ine.add.PTCONT.4226448",
      "street": "R FRENGO",
      "house": "164",
      "postcode": "4410-280",
      "city": "CANELAS VNG",
      "lon": "-8.593036558958184",
      "lat": "41.08064540796061"
    },
    {
      "id": "pt.ine.add.PTCONT.4226516",
      "street": "R FRENGO",
      "house": "164",
      "postcode": "4410-280",
      "city": "CANELAS VNG",
      "lon": "-8.593036558958184",
      "lat": "41.08064540796061"
    },
    {
      "id": "pt.ine.add.PTCONT.4263701",
      "street": "R CESARIO FERREIRA COSTA",
      "house": "66",
      "postcode": "4410-288",
      "city": "CANELAS VNG",
      "lon": "-8.59523276481627",
      "lat": "41.073090871169846"
    },
    {
      "id": "pt.ine.add.PTCONT.4276264",
      "street": "R CALVÁRIO",
      "house": "57",
      "postcode": "4410-288",
      "city": "CANELAS VNG",
      "lon": "-8.59394817759215",
      "lat": "41.07315904702916"
    },
    {
      "id": "pt.ine.add.PTCONT.4281177",
      "street": "R PADRE CESAR",
      "house": "582",
      "postcode": "4410-261",
      "city": "CANELAS VNG",
      "lon": "-8.593298416612214",
      "lat": "41.08065336694327"
    },
    {
      "id": "pt.ine.add.PTCONT.4341128",
      "street": "R CESARIO FERREIRA COSTA",
      "house": "92",
      "postcode": "4410-288",
      "city": "CANELAS VNG",
      "lon": "-8.596400704298578",
      "lat": "41.07335631580228"
    },
    {
      "id": "pt.ine.add.PTCONT.4362946",
      "street": "R FRENGO",
      "house": "128",
      "postcode": "4410-280",
      "city": "CANELAS VNG",
      "lon": "-8.593369815214233",
      "lat": "41.08065308177569"
    },
    {
      "id": "pt.ine.add.PTCONT.4362947",
      "street": "R FRENGO",
      "house": "128",
      "postcode": "4410-280",
      "city": "CANELAS VNG",
      "lon": "-8.593369815214233",
      "lat": "41.08065308177569"
    },
    {
      "id": "pt.ine.add.PTCONT.4364139",
      "street": "R FRENGO",
      "house": "128",
      "postcode": "4410-280",
      "city": "CANELAS VNG",
      "lon": "-8.593369815214233",
      "lat": "41.08065308177569"
    },
    {
      "id": "pt.ine.add.PTCONT.4364383",
      "street": "R FRENGO",
      "house": "128",
      "postcode": "4410-280",
      "city": "CANELAS VNG",
      "lon": "-8.593369815214233",
      "lat": "41.08065308177569"
    },
    {
      "id": "pt.ine.add.PTCONT.4375413",
      "street": "R NEGRELOS",
      "house": "213",
      "postcode": "4410-266",
      "city": "CANELAS VNG",
      "lon": "-8.592554696377515",
      "lat": "41.07467736403476"
    },
    {
      "id": "pt.ine.add.PTCONT.4380981",
      "street": "R FRENGO",
      "house": "140",
      "postcode": "4410-280",
      "city": "CANELAS VNG",
      "lon": "-8.593298416612214",
      "lat": "41.08065336694327"
    }
  ]
}