{
  "data": {
    "distrito": "Aveiro",
    "concelho": "Santa Maria da Feira",
    "freguesia": "União das freguesias de Santa Maria da Feira, Travanca, Sanfins e Espargo",
    "OBJECTID": 1434,
    "BGRI2021": "01093500811",
    "DT21": "01",
    "DTMN21": "0109",
    "DTMNFR21": "010935",
    "DTMNFRSEC21": "010935008",
    "SECNUM21": "008",
    "SSNUM21": "11",
    "SECSSNUM21": "00811",
    "OBJECTID_1": 5904,
    "DT": "01",
    "CC": "09",
    "fr": "35",
    "SEC": "008",
    "SS": "11"
  },
  "addresses": [
    {
      "id": "pt.ine.add.PTCONT.301102",
      "street": "R 1 DE MAIO",
      "house": "49",
      "postcode": "4520-176",
      "city": "SANTA MARIA DA FEIRA",
      "lon": "-8.549144562912149",
      "lat": "40.92874264270999"
    },
    {
      "id": "pt.ine.add.PTCONT.302596",
      "street": "TV MARIA LUZ ALBUQUERQUE",
      "house": "17",
      "postcode": "4520-260",
      "city": "SANTA MARIA DA FEIRA",
      "lon": "-8.552377422413382",
      "lat": "40.92928922575902"
    },
    {
      "id": "pt.ine.add.PTCONT.302597",
      "street": "TV MARIA LUZ ALBUQUERQUE",
      "house": "17",
      "postcode": "4520-260",
      "city": "SANTA MARIA DA FEIRA",
      "lon": "-8.552377422413382",
      "lat": "40.92928922575902"
    },
    {
      "id": "pt.ine.add.PTCONT.302598",
      "street": "TV MARIA LUZ ALBUQUERQUE",
      "house": "17",
      "postcode": "4520-260",
      "city": "SANTA MARIA DA FEIRA",
      "lon": "-8.552377422413382",
      "lat": "40.92928922575902"
    },
    {
      "id": "pt.ine.add.PTCONT.302599",
      "street": "TV MARIA LUZ ALBUQUERQUE",
      "house": "17",
      "postcode": "4520-260",
      "city": "SANTA MARIA DA FEIRA",
      "lon": "-8.552377422413382",
      "lat": "40.92928922575902"
    },
    {
      "id": "pt.ine.add.PTCONT.302600",
      "street": "TV MARIA LUZ ALBUQUERQUE",
      "house": "17",
      "postcode": "4520-260",
      "city": "SANTA MARIA DA FEIRA",
      "lon": "-8.552377422413382",
      "lat": "40.92928922575902"
    },
    {
      "id": "pt.ine.add.PTCONT.302601",
      "street": "TV MARIA LUZ ALBUQUERQUE",
      "house": "17",
      "postcode": "4520-260",
      "city": "SANTA MARIA DA FEIRA",
      "lon": "-8.552377422413382",
      "lat": "40.92928922575902"
    },
    {
      "id": "pt.ine.add.PTCONT.302602",
      "street": "TV MARIA LUZ ALBUQUERQUE",
      "house": "17",
      "postcode": "4520-260",
      "city": "SANTA MARIA DA FEIRA",
      "lon": "-8.552377422413382",
      "lat": "40.92928922575902"
    },
    {
      "id": "pt.ine.add.PTCONT.302603",
      "street": "TV MARIA LUZ ALBUQUERQUE",
      "house": "17",
      "postcode": "4520-260",
      "city": "SANTA MARIA DA FEIRA",
      "lon": "-8.552377422413382",
      "lat": "40.92928922575902"
    },
    {
      "id": "pt.ine.add.PTCONT.302604",
      "street": "TV MARIA LUZ ALBUQUERQUE",
      "house": "17",
      "postcode": "4520-260",
      "city": "SANTA MARIA DA FEIRA",
      "lon": "-8.552377422413382",
      "lat": "40.92928922575902"
    },
    {
      "id": "pt.ine.add.PTCONT.302605",
      "street": "TV MARIA LUZ ALBUQUERQUE",
      "house": "17",
      "postcode": "4520-260",
      "city": "SANTA MARIA DA FEIRA",
      "lon": "-8.552377422413382",
      "lat": "40.92928922575902"
    },
    {
      "id": "pt.ine.add.PTCONT.302613",
      "street": "TV MARIA LUZ ALBUQUERQUE",
      "house": "17",
      "postcode": "4520-260",
      "city": "SANTA MARIA DA FEIRA",
      "lon": "-8.552377422413382",
      "lat": "40.92928922575902"
    },
    {
      "id": "pt.ine.add.PTCONT.302614",
      "street": "TV MARIA LUZ ALBUQUERQUE",
      "house": "17",
      "postcode": "4520-260",
      "city": "SANTA MARIA DA FEIRA",
      "lon": "-8.552377422413382",
      "lat": "40.92928922575902"
    },
    {
      "id": "pt.ine.add.PTCONT.310509",
      "street": "TV MARIA LUZ ALBUQUERQUE",
      "house": "19",
      "postcode": "4520-260",
      "city": "SANTA MARIA DA FEIRA",
      "lon": "-8.552175530715566",
      "lat": "40.929280954935656"
    },
    {
      "id": "pt.ine.add.PTCONT.310510",
      "street": "TV MARIA LUZ ALBUQUERQUE",
      "house": "19",
      "postcode": "4520-260",
      "city": "SANTA MARIA DA FEIRA",
      "lon": "-8.552175530715566",
      "lat": "40.929280954935656"
    },
    {
      "id": "pt.ine.add.PTCONT.310511",
      "street": "TV MARIA LUZ ALBUQUERQUE",
      "house": "19",
      "postcode": "4520-260",
      "city": "SANTA MARIA DA FEIRA",
      "lon": "-8.552175530715566",
      "lat": "40.929280954935656"
    },
    {
      "id": "pt.ine.add.PTCONT.310512",
      "street": "TV MARIA LUZ ALBUQUERQUE",
      "house": "19",
      "postcode": "4520-260",
      "city": "SANTA MARIA DA FEIRA",
      "lon": "-8.552175530715566",
      "lat": "40.929280954935656"
    },
    {
      "id": "pt.ine.add.PTCONT.310513",
      "street": "TV MARIA LUZ ALBUQUERQUE",
      "house": "19",
      "postcode": "4520-260",
      "city": "SANTA MARIA DA FEIRA",
      "lon": "-8.552175530715566",
      "lat": "40.929280954935656"
    },
    {
      "id": "pt.ine.add.PTCONT.310514",
      "street": "TV MARIA LUZ ALBUQUERQUE",
      "house": "19",
      "postcode": "4520-260",
      "city": "SANTA MARIA DA FEIRA",
      "lon": "-8.552175530715566",
      "lat": "40.929280954935656"
    },
    {
      "id": "pt.ine.add.PTCONT.310515",
      "street": "TV MARIA LUZ ALBUQUERQUE",
      "house": "19",
      "postcode": "4520-260",
      "city": "SANTA MARIA DA FEIRA",
      "lon": "-8.552175530715566",
      "lat": "40.929280954935656"
    },
    {
      "id": "pt.ine.add.PTCONT.310516",
      "street": "TV MARIA LUZ ALBUQUERQUE",
      "house": "19",
      "postcode": "4520-260",
      "city": "SANTA MARIA DA FEIRA",
      "lon": "-8.552175530715566",
      "lat": "40.929280954935656"
    },
    {
      "id": "pt.ine.add.PTCONT.310517",
      "street": "TV MARIA LUZ ALBUQUERQUE",
      "house": "19",
      "postcode": "4520-260",
      "city": "SANTA MARIA DA FEIRA",
      "lon": "-8.552175530715566",
      "lat": "40.929280954935656"
    },
    {
      "id": "pt.ine.add.PTCONT.310518",
      "street": "TV MARIA LUZ ALBUQUERQUE",
      "house": "19",
      "postcode": "4520-260",
      "city": "SANTA MARIA DA FEIRA",
      "lon": "-8.552175530715566",
      "lat": "40.929280954935656"
    },
    {
      "id": "pt.ine.add.PTCONT.310519",
      "street": "TV MARIA LUZ ALBUQUERQUE",
      "house": "19",
      "postcode": "4520-260",
      "city": "SANTA MARIA DA FEIRA",
      "lon": "-8.552175530715566",
      "lat": "40.929280954935656"
    },
    {
      "id": "pt.ine.add.PTCONT.310540",
      "street": "TV MARIA LUZ ALBUQUERQUE",
      "house": "19",
      "postcode": "4520-260",
      "city": "SANTA MARIA DA FEIRA",
      "lon": "-8.552175530715566",
      "lat": "40.929280954935656"
    },
    {
      "id": "pt.ine.add.PTCONT.311069",
      "street": "R 1 DE MAIO",
      "house": "27",
      "postcode": "4520-176",
      "city": "SANTA MARIA DA FEIRA",
      "lon": "-8.551566674673673",
      "lat": "40.928751887983694"
    },
    {
      "id": "pt.ine.add.PTCONT.316905",
      "street": "TV MARIA LUZ ALBUQUERQUE",
      "house": "23",
      "postcode": "4520-260",
      "city": "SANTA MARIA DA FEIRA",
      "lon": "-8.551759306488778",
      "lat": "40.92917441027428"
    },
    {
      "id": "pt.ine.add.PTCONT.316906",
      "street": "TV MARIA LUZ ALBUQUERQUE",
      "house": "23",
      "postcode": "4520-260",
      "city": "SANTA MARIA DA FEIRA",
      "lon": "-8.551759306488778",
      "lat": "40.92917441027428"
    },
    {
      "id": "pt.ine.add.PTCONT.316907",
      "street": "TV MARIA LUZ ALBUQUERQUE",
      "house": "23",
      "postcode": "4520-260",
      "city": "SANTA MARIA DA FEIRA",
      "lon": "-8.551759306488778",
      "lat": "40.92917441027428"
    },
    {
      "id": "pt.ine.add.PTCONT.316908",
      "street": "TV MARIA LUZ ALBUQUERQUE",
      "house": "23",
      "postcode": "4520-260",
      "city": "SANTA MARIA DA FEIRA",
      "lon": "-8.551759306488778",
      "lat": "40.92917441027428"
    },
    {
      "id": "pt.ine.add.PTCONT.316909",
      "street": "TV MARIA LUZ ALBUQUERQUE",
      "house": "23",
      "postcode": "4520-260",
      "city": "SANTA MARIA DA FEIRA",
      "lon": "-8.551759306488778",
      "lat": "40.92917441027428"
    },
    {
      "id": "pt.ine.add.PTCONT.316922",
      "street": "TV MARIA LUZ ALBUQUERQUE",
      "house": "23",
      "postcode": "4520-260",
      "city": "SANTA MARIA DA FEIRA",
      "lon": "-8.551759306488778",
      "lat": "40.92917441027428"
    },
    {
      "id": "pt.ine.add.PTCONT.316923",
      "street": "TV MARIA LUZ ALBUQUERQUE",
      "house": "23",
      "postcode": "4520-260",
      "city": "SANTA MARIA DA FEIRA",
      "lon": "-8.551759306488778",
      "lat": "40.92917441027428"
    },
    {
      "id": "pt.ine.add.PTCONT.316924",
      "street": "TV MARIA LUZ ALBUQUERQUE",
      "house": "23",
      "postcode": "4520-260",
      "city": "SANTA MARIA DA FEIRA",
      "lon": "-8.551759306488778",
      "lat": "40.92917441027428"
    },
    {
      "id": "pt.ine.add.PTCONT.316925",
      "street": "TV MARIA LUZ ALBUQUERQUE",
      "house": "23",
      "postcode": "4520-260",
      "city": "SANTA MARIA DA FEIRA",
      "lon": "-8.551759306488778",
      "lat": "40.92917441027428"
    },
    {
      "id": "pt.ine.add.PTCONT.316926",
      "street": "TV MARIA LUZ ALBUQUERQUE",
      "house": "23",
      "postcode": "4520-260",
      "city": "SANTA MARIA DA FEIRA",
      "lon": "-8.551759306488778",
      "lat": "40.92917441027428"
    },
    {
      "id": "pt.ine.add.PTCONT.318239",
      "street": "TV MARIA LUZ ALBUQUERQUE",
      "house": "23",
      "postcode": "4520-260",
      "city": "SANTA MARIA DA FEIRA",
      "lon": "-8.551759306488778",
      "lat": "40.92917441027428"
    },
    {
      "id": "pt.ine.add.PTCONT.338502",
      "street": "R 1 DE MAIO",
      "house": "53",
      "postcode": "4520-176",
      "city": "SANTA MARIA DA FEIRA",
      "lon": "-8.548729080328954",
      "lat": "40.928753145690486"
    },
    {
      "id": "pt.ine.add.PTCONT.2078",
      "street": "R 1 DE MAIO",
      "house": "29",
      "postcode": "4520-176",
      "city": "SANTA MARIA DA FEIRA",
      "lon": "-8.551341096398698",
      "lat": "40.928752706363134"
    },
    {
      "id": "pt.ine.add.PTCONT.21742",
      "street": "R SANTO ANDRÉ",
      "house": "50",
      "postcode": "4520-272",
      "city": "SANTA MARIA DA FEIRA",
      "lon": "-8.550110993998388",
      "lat": "40.92949554774382"
    },
    {
      "id": "pt.ine.add.PTCONT.43969",
      "street": "R 1 DE MAIO",
      "house": "37",
      "postcode": "4520-176",
      "city": "SANTA MARIA DA FEIRA",
      "lon": "-8.55047440083488",
      "lat": "40.92875584655852"
    },
    {
      "id": "pt.ine.add.PTCONT.48130",
      "street": "TV MARIA LUZ ALBUQUERQUE",
      "house": "15",
      "postcode": "4520-260",
      "city": "SANTA MARIA DA FEIRA",
      "lon": "-8.55262651994528",
      "lat": "40.929252300939204"
    },
    {
      "id": "pt.ine.add.PTCONT.48131",
      "street": "TV MARIA LUZ ALBUQUERQUE",
      "house": "15",
      "postcode": "4520-260",
      "city": "SANTA MARIA DA FEIRA",
      "lon": "-8.55262651994528",
      "lat": "40.929252300939204"
    },
    {
      "id": "pt.ine.add.PTCONT.48132",
      "street": "TV MARIA LUZ ALBUQUERQUE",
      "house": "15",
      "postcode": "4520-260",
      "city": "SANTA MARIA DA FEIRA",
      "lon": "-8.55262651994528",
      "lat": "40.929252300939204"
    },
    {
      "id": "pt.ine.add.PTCONT.48133",
      "street": "TV MARIA LUZ ALBUQUERQUE",
      "house": "15",
      "postcode": "4520-260",
      "city": "SANTA MARIA DA FEIRA",
      "lon": "-8.55262651994528",
      "lat": "40.929252300939204"
    },
    {
      "id": "pt.ine.add.PTCONT.48134",
      "street": "TV MARIA LUZ ALBUQUERQUE",
      "house": "15",
      "postcode": "4520-260",
      "city": "SANTA MARIA DA FEIRA",
      "lon": "-8.55262651994528",
      "lat": "40.929252300939204"
    },
    {
      "id": "pt.ine.add.PTCONT.48135",
      "street": "TV MARIA LUZ ALBUQUERQUE",
      "house": "15",
      "postcode": "4520-260",
      "city": "SANTA MARIA DA FEIRA",
      "lon": "-8.55262651994528",
      "lat": "40.929252300939204"
    },
    {
      "id": "pt.ine.add.PTCONT.48136",
      "street": "TV MARIA LUZ ALBUQUERQUE",
      "house": "15",
      "postcode": "4520-260",
      "city": "SANTA MARIA DA FEIRA",
      "lon": "-8.55262651994528",
      "lat": "40.929252300939204"
    },
    {
      "id": "pt.ine.add.PTCONT.48137",
      "street": "TV MARIA LUZ ALBUQUERQUE",
      "house": "15",
      "postcode": "4520-260",
      "city": "SANTA MARIA DA FEIRA",
      "lon": "-8.55262651994528",
      "lat": "40.929252300939204"
    },
    {
      "id": "pt.ine.add.PTCONT.48138",
      "street": "TV MARIA LUZ ALBUQUERQUE",
      "house": "15",
      "postcode": "4520-260",
      "city": "SANTA MARIA DA FEIRA",
      "lon": "-8.55262651994528",
      "lat": "40.929252300939204"
    },
    {
      "id": "pt.ine.add.PTCONT.48139",
      "street": "TV MARIA LUZ ALBUQUERQUE",
      "house": "15",
      "postcode": "4520-260",
      "city": "SANTA MARIA DA FEIRA",
      "lon": "-8.55262651994528",
      "lat": "40.929252300939204"
    },
    {
      "id": "pt.ine.add.PTCONT.48140",
      "street": "TV MARIA LUZ ALBUQUERQUE",
      "house": "15",
      "postcode": "4520-260",
      "city": "SANTA MARIA DA FEIRA",
      "lon": "-8.55262651994528",
      "lat": "40.929252300939204"
    },
    {
      "id": "pt.ine.add.PTCONT.48149",
      "street": "TV MARIA LUZ ALBUQUERQUE",
      "house": "15",
      "postcode": "4520-260",
      "city": "SANTA MARIA DA FEIRA",
      "lon": "-8.55262651994528",
      "lat": "40.929252300939204"
    },
    {
      "id": "pt.ine.add.PTCONT.70704",
      "street": "R 1 DE MAIO",
      "house": "47",
      "postcode": "4520-176",
      "city": "SANTA MARIA DA FEIRA",
      "lon": "-8.549346509143058",
      "lat": "40.92875992335995"
    },
    {
      "id": "pt.ine.add.PTCONT.105670",
      "street": "R 1 DE MAIO",
      "house": "45",
      "postcode": "4520-176",
      "city": "SANTA MARIA DA FEIRA",
      "lon": "-8.549572200572474",
      "lat": "40.928777117900346"
    },
    {
      "id": "pt.ine.add.PTCONT.113347",
      "street": "R 1 DE MAIO",
      "house": "41",
      "postcode": "4520-176",
      "city": "SANTA MARIA DA FEIRA",
      "lon": "-8.550035286527205",
      "lat": "40.92878444920258"
    },
    {
      "id": "pt.ine.add.PTCONT.139798",
      "street": "R 1 DE MAIO",
      "house": "31",
      "postcode": "4520-176",
      "city": "SANTA MARIA DA FEIRA",
      "lon": "-8.55115113573889",
      "lat": "40.928753395182525"
    },
    {
      "id": "pt.ine.add.PTCONT.156771",
      "street": "TV MARIA LUZ ALBUQUERQUE",
      "house": "13",
      "postcode": "4520-260",
      "city": "SANTA MARIA DA FEIRA",
      "lon": "-8.552804267514045",
      "lat": "40.92919762586733"
    },
    {
      "id": "pt.ine.add.PTCONT.156772",
      "street": "TV MARIA LUZ ALBUQUERQUE",
      "house": "13",
      "postcode": "4520-260",
      "city": "SANTA MARIA DA FEIRA",
      "lon": "-8.552804267514045",
      "lat": "40.92919762586733"
    },
    {
      "id": "pt.ine.add.PTCONT.156773",
      "street": "TV MARIA LUZ ALBUQUERQUE",
      "house": "13",
      "postcode": "4520-260",
      "city": "SANTA MARIA DA FEIRA",
      "lon": "-8.552804267514045",
      "lat": "40.92919762586733"
    },
    {
      "id": "pt.ine.add.PTCONT.156774",
      "street": "TV MARIA LUZ ALBUQUERQUE",
      "house": "13",
      "postcode": "4520-260",
      "city": "SANTA MARIA DA FEIRA",
      "lon": "-8.552804267514045",
      "lat": "40.92919762586733"
    },
    {
      "id": "pt.ine.add.PTCONT.156775",
      "street": "TV MARIA LUZ ALBUQUERQUE",
      "house": "13",
      "postcode": "4520-260",
      "city": "SANTA MARIA DA FEIRA",
      "lon": "-8.552804267514045",
      "lat": "40.92919762586733"
    },
    {
      "id": "pt.ine.add.PTCONT.156776",
      "street": "TV MARIA LUZ ALBUQUERQUE",
      "house": "13",
      "postcode": "4520-260",
      "city": "SANTA MARIA DA FEIRA",
      "lon": "-8.552804267514045",
      "lat": "40.92919762586733"
    },
    {
      "id": "pt.ine.add.PTCONT.156777",
      "street": "TV MARIA LUZ ALBUQUERQUE",
      "house": "13",
      "postcode": "4520-260",
      "city": "SANTA MARIA DA FEIRA",
      "lon": "-8.552804267514045",
      "lat": "40.92919762586733"
    },
    {
      "id": "pt.ine.add.PTCONT.156778",
      "street": "TV MARIA LUZ ALBUQUERQUE",
      "house": "13",
      "postcode": "4520-260",
      "city": "SANTA MARIA DA FEIRA",
      "lon": "-8.552804267514045",
      "lat": "40.92919762586733"
    },
    {
      "id": "pt.ine.add.PTCONT.156779",
      "street": "TV MARIA LUZ ALBUQUERQUE",
      "house": "13",
      "postcode": "4520-260",
      "city": "SANTA MARIA DA FEIRA",
      "lon": "-8.552804267514045",
      "lat": "40.92919762586733"
    },
    {
      "id": "pt.ine.add.PTCONT.157158",
      "street": "TV MARIA LUZ ALBUQUERQUE",
      "house": "13",
      "postcode": "4520-260",
      "city": "SANTA MARIA DA FEIRA",
      "lon": "-8.552804267514045",
      "lat": "40.92919762586733"
    },
    {
      "id": "pt.ine.add.PTCONT.157228",
      "street": "TV MARIA LUZ ALBUQUERQUE",
      "house": "13",
      "postcode": "4520-260",
      "city": "SANTA MARIA DA FEIRA",
      "lon": "-8.552804267514045",
      "lat": "40.92919762586733"
    },
    {
      "id": "pt.ine.add.PTCONT.175316",
      "street": "R 1 DE MAIO",
      "house": "51",
      "postcode": "4520-176",
      "city": "SANTA MARIA DA FEIRA",
      "lon": "-8.548942729685065",
      "lat": "40.928743370725485"
    },
    {
      "id": "pt.ine.add.PTCONT.195848",
      "street": "R 1 DE MAIO",
      "house": "43",
      "postcode": "4520-176",
      "city": "SANTA MARIA DA FEIRA",
      "lon": "-8.549809594960381",
      "lat": "40.92876725556927"
    },
    {
      "id": "pt.ine.add.PTCONT.213057",
      "street": "TV MARIA LUZ ALBUQUERQUE",
      "house": "21",
      "postcode": "4520-260",
      "city": "SANTA MARIA DA FEIRA",
      "lon": "-8.551937850590312",
      "lat": "40.92924579961596"
    },
    {
      "id": "pt.ine.add.PTCONT.213164",
      "street": "TV MARIA LUZ ALBUQUERQUE",
      "house": "23",
      "postcode": "4520-260",
      "city": "SANTA MARIA DA FEIRA",
      "lon": "-8.551937850590312",
      "lat": "40.92924579961596"
    },
    {
      "id": "pt.ine.add.PTCONT.213165",
      "street": "TV MARIA LUZ ALBUQUERQUE",
      "house": "21",
      "postcode": "4520-260",
      "city": "SANTA MARIA DA FEIRA",
      "lon": "-8.551937850590312",
      "lat": "40.92924579961596"
    },
    {
      "id": "pt.ine.add.PTCONT.213166",
      "street": "TV MARIA LUZ ALBUQUERQUE",
      "house": "21",
      "postcode": "4520-260",
      "city": "SANTA MARIA DA FEIRA",
      "lon": "-8.551937850590312",
      "lat": "40.92924579961596"
    },
    {
      "id": "pt.ine.add.PTCONT.213167",
      "street": "TV MARIA LUZ ALBUQUERQUE",
      "house": "21",
      "postcode": "4520-260",
      "city": "SANTA MARIA DA FEIRA",
      "lon": "-8.551937850590312",
      "lat": "40.92924579961596"
    },
    {
      "id": "pt.ine.add.PTCONT.213168",
      "street": "TV MARIA LUZ ALBUQUERQUE",
      "house": "21",
      "postcode": "4520-260",
      "city": "SANTA MARIA DA FEIRA",
      "lon": "-8.551937850590312",
      "lat": "40.92924579961596"
    },
    {
      "id": "pt.ine.add.PTCONT.213169",
      "street": "TV MARIA LUZ ALBUQUERQUE",
      "house": "21",
      "postcode": "4520-260",
      "city": "SANTA MARIA DA FEIRA",
      "lon": "-8.551937850590312",
      "lat": "40.92924579961596"
    },
    {
      "id": "pt.ine.add.PTCONT.213170",
      "street": "TV MARIA LUZ ALBUQUERQUE",
      "house": "21",
      "postcode": "4520-260",
      "city": "SANTA MARIA DA FEIRA",
      "lon": "-8.551937850590312",
      "lat": "40.92924579961596"
    },
    {
      "id": "pt.ine.add.PTCONT.213171",
      "street": "TV MARIA LUZ ALBUQUERQUE",
      "house": "21",
      "postcode": "4520-260",
      "city": "SANTA MARIA DA FEIRA",
      "lon": "-8.551937850590312",
      "lat": "40.92924579961596"
    },
    {
      "id": "pt.ine.add.PTCONT.213172",
      "street": "TV MARIA LUZ ALBUQUERQUE",
      "house": "21",
      "postcode": "4520-260",
      "city": "SANTA MARIA DA FEIRA",
      "lon": "-8.551937850590312",
      "lat": "40.92924579961596"
    },
    {
      "id": "pt.ine.add.PTCONT.213173",
      "street": "TV MARIA LUZ ALBUQUERQUE",
      "house": "21",
      "postcode": "4520-260",
      "city": "SANTA MARIA DA FEIRA",
      "lon": "-8.551937850590312",
      "lat": "40.92924579961596"
    },
    {
      "id": "pt.ine.add.PTCONT.213515",
      "street": "TV MARIA LUZ ALBUQUERQUE",
      "house": "21",
      "postcode": "4520-260",
      "city": "SANTA MARIA DA FEIRA",
      "lon": "-8.551937850590312",
      "lat": "40.92924579961596"
    },
    {
      "id": "pt.ine.add.PTCONT.217755",
      "street": "R 1 DE MAIO",
      "house": "39",
      "postcode": "4520-176",
      "city": "SANTA MARIA DA FEIRA",
      "lon": "-8.550260751688139",
      "lat": "40.92876562436048"
    },
    {
      "id": "pt.ine.add.PTCONT.231270",
      "street": "R 1 DE MAIO",
      "house": "33",
      "postcode": "4520-176",
      "city": "SANTA MARIA DA FEIRA",
      "lon": "-8.550771611293369",
      "lat": "40.92881780343627"
    },
    {
      "id": "pt.ine.add.PTCONT.252765",
      "street": "R 1 DE MAIO",
      "house": "9",
      "postcode": "4520-176",
      "city": "SANTA MARIA DA FEIRA",
      "lon": "-8.553834272332791",
      "lat": "40.9287346320986"
    },
    {
      "id": "pt.ine.add.PTCONT.276933",
      "street": "R 1 DE MAIO",
      "house": "1",
      "postcode": "4520-176",
      "city": "SANTA MARIA DA FEIRA",
      "lon": "-8.554794516377013",
      "lat": "40.92850600677541"
    },
    {
      "id": "pt.ine.add.PTCONT.278545",
      "street": "R 1 DE MAIO",
      "house": "17",
      "postcode": "4520-176",
      "city": "SANTA MARIA DA FEIRA",
      "lon": "-8.552920372091522",
      "lat": "40.92878298646148"
    },
    {
      "id": "pt.ine.add.PTCONT.287793",
      "street": "R SANTO ANDRÉ",
      "house": "54",
      "postcode": "4520-272",
      "city": "SANTA MARIA DA FEIRA",
      "lon": "-8.549230834159623",
      "lat": "40.929246595346775"
    }
  ]
}