{
  "data": {
    "distrito": "Faro",
    "concelho": "Albufeira",
    "freguesia": "Albufeira e Olhos de Água",
    "OBJECTID": 373,
    "BGRI2021": "08010602204",
    "DT21": "08",
    "DTMN21": "0801",
    "DTMNFR21": "080106",
    "DTMNFRSEC21": "080106022",
    "SECNUM21": "022",
    "SSNUM21": "04",
    "SECSSNUM21": "02204",
    "OBJECTID_1": 64320,
    "DT": "08",
    "CC": "01",
    "fr": "06",
    "SEC": "022",
    "SS": "04"
  },
  "addresses": [
    {
      "id": "pt.ine.add.PTCONT.1478493",
      "street": "BC ATAIDE OLIVEIRA ALDEIA AZUL",
      "house": "6 I",
      "postcode": "8200-093",
      "city": "ALBUFEIRA",
      "lon": "-8.227536781640403",
      "lat": "37.101948752084574"
    },
    {
      "id": "pt.ine.add.PTCONT.1492745",
      "street": "BC ATAIDE OLIVEIRA ALDEIA AZUL",
      "house": "6E",
      "postcode": "8200-093",
      "city": "ALBUFEIRA",
      "lon": "-8.227511529169",
      "lat": "37.10214401979129"
    },
    {
      "id": "pt.ine.add.PTCONT.1494917",
      "street": "BC ATAIDE OLIVEIRA ALDEIA AZUL",
      "house": "6E",
      "postcode": "8200-093",
      "city": "ALBUFEIRA",
      "lon": "-8.227511529169",
      "lat": "37.10214401979129"
    },
    {
      "id": "pt.ine.add.PTCONT.1495026",
      "street": "BC ATAIDE OLIVEIRA ALDEIA AZUL",
      "house": "6E",
      "postcode": "8200-093",
      "city": "ALBUFEIRA",
      "lon": "-8.227511529169",
      "lat": "37.10214401979129"
    },
    {
      "id": "pt.ine.add.PTCONT.1512768",
      "street": "BC ATAIDE OLIVEIRA ALDEIA AZUL",
      "house": "6 G",
      "postcode": "8200-093",
      "city": "ALBUFEIRA",
      "lon": "-8.227515934834976",
      "lat": "37.10204729850688"
    },
    {
      "id": "pt.ine.add.PTCONT.1538466",
      "street": "BC ATAIDE OLIVEIRA ALDEIA AZUL",
      "house": "6 D",
      "postcode": "8200-093",
      "city": "ALBUFEIRA",
      "lon": "-8.227503255416115",
      "lat": "37.102204089669065"
    },
    {
      "id": "pt.ine.add.PTCONT.1557604",
      "street": "R MANUEL TEIXEIRA GOMES",
      "house": "",
      "postcode": "8200-291",
      "city": "ALBUFEIRA",
      "lon": "-8.22671594483448",
      "lat": "37.1022557655143"
    },
    {
      "id": "pt.ine.add.PTCONT.1557605",
      "street": "R MANUEL TEIXEIRA GOMES",
      "house": "",
      "postcode": "8200-291",
      "city": "ALBUFEIRA",
      "lon": "-8.22671594483448",
      "lat": "37.1022557655143"
    },
    {
      "id": "pt.ine.add.PTCONT.1557606",
      "street": "R MANUEL TEIXEIRA GOMES",
      "house": "",
      "postcode": "8200-291",
      "city": "ALBUFEIRA",
      "lon": "-8.22671594483448",
      "lat": "37.1022557655143"
    },
    {
      "id": "pt.ine.add.PTCONT.1557607",
      "street": "R MANUEL TEIXEIRA GOMES",
      "house": "",
      "postcode": "8200-291",
      "city": "ALBUFEIRA",
      "lon": "-8.22671594483448",
      "lat": "37.1022557655143"
    },
    {
      "id": "pt.ine.add.PTCONT.1557725",
      "street": "R MANUEL TEIXEIRA GOMES",
      "house": "",
      "postcode": "8200-291",
      "city": "ALBUFEIRA",
      "lon": "-8.22671594483448",
      "lat": "37.1022557655143"
    },
    {
      "id": "pt.ine.add.PTCONT.1557726",
      "street": "R MANUEL TEIXEIRA GOMES",
      "house": "",
      "postcode": "8200-291",
      "city": "ALBUFEIRA",
      "lon": "-8.22671594483448",
      "lat": "37.1022557655143"
    },
    {
      "id": "pt.ine.add.PTCONT.1557727",
      "street": "R MANUEL TEIXEIRA GOMES",
      "house": "",
      "postcode": "8200-291",
      "city": "ALBUFEIRA",
      "lon": "-8.22671594483448",
      "lat": "37.1022557655143"
    },
    {
      "id": "pt.ine.add.PTCONT.1557728",
      "street": "R MANUEL TEIXEIRA GOMES",
      "house": "",
      "postcode": "8200-291",
      "city": "ALBUFEIRA",
      "lon": "-8.22671594483448",
      "lat": "37.1022557655143"
    },
    {
      "id": "pt.ine.add.PTCONT.1557729",
      "street": "R MANUEL TEIXEIRA GOMES",
      "house": "",
      "postcode": "8200-291",
      "city": "ALBUFEIRA",
      "lon": "-8.22671594483448",
      "lat": "37.1022557655143"
    },
    {
      "id": "pt.ine.add.PTCONT.1557730",
      "street": "R MANUEL TEIXEIRA GOMES",
      "house": "",
      "postcode": "8200-291",
      "city": "ALBUFEIRA",
      "lon": "-8.22671594483448",
      "lat": "37.1022557655143"
    },
    {
      "id": "pt.ine.add.PTCONT.1557731",
      "street": "R MANUEL TEIXEIRA GOMES",
      "house": "",
      "postcode": "8200-291",
      "city": "ALBUFEIRA",
      "lon": "-8.22671594483448",
      "lat": "37.1022557655143"
    },
    {
      "id": "pt.ine.add.PTCONT.1557732",
      "street": "BC ATAIDE OLIVEIRA",
      "house": "",
      "postcode": "8200-093",
      "city": "ALBUFEIRA",
      "lon": "-8.227436206444423",
      "lat": "37.10248947203274"
    },
    {
      "id": "pt.ine.add.PTCONT.1557733",
      "street": "BC ATAIDE OLIVEIRA",
      "house": "",
      "postcode": "8200-093",
      "city": "ALBUFEIRA",
      "lon": "-8.227436206444423",
      "lat": "37.10248947203274"
    },
    {
      "id": "pt.ine.add.PTCONT.1557734",
      "street": "BC ATAIDE OLIVEIRA",
      "house": "",
      "postcode": "8200-093",
      "city": "ALBUFEIRA",
      "lon": "-8.227436206444423",
      "lat": "37.10248947203274"
    },
    {
      "id": "pt.ine.add.PTCONT.1557735",
      "street": "BC ATAIDE OLIVEIRA",
      "house": "",
      "postcode": "8200-093",
      "city": "ALBUFEIRA",
      "lon": "-8.227436206444423",
      "lat": "37.10248947203274"
    },
    {
      "id": "pt.ine.add.PTCONT.1558986",
      "street": "R MANUEL TEIXEIRA GOMES",
      "house": "",
      "postcode": "8200-291",
      "city": "ALBUFEIRA",
      "lon": "-8.22671594483448",
      "lat": "37.1022557655143"
    },
    {
      "id": "pt.ine.add.PTCONT.1559078",
      "street": "BC ATAIDE OLIVEIRA",
      "house": "",
      "postcode": "8200-093",
      "city": "ALBUFEIRA",
      "lon": "-8.227436206444423",
      "lat": "37.10248947203274"
    },
    {
      "id": "pt.ine.add.PTCONT.1603280",
      "street": "BC ATAIDE OLIVEIRA ALDEIA AZUL",
      "house": "6 C",
      "postcode": "8200-093",
      "city": "ALBUFEIRA",
      "lon": "-8.227514640441706",
      "lat": "37.10223711100022"
    },
    {
      "id": "pt.ine.add.PTCONT.1604439",
      "street": "R MANUEL TEIXEIRA GOMES",
      "house": "9-10",
      "postcode": "8200-291",
      "city": "ALBUFEIRA",
      "lon": "-8.225849443950057",
      "lat": "37.10202216907243"
    },
    {
      "id": "pt.ine.add.PTCONT.1604440",
      "street": "R MANUEL TEIXEIRA GOMES",
      "house": "9-10",
      "postcode": "8200-291",
      "city": "ALBUFEIRA",
      "lon": "-8.225849443950057",
      "lat": "37.10202216907243"
    },
    {
      "id": "pt.ine.add.PTCONT.1604441",
      "street": "R MANUEL TEIXEIRA GOMES",
      "house": "9-10",
      "postcode": "8200-291",
      "city": "ALBUFEIRA",
      "lon": "-8.225849443950057",
      "lat": "37.10202216907243"
    },
    {
      "id": "pt.ine.add.PTCONT.1604442",
      "street": "R MANUEL TEIXEIRA GOMES",
      "house": "9-10",
      "postcode": "8200-291",
      "city": "ALBUFEIRA",
      "lon": "-8.225849443950057",
      "lat": "37.10202216907243"
    },
    {
      "id": "pt.ine.add.PTCONT.1604443",
      "street": "R MANUEL TEIXEIRA GOMES",
      "house": "9-10",
      "postcode": "8200-291",
      "city": "ALBUFEIRA",
      "lon": "-8.225849443950057",
      "lat": "37.10202216907243"
    },
    {
      "id": "pt.ine.add.PTCONT.1604444",
      "street": "R MANUEL TEIXEIRA GOMES",
      "house": "9-10",
      "postcode": "8200-291",
      "city": "ALBUFEIRA",
      "lon": "-8.225849443950057",
      "lat": "37.10202216907243"
    },
    {
      "id": "pt.ine.add.PTCONT.1604445",
      "street": "R MANUEL TEIXEIRA GOMES",
      "house": "9-10",
      "postcode": "8200-291",
      "city": "ALBUFEIRA",
      "lon": "-8.225849443950057",
      "lat": "37.10202216907243"
    },
    {
      "id": "pt.ine.add.PTCONT.1604446",
      "street": "R MANUEL TEIXEIRA GOMES",
      "house": "9-10",
      "postcode": "8200-291",
      "city": "ALBUFEIRA",
      "lon": "-8.225849443950057",
      "lat": "37.10202216907243"
    },
    {
      "id": "pt.ine.add.PTCONT.1604539",
      "street": "R MANUEL TEIXEIRA GOMES",
      "house": "9-10",
      "postcode": "8200-291",
      "city": "ALBUFEIRA",
      "lon": "-8.225849443950057",
      "lat": "37.10202216907243"
    },
    {
      "id": "pt.ine.add.PTCONT.1604540",
      "street": "R MANUEL TEIXEIRA GOMES",
      "house": "9-10",
      "postcode": "8200-291",
      "city": "ALBUFEIRA",
      "lon": "-8.225849443950057",
      "lat": "37.10202216907243"
    },
    {
      "id": "pt.ine.add.PTCONT.1604541",
      "street": "R MANUEL TEIXEIRA GOMES",
      "house": "9-10",
      "postcode": "8200-291",
      "city": "ALBUFEIRA",
      "lon": "-8.225849443950057",
      "lat": "37.10202216907243"
    },
    {
      "id": "pt.ine.add.PTCONT.1604542",
      "street": "R MANUEL TEIXEIRA GOMES",
      "house": "9-10",
      "postcode": "8200-291",
      "city": "ALBUFEIRA",
      "lon": "-8.225849443950057",
      "lat": "37.10202216907243"
    },
    {
      "id": "pt.ine.add.PTCONT.1604543",
      "street": "R MANUEL TEIXEIRA GOMES",
      "house": "9-10",
      "postcode": "8200-291",
      "city": "ALBUFEIRA",
      "lon": "-8.225849443950057",
      "lat": "37.10202216907243"
    },
    {
      "id": "pt.ine.add.PTCONT.1604544",
      "street": "R MANUEL TEIXEIRA GOMES",
      "house": "9-10",
      "postcode": "8200-291",
      "city": "ALBUFEIRA",
      "lon": "-8.225849443950057",
      "lat": "37.10202216907243"
    },
    {
      "id": "pt.ine.add.PTCONT.1604545",
      "street": "R MANUEL TEIXEIRA GOMES",
      "house": "9-10",
      "postcode": "8200-291",
      "city": "ALBUFEIRA",
      "lon": "-8.225849443950057",
      "lat": "37.10202216907243"
    },
    {
      "id": "pt.ine.add.PTCONT.1604546",
      "street": "R MANUEL TEIXEIRA GOMES",
      "house": "9-10",
      "postcode": "8200-291",
      "city": "ALBUFEIRA",
      "lon": "-8.225849443950057",
      "lat": "37.10202216907243"
    },
    {
      "id": "pt.ine.add.PTCONT.1604547",
      "street": "R MANUEL TEIXEIRA GOMES",
      "house": "9-10",
      "postcode": "8200-291",
      "city": "ALBUFEIRA",
      "lon": "-8.225849443950057",
      "lat": "37.10202216907243"
    },
    {
      "id": "pt.ine.add.PTCONT.1604548",
      "street": "R MANUEL TEIXEIRA GOMES",
      "house": "9-10",
      "postcode": "8200-291",
      "city": "ALBUFEIRA",
      "lon": "-8.225849443950057",
      "lat": "37.10202216907243"
    },
    {
      "id": "pt.ine.add.PTCONT.1604549",
      "street": "R MANUEL TEIXEIRA GOMES",
      "house": "9-10",
      "postcode": "8200-291",
      "city": "ALBUFEIRA",
      "lon": "-8.225849443950057",
      "lat": "37.10202216907243"
    },
    {
      "id": "pt.ine.add.PTCONT.1604550",
      "street": "R MANUEL TEIXEIRA GOMES",
      "house": "9-10",
      "postcode": "8200-291",
      "city": "ALBUFEIRA",
      "lon": "-8.225849443950057",
      "lat": "37.10202216907243"
    },
    {
      "id": "pt.ine.add.PTCONT.1604645",
      "street": "R MANUEL TEIXEIRA GOMES",
      "house": "9-10",
      "postcode": "8200-291",
      "city": "ALBUFEIRA",
      "lon": "-8.225849443950057",
      "lat": "37.10202216907243"
    },
    {
      "id": "pt.ine.add.PTCONT.1604646",
      "street": "R MANUEL TEIXEIRA GOMES",
      "house": "9-10",
      "postcode": "8200-291",
      "city": "ALBUFEIRA",
      "lon": "-8.225849443950057",
      "lat": "37.10202216907243"
    },
    {
      "id": "pt.ine.add.PTCONT.1604647",
      "street": "R MANUEL TEIXEIRA GOMES",
      "house": "9-10",
      "postcode": "8200-291",
      "city": "ALBUFEIRA",
      "lon": "-8.225849443950057",
      "lat": "37.10202216907243"
    },
    {
      "id": "pt.ine.add.PTCONT.1604648",
      "street": "R MANUEL TEIXEIRA GOMES",
      "house": "9-10",
      "postcode": "8200-291",
      "city": "ALBUFEIRA",
      "lon": "-8.225849443950057",
      "lat": "37.10202216907243"
    },
    {
      "id": "pt.ine.add.PTCONT.1604649",
      "street": "R MANUEL TEIXEIRA GOMES",
      "house": "9-10",
      "postcode": "8200-291",
      "city": "ALBUFEIRA",
      "lon": "-8.225849443950057",
      "lat": "37.10202216907243"
    },
    {
      "id": "pt.ine.add.PTCONT.1604650",
      "street": "R MANUEL TEIXEIRA GOMES",
      "house": "9-10",
      "postcode": "8200-291",
      "city": "ALBUFEIRA",
      "lon": "-8.225849443950057",
      "lat": "37.10202216907243"
    },
    {
      "id": "pt.ine.add.PTCONT.1605037",
      "street": "R MANUEL TEIXEIRA GOMES",
      "house": "9-10",
      "postcode": "8200-291",
      "city": "ALBUFEIRA",
      "lon": "-8.225849443950057",
      "lat": "37.10202216907243"
    },
    {
      "id": "pt.ine.add.PTCONT.1605044",
      "street": "R MANUEL TEIXEIRA GOMES",
      "house": "9-10",
      "postcode": "8200-291",
      "city": "ALBUFEIRA",
      "lon": "-8.225849443950057",
      "lat": "37.10202216907243"
    },
    {
      "id": "pt.ine.add.PTCONT.1605105",
      "street": "R MANUEL TEIXEIRA GOMES",
      "house": "9-10",
      "postcode": "8200-291",
      "city": "ALBUFEIRA",
      "lon": "-8.225849443950057",
      "lat": "37.10202216907243"
    },
    {
      "id": "pt.ine.add.PTCONT.1605106",
      "street": "R MANUEL TEIXEIRA GOMES",
      "house": "9-10",
      "postcode": "8200-291",
      "city": "ALBUFEIRA",
      "lon": "-8.225849443950057",
      "lat": "37.10202216907243"
    },
    {
      "id": "pt.ine.add.PTCONT.1605107",
      "street": "R MANUEL TEIXEIRA GOMES",
      "house": "9-10",
      "postcode": "8200-291",
      "city": "ALBUFEIRA",
      "lon": "-8.225849443950057",
      "lat": "37.10202216907243"
    },
    {
      "id": "pt.ine.add.PTCONT.1605514",
      "street": "R MANUEL TEIXEIRA GOMES",
      "house": "9-10",
      "postcode": "8200-291",
      "city": "ALBUFEIRA",
      "lon": "-8.225849443950057",
      "lat": "37.10202216907243"
    },
    {
      "id": "pt.ine.add.PTCONT.1616364",
      "street": "R MANUEL TEIXEIRA GOMES",
      "house": "2",
      "postcode": "8200-291",
      "city": "ALBUFEIRA",
      "lon": "-8.226896093135549",
      "lat": "37.10238177247598"
    },
    {
      "id": "pt.ine.add.PTCONT.1616365",
      "street": "R MANUEL TEIXEIRA GOMES",
      "house": "2",
      "postcode": "8200-291",
      "city": "ALBUFEIRA",
      "lon": "-8.226896093135549",
      "lat": "37.10238177247598"
    },
    {
      "id": "pt.ine.add.PTCONT.1616366",
      "street": "R MANUEL TEIXEIRA GOMES",
      "house": "2",
      "postcode": "8200-291",
      "city": "ALBUFEIRA",
      "lon": "-8.226896093135549",
      "lat": "37.10238177247598"
    },
    {
      "id": "pt.ine.add.PTCONT.1616367",
      "street": "R MANUEL TEIXEIRA GOMES",
      "house": "2",
      "postcode": "8200-291",
      "city": "ALBUFEIRA",
      "lon": "-8.226896093135549",
      "lat": "37.10238177247598"
    },
    {
      "id": "pt.ine.add.PTCONT.1616368",
      "street": "R MANUEL TEIXEIRA GOMES",
      "house": "2",
      "postcode": "8200-291",
      "city": "ALBUFEIRA",
      "lon": "-8.226896093135549",
      "lat": "37.10238177247598"
    },
    {
      "id": "pt.ine.add.PTCONT.1616369",
      "street": "R MANUEL TEIXEIRA GOMES",
      "house": "2",
      "postcode": "8200-291",
      "city": "ALBUFEIRA",
      "lon": "-8.226896093135549",
      "lat": "37.10238177247598"
    },
    {
      "id": "pt.ine.add.PTCONT.1616370",
      "street": "R MANUEL TEIXEIRA GOMES",
      "house": "2",
      "postcode": "8200-291",
      "city": "ALBUFEIRA",
      "lon": "-8.226896093135549",
      "lat": "37.10238177247598"
    },
    {
      "id": "pt.ine.add.PTCONT.1616371",
      "street": "R MANUEL TEIXEIRA GOMES",
      "house": "2",
      "postcode": "8200-291",
      "city": "ALBUFEIRA",
      "lon": "-8.226896093135549",
      "lat": "37.10238177247598"
    },
    {
      "id": "pt.ine.add.PTCONT.1616372",
      "street": "R MANUEL TEIXEIRA GOMES",
      "house": "2",
      "postcode": "8200-291",
      "city": "ALBUFEIRA",
      "lon": "-8.226896093135549",
      "lat": "37.10238177247598"
    },
    {
      "id": "pt.ine.add.PTCONT.1616389",
      "street": "R MANUEL TEIXEIRA GOMES",
      "house": "2",
      "postcode": "8200-291",
      "city": "ALBUFEIRA",
      "lon": "-8.226896093135549",
      "lat": "37.10238177247598"
    },
    {
      "id": "pt.ine.add.PTCONT.1616390",
      "street": "R MANUEL TEIXEIRA GOMES",
      "house": "",
      "postcode": "8200-291",
      "city": "ALBUFEIRA",
      "lon": "-8.226896093135549",
      "lat": "37.10238177247598"
    },
    {
      "id": "pt.ine.add.PTCONT.1616391",
      "street": "R MANUEL TEIXEIRA GOMES",
      "house": "2",
      "postcode": "8200-291",
      "city": "ALBUFEIRA",
      "lon": "-8.226896093135549",
      "lat": "37.10238177247598"
    },
    {
      "id": "pt.ine.add.PTCONT.1616392",
      "street": "R MANUEL TEIXEIRA GOMES",
      "house": "2",
      "postcode": "8200-291",
      "city": "ALBUFEIRA",
      "lon": "-8.226896093135549",
      "lat": "37.10238177247598"
    },
    {
      "id": "pt.ine.add.PTCONT.1616393",
      "street": "R MANUEL TEIXEIRA GOMES",
      "house": "2",
      "postcode": "8200-291",
      "city": "ALBUFEIRA",
      "lon": "-8.226896093135549",
      "lat": "37.10238177247598"
    },
    {
      "id": "pt.ine.add.PTCONT.1616394",
      "street": "R MANUEL TEIXEIRA GOMES",
      "house": "2",
      "postcode": "8200-291",
      "city": "ALBUFEIRA",
      "lon": "-8.226896093135549",
      "lat": "37.10238177247598"
    },
    {
      "id": "pt.ine.add.PTCONT.1616395",
      "street": "R MANUEL TEIXEIRA GOMES",
      "house": "2",
      "postcode": "8200-291",
      "city": "ALBUFEIRA",
      "lon": "-8.226896093135549",
      "lat": "37.10238177247598"
    },
    {
      "id": "pt.ine.add.PTCONT.1616396",
      "street": "R MANUEL TEIXEIRA GOMES",
      "house": "2",
      "postcode": "8200-291",
      "city": "ALBUFEIRA",
      "lon": "-8.226896093135549",
      "lat": "37.10238177247598"
    },
    {
      "id": "pt.ine.add.PTCONT.1616488",
      "street": "R MANUEL TEIXEIRA GOMES",
      "house": "2",
      "postcode": "8200-291",
      "city": "ALBUFEIRA",
      "lon": "-8.226896093135549",
      "lat": "37.10238177247598"
    },
    {
      "id": "pt.ine.add.PTCONT.1628286",
      "street": "URB ALDEIA AZUL",
      "house": "6 F",
      "postcode": "8200-093",
      "city": "ALBUFEIRA",
      "lon": "-8.227497874405291",
      "lat": "37.10210497663638"
    },
    {
      "id": "pt.ine.add.PTCONT.1649660",
      "street": "BC ATAIDE OLIVEIRA ALDEIA AZUL",
      "house": "6",
      "postcode": "8200-093",
      "city": "ALBUFEIRA",
      "lon": "-8.227511148431146",
      "lat": "37.10191334255767"
    },
    {
      "id": "pt.ine.add.PTCONT.1689401",
      "street": "BC ATAIDE OLIVEIRA ALDEIA AZUL",
      "house": "6 L",
      "postcode": "8200-093",
      "city": "ALBUFEIRA",
      "lon": "-8.227536669799768",
      "lat": "37.10185864551885"
    },
    {
      "id": "pt.ine.add.PTCONT.1709381",
      "street": "R MANUEL TEIXEIRA GOMES",
      "house": "",
      "postcode": "8200-291",
      "city": "ALBUFEIRA",
      "lon": "-8.226389707909831",
      "lat": "37.10225602259863"
    },
    {
      "id": "pt.ine.add.PTCONT.1709382",
      "street": "R MANUEL TEIXEIRA GOMES",
      "house": "",
      "postcode": "8200-291",
      "city": "ALBUFEIRA",
      "lon": "-8.226389707909831",
      "lat": "37.10225602259863"
    },
    {
      "id": "pt.ine.add.PTCONT.1709383",
      "street": "R MANUEL TEIXEIRA GOMES",
      "house": "",
      "postcode": "8200-291",
      "city": "ALBUFEIRA",
      "lon": "-8.226389707909831",
      "lat": "37.10225602259863"
    },
    {
      "id": "pt.ine.add.PTCONT.1709384",
      "street": "R MANUEL TEIXEIRA GOMES",
      "house": "",
      "postcode": "8200-291",
      "city": "ALBUFEIRA",
      "lon": "-8.226389707909831",
      "lat": "37.10225602259863"
    },
    {
      "id": "pt.ine.add.PTCONT.1709385",
      "street": "R MANUEL TEIXEIRA GOMES",
      "house": "",
      "postcode": "8200-291",
      "city": "ALBUFEIRA",
      "lon": "-8.226389707909831",
      "lat": "37.10225602259863"
    },
    {
      "id": "pt.ine.add.PTCONT.1709386",
      "street": "R MANUEL TEIXEIRA GOMES",
      "house": "",
      "postcode": "8200-291",
      "city": "ALBUFEIRA",
      "lon": "-8.226389707909831",
      "lat": "37.10225602259863"
    },
    {
      "id": "pt.ine.add.PTCONT.1709387",
      "street": "R MANUEL TEIXEIRA GOMES",
      "house": "",
      "postcode": "8200-291",
      "city": "ALBUFEIRA",
      "lon": "-8.226389707909831",
      "lat": "37.10225602259863"
    },
    {
      "id": "pt.ine.add.PTCONT.1709388",
      "street": "R MANUEL TEIXEIRA GOMES",
      "house": "",
      "postcode": "8200-291",
      "city": "ALBUFEIRA",
      "lon": "-8.226389707909831",
      "lat": "37.10225602259863"
    },
    {
      "id": "pt.ine.add.PTCONT.1709389",
      "street": "R MANUEL TEIXEIRA GOMES",
      "house": "",
      "postcode": "8200-291",
      "city": "ALBUFEIRA",
      "lon": "-8.226389707909831",
      "lat": "37.10225602259863"
    },
    {
      "id": "pt.ine.add.PTCONT.1709390",
      "street": "R MANUEL TEIXEIRA GOMES",
      "house": "",
      "postcode": "8200-291",
      "city": "ALBUFEIRA",
      "lon": "-8.226389707909831",
      "lat": "37.10225602259863"
    },
    {
      "id": "pt.ine.add.PTCONT.1709391",
      "street": "R MANUEL TEIXEIRA GOMES",
      "house": "",
      "postcode": "8200-291",
      "city": "ALBUFEIRA",
      "lon": "-8.226389707909831",
      "lat": "37.10225602259863"
    },
    {
      "id": "pt.ine.add.PTCONT.1709392",
      "street": "R MANUEL TEIXEIRA GOMES",
      "house": "",
      "postcode": "8200-291",
      "city": "ALBUFEIRA",
      "lon": "-8.226389707909831",
      "lat": "37.10225602259863"
    },
    {
      "id": "pt.ine.add.PTCONT.1709443",
      "street": "BC ATAIDE OLIVEIRA ALDEIA AZUL",
      "house": "6 M",
      "postcode": "8200-093",
      "city": "ALBUFEIRA",
      "lon": "-8.227517820061736",
      "lat": "37.10181960560004"
    },
    {
      "id": "pt.ine.add.PTCONT.1714938",
      "street": "R MANUEL TEIXEIRA GOMES",
      "house": "",
      "postcode": "8200-291",
      "city": "ALBUFEIRA",
      "lon": "-8.227132389736532",
      "lat": "37.102426638671304"
    },
    {
      "id": "pt.ine.add.PTCONT.1714939",
      "street": "R MANUEL TEIXEIRA GOMES",
      "house": "",
      "postcode": "8200-291",
      "city": "ALBUFEIRA",
      "lon": "-8.227132389736532",
      "lat": "37.102426638671304"
    },
    {
      "id": "pt.ine.add.PTCONT.1714940",
      "street": "R MANUEL TEIXEIRA GOMES",
      "house": "",
      "postcode": "8200-291",
      "city": "ALBUFEIRA",
      "lon": "-8.227132389736532",
      "lat": "37.102426638671304"
    },
    {
      "id": "pt.ine.add.PTCONT.1714941",
      "street": "R MANUEL TEIXEIRA GOMES",
      "house": "",
      "postcode": "8200-291",
      "city": "ALBUFEIRA",
      "lon": "-8.227132389736532",
      "lat": "37.102426638671304"
    },
    {
      "id": "pt.ine.add.PTCONT.1714942",
      "street": "R MANUEL TEIXEIRA GOMES",
      "house": "",
      "postcode": "8200-291",
      "city": "ALBUFEIRA",
      "lon": "-8.227132389736532",
      "lat": "37.102426638671304"
    },
    {
      "id": "pt.ine.add.PTCONT.1714943",
      "street": "R MANUEL TEIXEIRA GOMES",
      "house": "",
      "postcode": "8200-291",
      "city": "ALBUFEIRA",
      "lon": "-8.227132389736532",
      "lat": "37.102426638671304"
    },
    {
      "id": "pt.ine.add.PTCONT.1714944",
      "street": "R MANUEL TEIXEIRA GOMES",
      "house": "",
      "postcode": "8200-291",
      "city": "ALBUFEIRA",
      "lon": "-8.227132389736532",
      "lat": "37.102426638671304"
    },
    {
      "id": "pt.ine.add.PTCONT.1714945",
      "street": "R MANUEL TEIXEIRA GOMES",
      "house": "",
      "postcode": "8200-291",
      "city": "ALBUFEIRA",
      "lon": "-8.227132389736532",
      "lat": "37.102426638671304"
    },
    {
      "id": "pt.ine.add.PTCONT.1714946",
      "street": "R MANUEL TEIXEIRA GOMES",
      "house": "",
      "postcode": "8200-291",
      "city": "ALBUFEIRA",
      "lon": "-8.227132389736532",
      "lat": "37.102426638671304"
    },
    {
      "id": "pt.ine.add.PTCONT.1714947",
      "street": "R MANUEL TEIXEIRA GOMES",
      "house": "",
      "postcode": "8200-291",
      "city": "ALBUFEIRA",
      "lon": "-8.227132389736532",
      "lat": "37.102426638671304"
    },
    {
      "id": "pt.ine.add.PTCONT.1714948",
      "street": "R MANUEL TEIXEIRA GOMES",
      "house": "",
      "postcode": "8200-291",
      "city": "ALBUFEIRA",
      "lon": "-8.227132389736532",
      "lat": "37.102426638671304"
    },
    {
      "id": "pt.ine.add.PTCONT.1714949",
      "street": "R MANUEL TEIXEIRA GOMES",
      "house": "",
      "postcode": "8200-291",
      "city": "ALBUFEIRA",
      "lon": "-8.227132389736532",
      "lat": "37.102426638671304"
    },
    {
      "id": "pt.ine.add.PTCONT.1714950",
      "street": "R MANUEL TEIXEIRA GOMES",
      "house": "",
      "postcode": "8200-291",
      "city": "ALBUFEIRA",
      "lon": "-8.227132389736532",
      "lat": "37.102426638671304"
    },
    {
      "id": "pt.ine.add.PTCONT.1714951",
      "street": "R MANUEL TEIXEIRA GOMES",
      "house": "",
      "postcode": "8200-291",
      "city": "ALBUFEIRA",
      "lon": "-8.227132389736532",
      "lat": "37.102426638671304"
    },
    {
      "id": "pt.ine.add.PTCONT.1715245",
      "street": "R MANUEL TEIXEIRA GOMES",
      "house": "",
      "postcode": "8200-291",
      "city": "ALBUFEIRA",
      "lon": "-8.227132389736532",
      "lat": "37.102426638671304"
    },
    {
      "id": "pt.ine.add.PTCONT.1718139",
      "street": "R MANUEL TEIXEIRA GOMES",
      "house": "",
      "postcode": "8200-291",
      "city": "ALBUFEIRA",
      "lon": "-8.225568008962288",
      "lat": "37.10186019686755"
    },
    {
      "id": "pt.ine.add.PTCONT.1718140",
      "street": "R MANUEL TEIXEIRA GOMES",
      "house": "",
      "postcode": "8200-291",
      "city": "ALBUFEIRA",
      "lon": "-8.225568008962288",
      "lat": "37.10186019686755"
    },
    {
      "id": "pt.ine.add.PTCONT.1718141",
      "street": "R MANUEL TEIXEIRA GOMES",
      "house": "",
      "postcode": "8200-291",
      "city": "ALBUFEIRA",
      "lon": "-8.225568008962288",
      "lat": "37.10186019686755"
    },
    {
      "id": "pt.ine.add.PTCONT.1718142",
      "street": "R MANUEL TEIXEIRA GOMES",
      "house": "",
      "postcode": "8200-291",
      "city": "ALBUFEIRA",
      "lon": "-8.225568008962288",
      "lat": "37.10186019686755"
    },
    {
      "id": "pt.ine.add.PTCONT.1718143",
      "street": "R MANUEL TEIXEIRA GOMES",
      "house": "",
      "postcode": "8200-291",
      "city": "ALBUFEIRA",
      "lon": "-8.225568008962288",
      "lat": "37.10186019686755"
    },
    {
      "id": "pt.ine.add.PTCONT.1718144",
      "street": "R MANUEL TEIXEIRA GOMES",
      "house": "",
      "postcode": "8200-291",
      "city": "ALBUFEIRA",
      "lon": "-8.225568008962288",
      "lat": "37.10186019686755"
    },
    {
      "id": "pt.ine.add.PTCONT.1718145",
      "street": "R MANUEL TEIXEIRA GOMES",
      "house": "",
      "postcode": "8200-291",
      "city": "ALBUFEIRA",
      "lon": "-8.225568008962288",
      "lat": "37.10186019686755"
    },
    {
      "id": "pt.ine.add.PTCONT.1718146",
      "street": "R MANUEL TEIXEIRA GOMES",
      "house": "",
      "postcode": "8200-291",
      "city": "ALBUFEIRA",
      "lon": "-8.225568008962288",
      "lat": "37.10186019686755"
    },
    {
      "id": "pt.ine.add.PTCONT.1718147",
      "street": "R MANUEL TEIXEIRA GOMES",
      "house": "",
      "postcode": "8200-291",
      "city": "ALBUFEIRA",
      "lon": "-8.225568008962288",
      "lat": "37.10186019686755"
    },
    {
      "id": "pt.ine.add.PTCONT.1718148",
      "street": "R MANUEL TEIXEIRA GOMES",
      "house": "",
      "postcode": "8200-291",
      "city": "ALBUFEIRA",
      "lon": "-8.225568008962288",
      "lat": "37.10186019686755"
    },
    {
      "id": "pt.ine.add.PTCONT.1718149",
      "street": "R MANUEL TEIXEIRA GOMES",
      "house": "",
      "postcode": "8200-291",
      "city": "ALBUFEIRA",
      "lon": "-8.225568008962288",
      "lat": "37.10186019686755"
    },
    {
      "id": "pt.ine.add.PTCONT.1718150",
      "street": "R MANUEL TEIXEIRA GOMES",
      "house": "",
      "postcode": "8200-291",
      "city": "ALBUFEIRA",
      "lon": "-8.225568008962288",
      "lat": "37.10186019686755"
    },
    {
      "id": "pt.ine.add.PTCONT.1718151",
      "street": "R MANUEL TEIXEIRA GOMES",
      "house": "",
      "postcode": "8200-291",
      "city": "ALBUFEIRA",
      "lon": "-8.225568008962288",
      "lat": "37.10186019686755"
    },
    {
      "id": "pt.ine.add.PTCONT.1718152",
      "street": "R MANUEL TEIXEIRA GOMES",
      "house": "",
      "postcode": "8200-291",
      "city": "ALBUFEIRA",
      "lon": "-8.225568008962288",
      "lat": "37.10186019686755"
    },
    {
      "id": "pt.ine.add.PTCONT.1718170",
      "street": "R MANUEL TEIXEIRA GOMES",
      "house": "",
      "postcode": "8200-291",
      "city": "ALBUFEIRA",
      "lon": "-8.225568008962288",
      "lat": "37.10186019686755"
    },
    {
      "id": "pt.ine.add.PTCONT.1718171",
      "street": "R MANUEL TEIXEIRA GOMES",
      "house": "",
      "postcode": "8200-291",
      "city": "ALBUFEIRA",
      "lon": "-8.225568008962288",
      "lat": "37.10186019686755"
    },
    {
      "id": "pt.ine.add.PTCONT.1718172",
      "street": "R MANUEL TEIXEIRA GOMES",
      "house": "",
      "postcode": "8200-291",
      "city": "ALBUFEIRA",
      "lon": "-8.225568008962288",
      "lat": "37.10186019686755"
    },
    {
      "id": "pt.ine.add.PTCONT.1718173",
      "street": "R MANUEL TEIXEIRA GOMES",
      "house": "",
      "postcode": "8200-291",
      "city": "ALBUFEIRA",
      "lon": "-8.225568008962288",
      "lat": "37.10186019686755"
    },
    {
      "id": "pt.ine.add.PTCONT.1718174",
      "street": "R MANUEL TEIXEIRA GOMES",
      "house": "",
      "postcode": "8200-291",
      "city": "ALBUFEIRA",
      "lon": "-8.225568008962288",
      "lat": "37.10186019686755"
    },
    {
      "id": "pt.ine.add.PTCONT.1718175",
      "street": "R MANUEL TEIXEIRA GOMES",
      "house": "",
      "postcode": "8200-291",
      "city": "ALBUFEIRA",
      "lon": "-8.225568008962288",
      "lat": "37.10186019686755"
    },
    {
      "id": "pt.ine.add.PTCONT.1718176",
      "street": "R MANUEL TEIXEIRA GOMES",
      "house": "",
      "postcode": "8200-291",
      "city": "ALBUFEIRA",
      "lon": "-8.225568008962288",
      "lat": "37.10186019686755"
    },
    {
      "id": "pt.ine.add.PTCONT.1718177",
      "street": "R MANUEL TEIXEIRA GOMES",
      "house": "",
      "postcode": "8200-291",
      "city": "ALBUFEIRA",
      "lon": "-8.225568008962288",
      "lat": "37.10186019686755"
    },
    {
      "id": "pt.ine.add.PTCONT.1718178",
      "street": "R MANUEL TEIXEIRA GOMES",
      "house": "",
      "postcode": "8200-291",
      "city": "ALBUFEIRA",
      "lon": "-8.225568008962288",
      "lat": "37.10186019686755"
    },
    {
      "id": "pt.ine.add.PTCONT.1718179",
      "street": "R JOSE AFONSO",
      "house": "221",
      "postcode": "8200-351",
      "city": "ALBUFEIRA",
      "lon": "-8.225568008962288",
      "lat": "37.10186019686755"
    },
    {
      "id": "pt.ine.add.PTCONT.1718180",
      "street": "R JOSE AFONSO",
      "house": "121",
      "postcode": "8200-351",
      "city": "ALBUFEIRA",
      "lon": "-8.225568008962288",
      "lat": "37.10186019686755"
    },
    {
      "id": "pt.ine.add.PTCONT.1720329",
      "street": "R MANUEL TEIXEIRA GOMES",
      "house": "",
      "postcode": "8200-291",
      "city": "ALBUFEIRA",
      "lon": "-8.225568008962288",
      "lat": "37.10186019686755"
    },
    {
      "id": "pt.ine.add.PTCONT.1720338",
      "street": "R MANUEL TEIXEIRA GOMES",
      "house": "",
      "postcode": "8200-291",
      "city": "ALBUFEIRA",
      "lon": "-8.225568008962288",
      "lat": "37.10186019686755"
    },
    {
      "id": "pt.ine.add.PTCONT.1720713",
      "street": "R MANUEL TEIXEIRA GOMES",
      "house": "",
      "postcode": "8200-291",
      "city": "ALBUFEIRA",
      "lon": "-8.225568008962288",
      "lat": "37.10186019686755"
    },
    {
      "id": "pt.ine.add.PTCONT.1738111",
      "street": "R JOSÉ AFONSO",
      "house": "",
      "postcode": "8200-351",
      "city": "ALBUFEIRA",
      "lon": "-8.226309824071778",
      "lat": "37.101327986841994"
    },
    {
      "id": "pt.ine.add.PTCONT.1738112",
      "street": "R JOSÉ AFONSO",
      "house": "",
      "postcode": "8200-351",
      "city": "ALBUFEIRA",
      "lon": "-8.226309824071778",
      "lat": "37.101327986841994"
    },
    {
      "id": "pt.ine.add.PTCONT.1738113",
      "street": "R JOSÉ AFONSO",
      "house": "",
      "postcode": "8200-351",
      "city": "ALBUFEIRA",
      "lon": "-8.226309824071778",
      "lat": "37.101327986841994"
    },
    {
      "id": "pt.ine.add.PTCONT.1738128",
      "street": "R JOSÉ AFONSO",
      "house": "",
      "postcode": "8200-351",
      "city": "ALBUFEIRA",
      "lon": "-8.226309824071778",
      "lat": "37.101327986841994"
    },
    {
      "id": "pt.ine.add.PTCONT.1738129",
      "street": "R JOSÉ AFONSO",
      "house": "",
      "postcode": "8200-351",
      "city": "ALBUFEIRA",
      "lon": "-8.226309824071778",
      "lat": "37.101327986841994"
    },
    {
      "id": "pt.ine.add.PTCONT.1738130",
      "street": "R JOSÉ AFONSO",
      "house": "",
      "postcode": "8200-351",
      "city": "ALBUFEIRA",
      "lon": "-8.226309824071778",
      "lat": "37.101327986841994"
    },
    {
      "id": "pt.ine.add.PTCONT.1738131",
      "street": "R JOSÉ AFONSO",
      "house": "",
      "postcode": "8200-351",
      "city": "ALBUFEIRA",
      "lon": "-8.226309824071778",
      "lat": "37.101327986841994"
    },
    {
      "id": "pt.ine.add.PTCONT.1738132",
      "street": "R JOSÉ AFONSO",
      "house": "",
      "postcode": "8200-351",
      "city": "ALBUFEIRA",
      "lon": "-8.226309824071778",
      "lat": "37.101327986841994"
    },
    {
      "id": "pt.ine.add.PTCONT.1738133",
      "street": "R JOSÉ AFONSO",
      "house": "",
      "postcode": "8200-351",
      "city": "ALBUFEIRA",
      "lon": "-8.226309824071778",
      "lat": "37.101327986841994"
    },
    {
      "id": "pt.ine.add.PTCONT.1738134",
      "street": "R JOSÉ AFONSO",
      "house": "",
      "postcode": "8200-351",
      "city": "ALBUFEIRA",
      "lon": "-8.226309824071778",
      "lat": "37.101327986841994"
    },
    {
      "id": "pt.ine.add.PTCONT.1738135",
      "street": "R JOSÉ AFONSO",
      "house": "",
      "postcode": "8200-351",
      "city": "ALBUFEIRA",
      "lon": "-8.226309824071778",
      "lat": "37.101327986841994"
    },
    {
      "id": "pt.ine.add.PTCONT.1738136",
      "street": "R JOSÉ AFONSO",
      "house": "",
      "postcode": "8200-351",
      "city": "ALBUFEIRA",
      "lon": "-8.226309824071778",
      "lat": "37.101327986841994"
    },
    {
      "id": "pt.ine.add.PTCONT.1738137",
      "street": "R JOSÉ AFONSO",
      "house": "",
      "postcode": "8200-351",
      "city": "ALBUFEIRA",
      "lon": "-8.226309824071778",
      "lat": "37.101327986841994"
    },
    {
      "id": "pt.ine.add.PTCONT.1738138",
      "street": "R JOSÉ AFONSO",
      "house": "",
      "postcode": "8200-351",
      "city": "ALBUFEIRA",
      "lon": "-8.226309824071778",
      "lat": "37.101327986841994"
    },
    {
      "id": "pt.ine.add.PTCONT.1738139",
      "street": "R JOSÉ AFONSO",
      "house": "",
      "postcode": "8200-351",
      "city": "ALBUFEIRA",
      "lon": "-8.226309824071778",
      "lat": "37.101327986841994"
    },
    {
      "id": "pt.ine.add.PTCONT.1738140",
      "street": "R JOSÉ AFONSO",
      "house": "",
      "postcode": "8200-351",
      "city": "ALBUFEIRA",
      "lon": "-8.226309824071778",
      "lat": "37.101327986841994"
    },
    {
      "id": "pt.ine.add.PTCONT.1738153",
      "street": "R JOSÉ AFONSO",
      "house": "",
      "postcode": "8200-351",
      "city": "ALBUFEIRA",
      "lon": "-8.226309824071778",
      "lat": "37.101327986841994"
    },
    {
      "id": "pt.ine.add.PTCONT.1738154",
      "street": "R JOSÉ AFONSO",
      "house": "",
      "postcode": "8200-351",
      "city": "ALBUFEIRA",
      "lon": "-8.226309824071778",
      "lat": "37.101327986841994"
    },
    {
      "id": "pt.ine.add.PTCONT.1738155",
      "street": "R JOSÉ AFONSO",
      "house": "",
      "postcode": "8200-351",
      "city": "ALBUFEIRA",
      "lon": "-8.226309824071778",
      "lat": "37.101327986841994"
    },
    {
      "id": "pt.ine.add.PTCONT.1738156",
      "street": "R JOSÉ AFONSO",
      "house": "",
      "postcode": "8200-351",
      "city": "ALBUFEIRA",
      "lon": "-8.226309824071778",
      "lat": "37.101327986841994"
    },
    {
      "id": "pt.ine.add.PTCONT.1738157",
      "street": "R JOSÉ AFONSO",
      "house": "",
      "postcode": "8200-351",
      "city": "ALBUFEIRA",
      "lon": "-8.226309824071778",
      "lat": "37.101327986841994"
    },
    {
      "id": "pt.ine.add.PTCONT.1738158",
      "street": "R JOSÉ AFONSO",
      "house": "",
      "postcode": "8200-351",
      "city": "ALBUFEIRA",
      "lon": "-8.226309824071778",
      "lat": "37.101327986841994"
    },
    {
      "id": "pt.ine.add.PTCONT.1738159",
      "street": "R JOSÉ AFONSO",
      "house": "",
      "postcode": "8200-351",
      "city": "ALBUFEIRA",
      "lon": "-8.226309824071778",
      "lat": "37.101327986841994"
    },
    {
      "id": "pt.ine.add.PTCONT.1738160",
      "street": "R JOSÉ AFONSO",
      "house": "",
      "postcode": "8200-351",
      "city": "ALBUFEIRA",
      "lon": "-8.226309824071778",
      "lat": "37.101327986841994"
    },
    {
      "id": "pt.ine.add.PTCONT.1738161",
      "street": "R JOSÉ AFONSO",
      "house": "",
      "postcode": "8200-351",
      "city": "ALBUFEIRA",
      "lon": "-8.226309824071778",
      "lat": "37.101327986841994"
    },
    {
      "id": "pt.ine.add.PTCONT.1738162",
      "street": "R JOSÉ AFONSO",
      "house": "",
      "postcode": "8200-351",
      "city": "ALBUFEIRA",
      "lon": "-8.226309824071778",
      "lat": "37.101327986841994"
    },
    {
      "id": "pt.ine.add.PTCONT.1738163",
      "street": "R JOSÉ AFONSO",
      "house": "",
      "postcode": "8200-351",
      "city": "ALBUFEIRA",
      "lon": "-8.226309824071778",
      "lat": "37.101327986841994"
    },
    {
      "id": "pt.ine.add.PTCONT.1738164",
      "street": "R JOSÉ AFONSO",
      "house": "",
      "postcode": "8200-351",
      "city": "ALBUFEIRA",
      "lon": "-8.226309824071778",
      "lat": "37.101327986841994"
    },
    {
      "id": "pt.ine.add.PTCONT.1738165",
      "street": "R JOSÉ AFONSO",
      "house": "",
      "postcode": "8200-351",
      "city": "ALBUFEIRA",
      "lon": "-8.226309824071778",
      "lat": "37.101327986841994"
    },
    {
      "id": "pt.ine.add.PTCONT.1738166",
      "street": "R JOSÉ AFONSO",
      "house": "",
      "postcode": "8200-351",
      "city": "ALBUFEIRA",
      "lon": "-8.226309824071778",
      "lat": "37.101327986841994"
    },
    {
      "id": "pt.ine.add.PTCONT.1738167",
      "street": "R JOSÉ AFONSO",
      "house": "",
      "postcode": "8200-351",
      "city": "ALBUFEIRA",
      "lon": "-8.226309824071778",
      "lat": "37.101327986841994"
    },
    {
      "id": "pt.ine.add.PTCONT.1738168",
      "street": "R JOSÉ AFONSO",
      "house": "",
      "postcode": "8200-351",
      "city": "ALBUFEIRA",
      "lon": "-8.226309824071778",
      "lat": "37.101327986841994"
    },
    {
      "id": "pt.ine.add.PTCONT.1738169",
      "street": "R JOSÉ AFONSO",
      "house": "",
      "postcode": "8200-351",
      "city": "ALBUFEIRA",
      "lon": "-8.226309824071778",
      "lat": "37.101327986841994"
    },
    {
      "id": "pt.ine.add.PTCONT.1738170",
      "street": "R JOSÉ AFONSO",
      "house": "",
      "postcode": "8200-351",
      "city": "ALBUFEIRA",
      "lon": "-8.226309824071778",
      "lat": "37.101327986841994"
    },
    {
      "id": "pt.ine.add.PTCONT.1738171",
      "street": "R JOSÉ AFONSO",
      "house": "",
      "postcode": "8200-351",
      "city": "ALBUFEIRA",
      "lon": "-8.226309824071778",
      "lat": "37.101327986841994"
    },
    {
      "id": "pt.ine.add.PTCONT.1738172",
      "street": "R JOSÉ AFONSO",
      "house": "",
      "postcode": "8200-351",
      "city": "ALBUFEIRA",
      "lon": "-8.226309824071778",
      "lat": "37.101327986841994"
    },
    {
      "id": "pt.ine.add.PTCONT.1738173",
      "street": "R JOSÉ AFONSO",
      "house": "",
      "postcode": "8200-351",
      "city": "ALBUFEIRA",
      "lon": "-8.226309824071778",
      "lat": "37.101327986841994"
    },
    {
      "id": "pt.ine.add.PTCONT.1738174",
      "street": "R JOSÉ AFONSO",
      "house": "",
      "postcode": "8200-351",
      "city": "ALBUFEIRA",
      "lon": "-8.226309824071778",
      "lat": "37.101327986841994"
    },
    {
      "id": "pt.ine.add.PTCONT.1738175",
      "street": "R JOSÉ AFONSO",
      "house": "",
      "postcode": "8200-351",
      "city": "ALBUFEIRA",
      "lon": "-8.226309824071778",
      "lat": "37.101327986841994"
    },
    {
      "id": "pt.ine.add.PTCONT.1738176",
      "street": "R JOSÉ AFONSO",
      "house": "",
      "postcode": "8200-351",
      "city": "ALBUFEIRA",
      "lon": "-8.226309824071778",
      "lat": "37.101327986841994"
    },
    {
      "id": "pt.ine.add.PTCONT.1738177",
      "street": "R JOSÉ AFONSO",
      "house": "",
      "postcode": "8200-351",
      "city": "ALBUFEIRA",
      "lon": "-8.226309824071778",
      "lat": "37.101327986841994"
    },
    {
      "id": "pt.ine.add.PTCONT.1738178",
      "street": "R JOSÉ AFONSO",
      "house": "",
      "postcode": "8200-351",
      "city": "ALBUFEIRA",
      "lon": "-8.226309824071778",
      "lat": "37.101327986841994"
    },
    {
      "id": "pt.ine.add.PTCONT.1738179",
      "street": "R JOSÉ AFONSO",
      "house": "",
      "postcode": "8200-351",
      "city": "ALBUFEIRA",
      "lon": "-8.226309824071778",
      "lat": "37.101327986841994"
    },
    {
      "id": "pt.ine.add.PTCONT.1738180",
      "street": "R JOSÉ AFONSO",
      "house": "",
      "postcode": "8200-351",
      "city": "ALBUFEIRA",
      "lon": "-8.226309824071778",
      "lat": "37.101327986841994"
    },
    {
      "id": "pt.ine.add.PTCONT.1738183",
      "street": "R JOSÉ AFONSO",
      "house": "",
      "postcode": "8200-351",
      "city": "ALBUFEIRA",
      "lon": "-8.226309824071778",
      "lat": "37.101327986841994"
    },
    {
      "id": "pt.ine.add.PTCONT.1738184",
      "street": "R JOSÉ AFONSO",
      "house": "",
      "postcode": "8200-351",
      "city": "ALBUFEIRA",
      "lon": "-8.226309824071778",
      "lat": "37.101327986841994"
    },
    {
      "id": "pt.ine.add.PTCONT.1738185",
      "street": "R JOSÉ AFONSO",
      "house": "",
      "postcode": "8200-351",
      "city": "ALBUFEIRA",
      "lon": "-8.226309824071778",
      "lat": "37.101327986841994"
    },
    {
      "id": "pt.ine.add.PTCONT.1738186",
      "street": "R JOSÉ AFONSO",
      "house": "",
      "postcode": "8200-351",
      "city": "ALBUFEIRA",
      "lon": "-8.226309824071778",
      "lat": "37.101327986841994"
    },
    {
      "id": "pt.ine.add.PTCONT.1740794",
      "street": "R JOSÉ AFONSO",
      "house": "",
      "postcode": "8200-351",
      "city": "ALBUFEIRA",
      "lon": "-8.226309824071778",
      "lat": "37.101327986841994"
    },
    {
      "id": "pt.ine.add.PTCONT.1740864",
      "street": "R JOSÉ AFONSO",
      "house": "",
      "postcode": "8200-351",
      "city": "ALBUFEIRA",
      "lon": "-8.226309824071778",
      "lat": "37.101327986841994"
    },
    {
      "id": "pt.ine.add.PTCONT.1740910",
      "street": "R JOSÉ AFONSO",
      "house": "",
      "postcode": "8200-351",
      "city": "ALBUFEIRA",
      "lon": "-8.226309824071778",
      "lat": "37.101327986841994"
    },
    {
      "id": "pt.ine.add.PTCONT.1740915",
      "street": "R JOSÉ AFONSO",
      "house": "",
      "postcode": "8200-351",
      "city": "ALBUFEIRA",
      "lon": "-8.226309824071778",
      "lat": "37.101327986841994"
    },
    {
      "id": "pt.ine.add.PTCONT.1764382",
      "street": "R ATAIDE OLIVEIRA",
      "house": "",
      "postcode": "8200-093",
      "city": "ALBUFEIRA",
      "lon": "-8.227492554972978",
      "lat": "37.1025705231759"
    },
    {
      "id": "pt.ine.add.PTCONT.1764383",
      "street": "R ATAIDE OLIVEIRA",
      "house": "",
      "postcode": "8200-093",
      "city": "ALBUFEIRA",
      "lon": "-8.227492554972978",
      "lat": "37.1025705231759"
    },
    {
      "id": "pt.ine.add.PTCONT.1764384",
      "street": "R ATAIDE OLIVEIRA",
      "house": "",
      "postcode": "8200-093",
      "city": "ALBUFEIRA",
      "lon": "-8.227492554972978",
      "lat": "37.1025705231759"
    },
    {
      "id": "pt.ine.add.PTCONT.1764385",
      "street": "R ATAIDE OLIVEIRA",
      "house": "",
      "postcode": "8200-093",
      "city": "ALBUFEIRA",
      "lon": "-8.227492554972978",
      "lat": "37.1025705231759"
    },
    {
      "id": "pt.ine.add.PTCONT.1764386",
      "street": "R ATAIDE OLIVEIRA",
      "house": "",
      "postcode": "8200-093",
      "city": "ALBUFEIRA",
      "lon": "-8.227492554972978",
      "lat": "37.1025705231759"
    },
    {
      "id": "pt.ine.add.PTCONT.1780554",
      "street": "BC ATAIDE OLIVEIRA ALDEIA AZUL",
      "house": "6 A",
      "postcode": "8200-093",
      "city": "ALBUFEIRA",
      "lon": "-8.227535760048116",
      "lat": "37.102332025143106"
    },
    {
      "id": "pt.ine.add.PTCONT.1807345",
      "street": "BC ATAIDE OLIVEIRA ALDEIA AZUL",
      "house": "6 B",
      "postcode": "8200-093",
      "city": "ALBUFEIRA",
      "lon": "-8.227521366903852",
      "lat": "37.10228997031489"
    },
    {
      "id": "pt.ine.add.PTCONT.1821228",
      "street": "BC ATAIDE OLIVEIRA ALDEIA AZUL",
      "house": "6 H",
      "postcode": "8200-093",
      "city": "ALBUFEIRA",
      "lon": "-8.227502275984286",
      "lat": "37.102005855814916"
    },
    {
      "id": "pt.ine.add.PTCONT.1830271",
      "street": "R JOSE AFONSO",
      "house": "121",
      "postcode": "8200-351",
      "city": "ALBUFEIRA",
      "lon": "-8.225871129959865",
      "lat": "37.101355362831626"
    },
    {
      "id": "pt.ine.add.PTCONT.1830272",
      "street": "R JOSE AFONSO",
      "house": "121",
      "postcode": "8200-351",
      "city": "ALBUFEIRA",
      "lon": "-8.225871129959865",
      "lat": "37.101355362831626"
    },
    {
      "id": "pt.ine.add.PTCONT.1830273",
      "street": "R JOSE AFONSO",
      "house": "121",
      "postcode": "8200-351",
      "city": "ALBUFEIRA",
      "lon": "-8.225871129959865",
      "lat": "37.101355362831626"
    },
    {
      "id": "pt.ine.add.PTCONT.1830274",
      "street": "R JOSE AFONSO",
      "house": "121",
      "postcode": "8200-351",
      "city": "ALBUFEIRA",
      "lon": "-8.225871129959865",
      "lat": "37.101355362831626"
    },
    {
      "id": "pt.ine.add.PTCONT.1830275",
      "street": "R JOSE AFONSO",
      "house": "121",
      "postcode": "8200-351",
      "city": "ALBUFEIRA",
      "lon": "-8.225871129959865",
      "lat": "37.101355362831626"
    },
    {
      "id": "pt.ine.add.PTCONT.1830276",
      "street": "R JOSE AFONSO",
      "house": "121",
      "postcode": "8200-351",
      "city": "ALBUFEIRA",
      "lon": "-8.225871129959865",
      "lat": "37.101355362831626"
    },
    {
      "id": "pt.ine.add.PTCONT.1830277",
      "street": "R JOSE AFONSO",
      "house": "121",
      "postcode": "8200-351",
      "city": "ALBUFEIRA",
      "lon": "-8.225871129959865",
      "lat": "37.101355362831626"
    },
    {
      "id": "pt.ine.add.PTCONT.1830278",
      "street": "R JOSE AFONSO",
      "house": "121",
      "postcode": "8200-351",
      "city": "ALBUFEIRA",
      "lon": "-8.225871129959865",
      "lat": "37.101355362831626"
    },
    {
      "id": "pt.ine.add.PTCONT.1830279",
      "street": "R JOSE AFONSO",
      "house": "121",
      "postcode": "8200-351",
      "city": "ALBUFEIRA",
      "lon": "-8.225871129959865",
      "lat": "37.101355362831626"
    },
    {
      "id": "pt.ine.add.PTCONT.1830280",
      "street": "R JOSE AFONSO",
      "house": "121",
      "postcode": "8200-351",
      "city": "ALBUFEIRA",
      "lon": "-8.225871129959865",
      "lat": "37.101355362831626"
    },
    {
      "id": "pt.ine.add.PTCONT.1830281",
      "street": "R JOSE AFONSO",
      "house": "331",
      "postcode": "8200-351",
      "city": "ALBUFEIRA",
      "lon": "-8.225871129959865",
      "lat": "37.101355362831626"
    },
    {
      "id": "pt.ine.add.PTCONT.1830282",
      "street": "R JOSE AFONSO",
      "house": "121",
      "postcode": "8200-351",
      "city": "ALBUFEIRA",
      "lon": "-8.225871129959865",
      "lat": "37.101355362831626"
    },
    {
      "id": "pt.ine.add.PTCONT.1830283",
      "street": "R JOSE AFONSO",
      "house": "121",
      "postcode": "8200-351",
      "city": "ALBUFEIRA",
      "lon": "-8.225871129959865",
      "lat": "37.101355362831626"
    },
    {
      "id": "pt.ine.add.PTCONT.1830284",
      "street": "R JOSE AFONSO",
      "house": "121",
      "postcode": "8200-351",
      "city": "ALBUFEIRA",
      "lon": "-8.225871129959865",
      "lat": "37.101355362831626"
    },
    {
      "id": "pt.ine.add.PTCONT.1830388",
      "street": "R JOSE AFONSO",
      "house": "121",
      "postcode": "8200-351",
      "city": "ALBUFEIRA",
      "lon": "-8.225871129959865",
      "lat": "37.101355362831626"
    },
    {
      "id": "pt.ine.add.PTCONT.1830389",
      "street": "R JOSE AFONSO",
      "house": "121",
      "postcode": "8200-351",
      "city": "ALBUFEIRA",
      "lon": "-8.225871129959865",
      "lat": "37.101355362831626"
    },
    {
      "id": "pt.ine.add.PTCONT.1830390",
      "street": "R JOSE AFONSO",
      "house": "121",
      "postcode": "8200-351",
      "city": "ALBUFEIRA",
      "lon": "-8.225871129959865",
      "lat": "37.101355362831626"
    },
    {
      "id": "pt.ine.add.PTCONT.1830391",
      "street": "R JOSE AFONSO",
      "house": "121",
      "postcode": "8200-351",
      "city": "ALBUFEIRA",
      "lon": "-8.225871129959865",
      "lat": "37.101355362831626"
    },
    {
      "id": "pt.ine.add.PTCONT.1830392",
      "street": "R JOSE AFONSO",
      "house": "121",
      "postcode": "8200-351",
      "city": "ALBUFEIRA",
      "lon": "-8.225871129959865",
      "lat": "37.101355362831626"
    },
    {
      "id": "pt.ine.add.PTCONT.1830393",
      "street": "R JOSE AFONSO",
      "house": "121",
      "postcode": "8200-351",
      "city": "ALBUFEIRA",
      "lon": "-8.225871129959865",
      "lat": "37.101355362831626"
    },
    {
      "id": "pt.ine.add.PTCONT.1830394",
      "street": "R JOSE AFONSO",
      "house": "121",
      "postcode": "8200-351",
      "city": "ALBUFEIRA",
      "lon": "-8.225871129959865",
      "lat": "37.101355362831626"
    },
    {
      "id": "pt.ine.add.PTCONT.1830395",
      "street": "R JOSE AFONSO",
      "house": "121",
      "postcode": "8200-351",
      "city": "ALBUFEIRA",
      "lon": "-8.225871129959865",
      "lat": "37.101355362831626"
    },
    {
      "id": "pt.ine.add.PTCONT.1830396",
      "street": "R JOSE AFONSO",
      "house": "121",
      "postcode": "8200-351",
      "city": "ALBUFEIRA",
      "lon": "-8.225871129959865",
      "lat": "37.101355362831626"
    },
    {
      "id": "pt.ine.add.PTCONT.1830397",
      "street": "R JOSE AFONSO",
      "house": "121",
      "postcode": "8200-351",
      "city": "ALBUFEIRA",
      "lon": "-8.225871129959865",
      "lat": "37.101355362831626"
    },
    {
      "id": "pt.ine.add.PTCONT.1830398",
      "street": "R JOSE AFONSO",
      "house": "121",
      "postcode": "8200-351",
      "city": "ALBUFEIRA",
      "lon": "-8.225871129959865",
      "lat": "37.101355362831626"
    },
    {
      "id": "pt.ine.add.PTCONT.1830399",
      "street": "R JOSE AFONSO",
      "house": "121",
      "postcode": "8200-351",
      "city": "ALBUFEIRA",
      "lon": "-8.225871129959865",
      "lat": "37.101355362831626"
    },
    {
      "id": "pt.ine.add.PTCONT.1830400",
      "street": "R JOSE AFONSO",
      "house": "121",
      "postcode": "8200-351",
      "city": "ALBUFEIRA",
      "lon": "-8.225871129959865",
      "lat": "37.101355362831626"
    },
    {
      "id": "pt.ine.add.PTCONT.1830401",
      "street": "R JOSE AFONSO",
      "house": "121",
      "postcode": "8200-351",
      "city": "ALBUFEIRA",
      "lon": "-8.225871129959865",
      "lat": "37.101355362831626"
    },
    {
      "id": "pt.ine.add.PTCONT.1830402",
      "street": "R JOSE AFONSO",
      "house": "121",
      "postcode": "8200-351",
      "city": "ALBUFEIRA",
      "lon": "-8.225871129959865",
      "lat": "37.101355362831626"
    },
    {
      "id": "pt.ine.add.PTCONT.1830508",
      "street": "R JOSE AFONSO",
      "house": "121",
      "postcode": "8200-351",
      "city": "ALBUFEIRA",
      "lon": "-8.225871129959865",
      "lat": "37.101355362831626"
    },
    {
      "id": "pt.ine.add.PTCONT.1830509",
      "street": "R JOSE AFONSO",
      "house": "121",
      "postcode": "8200-351",
      "city": "ALBUFEIRA",
      "lon": "-8.225871129959865",
      "lat": "37.101355362831626"
    },
    {
      "id": "pt.ine.add.PTCONT.1830510",
      "street": "R JOSE AFONSO",
      "house": "121",
      "postcode": "8200-351",
      "city": "ALBUFEIRA",
      "lon": "-8.225871129959865",
      "lat": "37.101355362831626"
    },
    {
      "id": "pt.ine.add.PTCONT.1830511",
      "street": "R JOSE AFONSO",
      "house": "121",
      "postcode": "8200-351",
      "city": "ALBUFEIRA",
      "lon": "-8.225871129959865",
      "lat": "37.101355362831626"
    },
    {
      "id": "pt.ine.add.PTCONT.1830512",
      "street": "R JOSE AFONSO",
      "house": "121",
      "postcode": "8200-351",
      "city": "ALBUFEIRA",
      "lon": "-8.225871129959865",
      "lat": "37.101355362831626"
    },
    {
      "id": "pt.ine.add.PTCONT.1830513",
      "street": "R JOSE AFONSO",
      "house": "121",
      "postcode": "8200-351",
      "city": "ALBUFEIRA",
      "lon": "-8.225871129959865",
      "lat": "37.101355362831626"
    },
    {
      "id": "pt.ine.add.PTCONT.1830514",
      "street": "R JOSE AFONSO",
      "house": "121",
      "postcode": "8200-351",
      "city": "ALBUFEIRA",
      "lon": "-8.225871129959865",
      "lat": "37.101355362831626"
    },
    {
      "id": "pt.ine.add.PTCONT.1830515",
      "street": "R JOSE AFONSO",
      "house": "121",
      "postcode": "8200-351",
      "city": "ALBUFEIRA",
      "lon": "-8.225871129959865",
      "lat": "37.101355362831626"
    },
    {
      "id": "pt.ine.add.PTCONT.1830516",
      "street": "R JOSE AFONSO",
      "house": "121",
      "postcode": "8200-351",
      "city": "ALBUFEIRA",
      "lon": "-8.225871129959865",
      "lat": "37.101355362831626"
    },
    {
      "id": "pt.ine.add.PTCONT.1830517",
      "street": "R JOSE AFONSO",
      "house": "121",
      "postcode": "8200-351",
      "city": "ALBUFEIRA",
      "lon": "-8.225871129959865",
      "lat": "37.101355362831626"
    },
    {
      "id": "pt.ine.add.PTCONT.1830518",
      "street": "R JOSE AFONSO",
      "house": "121",
      "postcode": "8200-351",
      "city": "ALBUFEIRA",
      "lon": "-8.225871129959865",
      "lat": "37.101355362831626"
    },
    {
      "id": "pt.ine.add.PTCONT.1830519",
      "street": "R JOSE AFONSO",
      "house": "121",
      "postcode": "8200-351",
      "city": "ALBUFEIRA",
      "lon": "-8.225871129959865",
      "lat": "37.101355362831626"
    },
    {
      "id": "pt.ine.add.PTCONT.1830520",
      "street": "R JOSE AFONSO",
      "house": "121",
      "postcode": "8200-351",
      "city": "ALBUFEIRA",
      "lon": "-8.225871129959865",
      "lat": "37.101355362831626"
    },
    {
      "id": "pt.ine.add.PTCONT.1830521",
      "street": "R JOSE AFONSO",
      "house": "121",
      "postcode": "8200-351",
      "city": "ALBUFEIRA",
      "lon": "-8.225871129959865",
      "lat": "37.101355362831626"
    },
    {
      "id": "pt.ine.add.PTCONT.1830662",
      "street": "R JOSE AFONSO",
      "house": "121",
      "postcode": "8200-351",
      "city": "ALBUFEIRA",
      "lon": "-8.225871129959865",
      "lat": "37.101355362831626"
    },
    {
      "id": "pt.ine.add.PTCONT.1832078",
      "street": "R JOSE AFONSO",
      "house": "121",
      "postcode": "8200-351",
      "city": "ALBUFEIRA",
      "lon": "-8.225871129959865",
      "lat": "37.101355362831626"
    },
    {
      "id": "pt.ine.add.PTCONT.1832079",
      "street": "R JOSE AFONSO",
      "house": "121",
      "postcode": "8200-351",
      "city": "ALBUFEIRA",
      "lon": "-8.225871129959865",
      "lat": "37.101355362831626"
    },
    {
      "id": "pt.ine.add.PTCONT.1832080",
      "street": "R JOSE AFONSO",
      "house": "121",
      "postcode": "8200-351",
      "city": "ALBUFEIRA",
      "lon": "-8.225871129959865",
      "lat": "37.101355362831626"
    },
    {
      "id": "pt.ine.add.PTCONT.1832081",
      "street": "R JOSE AFONSO",
      "house": "121",
      "postcode": "8200-351",
      "city": "ALBUFEIRA",
      "lon": "-8.225871129959865",
      "lat": "37.101355362831626"
    },
    {
      "id": "pt.ine.add.PTCONT.1832082",
      "street": "R JOSE AFONSO",
      "house": "121",
      "postcode": "8200-351",
      "city": "ALBUFEIRA",
      "lon": "-8.225871129959865",
      "lat": "37.101355362831626"
    },
    {
      "id": "pt.ine.add.PTCONT.1832083",
      "street": "R JOSE AFONSO",
      "house": "121",
      "postcode": "8200-351",
      "city": "ALBUFEIRA",
      "lon": "-8.225871129959865",
      "lat": "37.101355362831626"
    },
    {
      "id": "pt.ine.add.PTCONT.1832084",
      "street": "R JOSE AFONSO",
      "house": "121",
      "postcode": "8200-351",
      "city": "ALBUFEIRA",
      "lon": "-8.225871129959865",
      "lat": "37.101355362831626"
    },
    {
      "id": "pt.ine.add.PTCONT.1832085",
      "street": "R JOSE AFONSO",
      "house": "121",
      "postcode": "8200-351",
      "city": "ALBUFEIRA",
      "lon": "-8.225871129959865",
      "lat": "37.101355362831626"
    },
    {
      "id": "pt.ine.add.PTCONT.1832443",
      "street": "R JOSE AFONSO",
      "house": "121",
      "postcode": "8200-351",
      "city": "ALBUFEIRA",
      "lon": "-8.225871129959865",
      "lat": "37.101355362831626"
    },
    {
      "id": "pt.ine.add.PTCONT.1832572",
      "street": "R JOSE AFONSO",
      "house": "121",
      "postcode": "8200-351",
      "city": "ALBUFEIRA",
      "lon": "-8.225871129959865",
      "lat": "37.101355362831626"
    },
    {
      "id": "pt.ine.add.PTCONT.1832599",
      "street": "R JOSE AFONSO",
      "house": "117",
      "postcode": "8200-351",
      "city": "ALBUFEIRA",
      "lon": "-8.225871129959865",
      "lat": "37.101355362831626"
    },
    {
      "id": "pt.ine.add.PTCONT.1839932",
      "street": "R MANUEL TEIXEIRA GOMES",
      "house": "9-10",
      "postcode": "8200-291",
      "city": "ALBUFEIRA",
      "lon": "-8.225849443950057",
      "lat": "37.10202216907243"
    },
    {
      "id": "pt.ine.add.PTCONT.1843091",
      "street": "R JOSE AFONSO",
      "house": "121",
      "postcode": "8200-351",
      "city": "ALBUFEIRA",
      "lon": "-8.225871129959865",
      "lat": "37.101355362831626"
    },
    {
      "id": "pt.ine.add.PTCONT.1843292",
      "street": "R JOSE AFONSO",
      "house": "121",
      "postcode": "8200-351",
      "city": "ALBUFEIRA",
      "lon": "-8.225871129959865",
      "lat": "37.101355362831626"
    },
    {
      "id": "pt.ine.add.PTCONT.1844565",
      "street": "R JOSÉ AFONSO",
      "house": "",
      "postcode": "8200-351",
      "city": "ALBUFEIRA",
      "lon": "-8.226309824071778",
      "lat": "37.101327986841994"
    },
    {
      "id": "pt.ine.add.PTCONT.1845429",
      "street": "R JOSÉ AFONSO",
      "house": "",
      "postcode": "8200-351",
      "city": "ALBUFEIRA",
      "lon": "-8.226309824071778",
      "lat": "37.101327986841994"
    }
  ]
}