{
  "data": {
    "distrito": "Porto",
    "concelho": "Penafiel",
    "freguesia": "Rio Mau",
    "OBJECTID": 411,
    "BGRI2021": "13113800120",
    "DT21": "13",
    "DTMN21": "1311",
    "DTMNFR21": "131138",
    "DTMNFRSEC21": "131138001",
    "SECNUM21": "001",
    "SSNUM21": "20",
    "SECSSNUM21": "00120",
    "OBJECTID_1": 137383,
    "DT": "13",
    "CC": "11",
    "fr": "38",
    "SEC": "001",
    "SS": "20"
  },
  "addresses": [
    {
      "id": "pt.ine.add.PTCONT.3561882",
      "street": "R PAULO JORGE VASCONCELOS",
      "house": "97",
      "postcode": "4575-616",
      "city": "RIO MAU PNF",
      "lon": "-8.362905491940982",
      "lat": "41.05142113123627"
    },
    {
      "id": "pt.ine.add.PTCONT.3561884",
      "street": "R CORGAS",
      "house": "353",
      "postcode": "4575-618",
      "city": "RIO MAU PNF",
      "lon": "-8.365016718589848",
      "lat": "41.053082742765035"
    },
    {
      "id": "pt.ine.add.PTCONT.3561889",
      "street": "AV MARGINAL",
      "house": "1118",
      "postcode": "4575-627",
      "city": "RIO MAU PNF",
      "lon": "-8.36541592516877",
      "lat": "41.05159618907536"
    },
    {
      "id": "pt.ine.add.PTCONT.3561890",
      "street": "AV MARGINAL",
      "house": "1118",
      "postcode": "4575-627",
      "city": "RIO MAU PNF",
      "lon": "-8.36541592516877",
      "lat": "41.05159618907536"
    },
    {
      "id": "pt.ine.add.PTCONT.3561891",
      "street": "AV MARGINAL",
      "house": "1118",
      "postcode": "4575-627",
      "city": "RIO MAU PNF",
      "lon": "-8.36541592516877",
      "lat": "41.05159618907536"
    },
    {
      "id": "pt.ine.add.PTCONT.3561892",
      "street": "AV MARGINAL",
      "house": "1118",
      "postcode": "4575-627",
      "city": "RIO MAU PNF",
      "lon": "-8.36541592516877",
      "lat": "41.05159618907536"
    },
    {
      "id": "pt.ine.add.PTCONT.3561893",
      "street": "AV MARGINAL",
      "house": "1118",
      "postcode": "4575-627",
      "city": "RIO MAU PNF",
      "lon": "-8.36541592516877",
      "lat": "41.05159618907536"
    },
    {
      "id": "pt.ine.add.PTCONT.3561894",
      "street": "AV MARGINAL",
      "house": "1118",
      "postcode": "4575-627",
      "city": "RIO MAU PNF",
      "lon": "-8.36541592516877",
      "lat": "41.05159618907536"
    },
    {
      "id": "pt.ine.add.PTCONT.3561895",
      "street": "AV MARGINAL",
      "house": "1118",
      "postcode": "4575-627",
      "city": "RIO MAU PNF",
      "lon": "-8.36541592516877",
      "lat": "41.05159618907536"
    },
    {
      "id": "pt.ine.add.PTCONT.3561896",
      "street": "AV MARGINAL",
      "house": "1118",
      "postcode": "4575-627",
      "city": "RIO MAU PNF",
      "lon": "-8.36541592516877",
      "lat": "41.05159618907536"
    },
    {
      "id": "pt.ine.add.PTCONT.3568149",
      "street": "R RAMADINHA",
      "house": "41",
      "postcode": "4575-616",
      "city": "RIO MAU PNF",
      "lon": "-8.362630660103571",
      "lat": "41.05106149709541"
    },
    {
      "id": "pt.ine.add.PTCONT.3574562",
      "street": "R OUTEIRO DAS CRUZES",
      "house": "123",
      "postcode": "4575-607",
      "city": "RIO MAU PNF",
      "lon": "-8.366597268430718",
      "lat": "41.052656337887186"
    },
    {
      "id": "pt.ine.add.PTCONT.3577423",
      "street": "R OUTEIRO DAS CRUZES",
      "house": "123",
      "postcode": "4575-607",
      "city": "RIO MAU PNF",
      "lon": "-8.366597268430718",
      "lat": "41.052656337887186"
    },
    {
      "id": "pt.ine.add.PTCONT.3581435",
      "street": "R MIRANTES",
      "house": "153",
      "postcode": "4575-609",
      "city": "RIO MAU PNF",
      "lon": "-8.362479937804988",
      "lat": "41.052187365279664"
    },
    {
      "id": "pt.ine.add.PTCONT.3606676",
      "street": "R PADRE MANUEL TAVARES DE SOUSA",
      "house": "92",
      "postcode": "4575-627",
      "city": "RIO MAU PNF",
      "lon": "-8.366250914555609",
      "lat": "41.052260839181336"
    },
    {
      "id": "pt.ine.add.PTCONT.3611232",
      "street": "R CORGAS",
      "house": "393",
      "postcode": "4575-618",
      "city": "RIO MAU PNF",
      "lon": "-8.365325705821533",
      "lat": "41.05300107969445"
    },
    {
      "id": "pt.ine.add.PTCONT.3611233",
      "street": "R CORGAS",
      "house": "393",
      "postcode": "4575-618",
      "city": "RIO MAU PNF",
      "lon": "-8.365325705821533",
      "lat": "41.05300107969445"
    },
    {
      "id": "pt.ine.add.PTCONT.3617359",
      "street": "R BARALHA",
      "house": "343",
      "postcode": "4575-618",
      "city": "RIO MAU PNF",
      "lon": "-8.361863179475362",
      "lat": "41.05270185013735"
    },
    {
      "id": "pt.ine.add.PTCONT.3651481",
      "street": "R PADRE MANUEL TAVARES DE SOUSA",
      "house": "152",
      "postcode": "4575-627",
      "city": "RIO MAU PNF",
      "lon": "-8.366715071840403",
      "lat": "41.052331935603505"
    },
    {
      "id": "pt.ine.add.PTCONT.3656007",
      "street": "R OUTEIRO DAS CRUZES",
      "house": "139",
      "postcode": "4575-607",
      "city": "RIO MAU PNF",
      "lon": "-8.366752094653885",
      "lat": "41.05271005136066"
    },
    {
      "id": "pt.ine.add.PTCONT.3682901",
      "street": "R OUTEIRO DAS CRUZES",
      "house": "205",
      "postcode": "4575-607",
      "city": "RIO MAU PNF",
      "lon": "-8.367418535004974",
      "lat": "41.052798743749726"
    },
    {
      "id": "pt.ine.add.PTCONT.3686524",
      "street": "R OUTEIRO DAS CRUZES",
      "house": "177",
      "postcode": "4575-607",
      "city": "RIO MAU PNF",
      "lon": "-8.36703760693005",
      "lat": "41.05271847671526"
    },
    {
      "id": "pt.ine.add.PTCONT.3697364",
      "street": "R RAMADINHA",
      "house": "91",
      "postcode": "4575-616",
      "city": "RIO MAU PNF",
      "lon": "-8.36266800307615",
      "lat": "41.051538663621784"
    },
    {
      "id": "pt.ine.add.PTCONT.3716566",
      "street": "R BELO HORIZONTE",
      "house": "315",
      "postcode": "4575-616",
      "city": "RIO MAU PNF",
      "lon": "-8.361540238648153",
      "lat": "41.052189231711786"
    },
    {
      "id": "pt.ine.add.PTCONT.3716567",
      "street": "R MARGINAL",
      "house": "1088",
      "postcode": "4575-627",
      "city": "RIO MAU PNF",
      "lon": "-8.365035132925296",
      "lat": "41.05155193330434"
    },
    {
      "id": "pt.ine.add.PTCONT.3736440",
      "street": "R OUTEIRO DAS CRUZES",
      "house": "169",
      "postcode": "4575-607",
      "city": "RIO MAU PNF",
      "lon": "-8.366978323168933",
      "lat": "41.05277262429234"
    },
    {
      "id": "pt.ine.add.PTCONT.3736441",
      "street": "R OUTEIRO DAS CRUZES",
      "house": "111",
      "postcode": "4575-607",
      "city": "RIO MAU PNF",
      "lon": "-8.366478127449396",
      "lat": "41.05260255194881"
    },
    {
      "id": "pt.ine.add.PTCONT.3745323",
      "street": "R RAMADINHA",
      "house": "61",
      "postcode": "4575-616",
      "city": "RIO MAU PNF",
      "lon": "-8.3626429303622",
      "lat": "41.05116952720538"
    },
    {
      "id": "pt.ine.add.PTCONT.3761864",
      "street": "R JUSTERCOS",
      "house": "2",
      "postcode": "4575-607",
      "city": "RIO MAU PNF",
      "lon": "-8.367441813854725",
      "lat": "41.05265462373511"
    },
    {
      "id": "pt.ine.add.PTCONT.3788279",
      "street": "R OUTEIRO DAS CRUZES",
      "house": "175",
      "postcode": "4575-607",
      "city": "RIO MAU PNF",
      "lon": "-8.366584545746866",
      "lat": "41.05242224554301"
    },
    {
      "id": "pt.ine.add.PTCONT.3796880",
      "street": "R PAULO JORGE VASCONCELOS",
      "house": "127",
      "postcode": "4575-616",
      "city": "RIO MAU PNF",
      "lon": "-8.363216011332465",
      "lat": "41.05178069344683"
    },
    {
      "id": "pt.ine.add.PTCONT.3820033",
      "street": "R MIRANTES",
      "house": "89",
      "postcode": "4575-609",
      "city": "RIO MAU PNF",
      "lon": "-8.362453865251759",
      "lat": "41.05153008541995"
    },
    {
      "id": "pt.ine.add.PTCONT.3820035",
      "street": "R PADRE MANUEL TAVARES DE SOUSA",
      "house": "186",
      "postcode": "4575-627",
      "city": "RIO MAU PNF",
      "lon": "-8.36703677764772",
      "lat": "41.052484360282385"
    },
    {
      "id": "pt.ine.add.PTCONT.3822917",
      "street": "R PADRE MANUEL TAVARES DE SOUSA",
      "house": "130",
      "postcode": "4575-627",
      "city": "RIO MAU PNF",
      "lon": "-8.366584036411803",
      "lat": "41.05227817388106"
    },
    {
      "id": "pt.ine.add.PTCONT.3826570",
      "street": "R PAULO JORGE VASCONCELOS",
      "house": "36",
      "postcode": "4575-616",
      "city": "RIO MAU PNF",
      "lon": "-8.362689507697642",
      "lat": "41.05088128896359"
    },
    {
      "id": "pt.ine.add.PTCONT.3858561",
      "street": "R PADRE MANUEL TAVARES DE SOUSA",
      "house": "1130",
      "postcode": "4575-627",
      "city": "RIO MAU PNF",
      "lon": "-8.365701654459833",
      "lat": "41.05166764911909"
    },
    {
      "id": "pt.ine.add.PTCONT.3871927",
      "street": "AV MARGINAL",
      "house": "1090",
      "postcode": "4575-627",
      "city": "RIO MAU PNF",
      "lon": "-8.365213333537772",
      "lat": "41.05148854273422"
    },
    {
      "id": "pt.ine.add.PTCONT.3871928",
      "street": "R OUTEIRO DAS CRUZES",
      "house": "155",
      "postcode": "4575-607",
      "city": "RIO MAU PNF",
      "lon": "-8.366895185484099",
      "lat": "41.05280881114569"
    },
    {
      "id": "pt.ine.add.PTCONT.3891169",
      "street": "R CORGAS",
      "house": "351",
      "postcode": "4575-618",
      "city": "RIO MAU PNF",
      "lon": "-8.364623581018979",
      "lat": "41.052912446897"
    },
    {
      "id": "pt.ine.add.PTCONT.3915468",
      "street": "ESCADA DO BELO HORIZONTE",
      "house": "10",
      "postcode": "4575-627",
      "city": "RIO MAU PNF",
      "lon": "-8.363022841130425",
      "lat": "41.05096166536626"
    },
    {
      "id": "pt.ine.add.PTCONT.3942333",
      "street": "R PAULO JORGE VASCONCELOS",
      "house": "117",
      "postcode": "4575-616",
      "city": "RIO MAU PNF",
      "lon": "-8.362941897027051",
      "lat": "41.051628163174605"
    },
    {
      "id": "pt.ine.add.PTCONT.3968408",
      "street": "R OUTEIRO DAS CRUZES",
      "house": "97",
      "postcode": "4575-607",
      "city": "RIO MAU PNF",
      "lon": "-8.366263636023252",
      "lat": "41.05249493157216"
    },
    {
      "id": "pt.ine.add.PTCONT.3985485",
      "street": "R BARALHA",
      "house": "283",
      "postcode": "4575-618",
      "city": "RIO MAU PNF",
      "lon": "-8.36142178745237",
      "lat": "41.05233353913933"
    },
    {
      "id": "pt.ine.add.PTCONT.4013351",
      "street": "R RAMADINHA",
      "house": "83",
      "postcode": "4575-616",
      "city": "RIO MAU PNF",
      "lon": "-8.362691354468927",
      "lat": "41.05141255347459"
    },
    {
      "id": "pt.ine.add.PTCONT.4039507",
      "street": "R MIRANTES",
      "house": "207",
      "postcode": "4575-609",
      "city": "RIO MAU PNF",
      "lon": "-8.361670708880368",
      "lat": "41.05208091850004"
    },
    {
      "id": "pt.ine.add.PTCONT.4050786",
      "street": "R BARALHA",
      "house": "317",
      "postcode": "4575-618",
      "city": "RIO MAU PNF",
      "lon": "-8.361731929030753",
      "lat": "41.05258505152247"
    },
    {
      "id": "pt.ine.add.PTCONT.4072735",
      "street": "R CORGAS",
      "house": "413",
      "postcode": "4575-618",
      "city": "RIO MAU PNF",
      "lon": "-8.365397551325252",
      "lat": "41.053136003039995"
    },
    {
      "id": "pt.ine.add.PTCONT.4078811",
      "street": "R BELO HORIZONTE",
      "house": "103",
      "postcode": "4575-616",
      "city": "RIO MAU PNF",
      "lon": "-8.362213501432322",
      "lat": "41.05081920440277"
    },
    {
      "id": "pt.ine.add.PTCONT.4078812",
      "street": "R RAMADINHA",
      "house": "103",
      "postcode": "4575-616",
      "city": "RIO MAU PNF",
      "lon": "-8.3626564838322",
      "lat": "41.051646741105216"
    },
    {
      "id": "pt.ine.add.PTCONT.4078813",
      "street": "R RAMADINHA",
      "house": "103",
      "postcode": "4575-616",
      "city": "RIO MAU PNF",
      "lon": "-8.3626564838322",
      "lat": "41.051646741105216"
    },
    {
      "id": "pt.ine.add.PTCONT.4085467",
      "street": "R CORGAS",
      "house": "299",
      "postcode": "4575-618",
      "city": "RIO MAU PNF",
      "lon": "-8.364410605400321",
      "lat": "41.05323703807127"
    },
    {
      "id": "pt.ine.add.PTCONT.4085468",
      "street": "R CORGAS",
      "house": "299",
      "postcode": "4575-618",
      "city": "RIO MAU PNF",
      "lon": "-8.364410605400321",
      "lat": "41.05323703807127"
    },
    {
      "id": "pt.ine.add.PTCONT.4118306",
      "street": "R PADRE MANUEL TAVARES DE SOUSA",
      "house": "162",
      "postcode": "4575-627",
      "city": "RIO MAU PNF",
      "lon": "-8.366941426552556",
      "lat": "41.05243052652971"
    },
    {
      "id": "pt.ine.add.PTCONT.4118307",
      "street": "R OUTEIRO DAS CRUZES",
      "house": "103",
      "postcode": "4575-607",
      "city": "RIO MAU PNF",
      "lon": "-8.366382744830181",
      "lat": "41.05253971325557"
    },
    {
      "id": "pt.ine.add.PTCONT.4124742",
      "street": "R CORGAS",
      "house": "233",
      "postcode": "4575-618",
      "city": "RIO MAU PNF",
      "lon": "-8.363732175148732",
      "lat": "41.05312133866184"
    },
    {
      "id": "pt.ine.add.PTCONT.4184119",
      "street": "R PAULO JORGE VASCONCELOS",
      "house": "61",
      "postcode": "4575-616",
      "city": "RIO MAU PNF",
      "lon": "-8.362964088391628",
      "lat": "41.05116888711272"
    },
    {
      "id": "pt.ine.add.PTCONT.4209037",
      "street": "R CORGAS",
      "house": "253",
      "postcode": "4575-618",
      "city": "RIO MAU PNF",
      "lon": "-8.363946349763454",
      "lat": "41.053138918951305"
    },
    {
      "id": "pt.ine.add.PTCONT.4209038",
      "street": "R CORGAS",
      "house": "253",
      "postcode": "4575-618",
      "city": "RIO MAU PNF",
      "lon": "-8.363946349763454",
      "lat": "41.053138918951305"
    },
    {
      "id": "pt.ine.add.PTCONT.4223041",
      "street": "R RAMADINHA",
      "house": "65",
      "postcode": "4575-616",
      "city": "RIO MAU PNF",
      "lon": "-8.362667220616038",
      "lat": "41.05131355155144"
    },
    {
      "id": "pt.ine.add.PTCONT.4248717",
      "street": "R CORGAS",
      "house": "351",
      "postcode": "4575-618",
      "city": "RIO MAU PNF",
      "lon": "-8.364850061012556",
      "lat": "41.05304705983988"
    },
    {
      "id": "pt.ine.add.PTCONT.4262161",
      "street": "R BARALHA",
      "house": "491",
      "postcode": "4575-618",
      "city": "RIO MAU PNF",
      "lon": "-8.363482189731938",
      "lat": "41.05306781139505"
    },
    {
      "id": "pt.ine.add.PTCONT.4322191",
      "street": "R CORGAS",
      "house": "279",
      "postcode": "4575-618",
      "city": "RIO MAU PNF",
      "lon": "-8.364220346615939",
      "lat": "41.053255428855806"
    },
    {
      "id": "pt.ine.add.PTCONT.4329529",
      "street": "R CORGAS",
      "house": "327",
      "postcode": "4575-618",
      "city": "RIO MAU PNF",
      "lon": "-8.364636738818895",
      "lat": "41.053272602158735"
    },
    {
      "id": "pt.ine.add.PTCONT.4329530",
      "street": "R CORGAS",
      "house": "327",
      "postcode": "4575-618",
      "city": "RIO MAU PNF",
      "lon": "-8.364636738818895",
      "lat": "41.053272602158735"
    },
    {
      "id": "pt.ine.add.PTCONT.4335724",
      "street": "R MISERICÓRDIA",
      "house": "199",
      "postcode": "4575-627",
      "city": "RIO MAU PNF",
      "lon": "-8.36560855631497",
      "lat": "41.05225313233885"
    },
    {
      "id": "pt.ine.add.PTCONT.4341907",
      "street": "R JUSTERCOS",
      "house": "38",
      "postcode": "4575-607",
      "city": "RIO MAU PNF",
      "lon": "-8.367525462438287",
      "lat": "41.05276250813148"
    }
  ]
}