{
  "data": {
    "distrito": "Aveiro",
    "concelho": "Santa Maria da Feira",
    "freguesia": "Mozelos",
    "OBJECTID": 1873,
    "BGRI2021": "01091600108",
    "DT21": "01",
    "DTMN21": "0109",
    "DTMNFR21": "010916",
    "DTMNFRSEC21": "010916001",
    "SECNUM21": "001",
    "SSNUM21": "08",
    "SECSSNUM21": "00108",
    "OBJECTID_1": 6245,
    "DT": "01",
    "CC": "09",
    "fr": "16",
    "SEC": "001",
    "SS": "08"
  },
  "addresses": [
    {
      "id": "pt.ine.add.PTCONT.296092",
      "street": "AV CASAL",
      "house": "890",
      "postcode": "4535-160",
      "city": "MOZELOS VFR",
      "lon": "-8.570988601452468",
      "lat": "40.996745972767904"
    },
    {
      "id": "pt.ine.add.PTCONT.298705",
      "street": "R IGREJA",
      "house": "202",
      "postcode": "4535-175",
      "city": "MOZELOS VFR",
      "lon": "-8.567870496825538",
      "lat": "40.99791036419424"
    },
    {
      "id": "pt.ine.add.PTCONT.303730",
      "street": "AV CASAL",
      "house": "962",
      "postcode": "4535-160",
      "city": "MOZELOS VFR",
      "lon": "-8.57021633372487",
      "lat": "40.99678492211668"
    },
    {
      "id": "pt.ine.add.PTCONT.311504",
      "street": "AV CASAL",
      "house": "892B",
      "postcode": "4535-160",
      "city": "MOZELOS VFR",
      "lon": "-8.57088157956691",
      "lat": "40.99673737464557"
    },
    {
      "id": "pt.ine.add.PTCONT.311505",
      "street": "R IGREJA",
      "house": "312",
      "postcode": "4535-175",
      "city": "MOZELOS VFR",
      "lon": "-8.567650419489365",
      "lat": "40.998784640393765"
    },
    {
      "id": "pt.ine.add.PTCONT.327846",
      "street": "TV SOBRAL",
      "house": "135",
      "postcode": "4535-251",
      "city": "MOZELOS VFR",
      "lon": "-8.572283794701335",
      "lat": "40.996705027182784"
    },
    {
      "id": "pt.ine.add.PTCONT.345758",
      "street": "R CEDRO",
      "house": "60",
      "postcode": "4535-198",
      "city": "MOZELOS VFR",
      "lon": "-8.568035453852394",
      "lat": "40.9958837060279"
    },
    {
      "id": "pt.ine.add.PTCONT.349154",
      "street": "R DR AMORIM",
      "house": "511",
      "postcode": "4535-211",
      "city": "MOZELOS VFR",
      "lon": "-8.566198339237499",
      "lat": "41.000284868727256"
    },
    {
      "id": "pt.ine.add.PTCONT.349316",
      "street": "R CEDRO",
      "house": "68",
      "postcode": "4535-198",
      "city": "MOZELOS VFR",
      "lon": "-8.567881901268073",
      "lat": "40.99602835895917"
    },
    {
      "id": "pt.ine.add.PTCONT.2234",
      "street": "R SOBRAL",
      "house": "267",
      "postcode": "4535-207",
      "city": "MOZELOS VFR",
      "lon": "-8.570367681380434",
      "lat": "40.99630710410393"
    },
    {
      "id": "pt.ine.add.PTCONT.9004",
      "street": "AV CASAL",
      "house": "832",
      "postcode": "4535-160",
      "city": "MOZELOS VFR",
      "lon": "-8.57167689953898",
      "lat": "40.99659027789406"
    },
    {
      "id": "pt.ine.add.PTCONT.11832",
      "street": "R IGREJA",
      "house": "10",
      "postcode": "4535-175",
      "city": "MOZELOS VFR",
      "lon": "-8.569395457524573",
      "lat": "40.996661967401444"
    },
    {
      "id": "pt.ine.add.PTCONT.14312",
      "street": "R IGREJA CASA DO CRUZEIRO",
      "house": "466",
      "postcode": "4535-175",
      "city": "MOZELOS VFR",
      "lon": "-8.566753291374198",
      "lat": "40.999724497225806"
    },
    {
      "id": "pt.ine.add.PTCONT.16136",
      "street": "R DR AMORIM",
      "house": "485",
      "postcode": "4535-211",
      "city": "MOZELOS VFR",
      "lon": "-8.566244937452208",
      "lat": "41.000140620057856"
    },
    {
      "id": "pt.ine.add.PTCONT.16137",
      "street": "R DR AMORIM",
      "house": "485",
      "postcode": "4535-211",
      "city": "MOZELOS VFR",
      "lon": "-8.566244937452208",
      "lat": "41.000140620057856"
    },
    {
      "id": "pt.ine.add.PTCONT.16138",
      "street": "R DR AMORIM",
      "house": "485",
      "postcode": "4535-211",
      "city": "MOZELOS VFR",
      "lon": "-8.566244937452208",
      "lat": "41.000140620057856"
    },
    {
      "id": "pt.ine.add.PTCONT.16139",
      "street": "R DR AMORIM",
      "house": "485",
      "postcode": "4535-211",
      "city": "MOZELOS VFR",
      "lon": "-8.566244937452208",
      "lat": "41.000140620057856"
    },
    {
      "id": "pt.ine.add.PTCONT.16140",
      "street": "R DR AMORIM",
      "house": "485",
      "postcode": "4535-211",
      "city": "MOZELOS VFR",
      "lon": "-8.566244937452208",
      "lat": "41.000140620057856"
    },
    {
      "id": "pt.ine.add.PTCONT.16141",
      "street": "R DR AMORIM",
      "house": "485",
      "postcode": "4535-211",
      "city": "MOZELOS VFR",
      "lon": "-8.566244937452208",
      "lat": "41.000140620057856"
    },
    {
      "id": "pt.ine.add.PTCONT.16241",
      "street": "R DR AMORIM",
      "house": "485",
      "postcode": "4535-211",
      "city": "MOZELOS VFR",
      "lon": "-8.566244937452208",
      "lat": "41.000140620057856"
    },
    {
      "id": "pt.ine.add.PTCONT.16242",
      "street": "R DR AMORIM",
      "house": "485",
      "postcode": "4535-211",
      "city": "MOZELOS VFR",
      "lon": "-8.566244937452208",
      "lat": "41.000140620057856"
    },
    {
      "id": "pt.ine.add.PTCONT.16243",
      "street": "R DR AMORIM",
      "house": "485",
      "postcode": "4535-211",
      "city": "MOZELOS VFR",
      "lon": "-8.566244937452208",
      "lat": "41.000140620057856"
    },
    {
      "id": "pt.ine.add.PTCONT.16244",
      "street": "R DR AMORIM",
      "house": "485",
      "postcode": "4535-211",
      "city": "MOZELOS VFR",
      "lon": "-8.566244937452208",
      "lat": "41.000140620057856"
    },
    {
      "id": "pt.ine.add.PTCONT.19542",
      "street": "R IGREJA",
      "house": "472",
      "postcode": "4535-175",
      "city": "MOZELOS VFR",
      "lon": "-8.566529418272905",
      "lat": "41.00002249098248"
    },
    {
      "id": "pt.ine.add.PTCONT.23478",
      "street": "AV CASAL",
      "house": "910",
      "postcode": "4535-160",
      "city": "MOZELOS VFR",
      "lon": "-8.570656067964283",
      "lat": "40.99678325385824"
    },
    {
      "id": "pt.ine.add.PTCONT.24992",
      "street": "R SOBRAL",
      "house": "317",
      "postcode": "4535-207",
      "city": "MOZELOS VFR",
      "lon": "-8.569822117767936",
      "lat": "40.996480259721984"
    },
    {
      "id": "pt.ine.add.PTCONT.46792",
      "street": "AV CASAL",
      "house": "840",
      "postcode": "4535-160",
      "city": "MOZELOS VFR",
      "lon": "-8.571534701088327",
      "lat": "40.99665385103414"
    },
    {
      "id": "pt.ine.add.PTCONT.56648",
      "street": "AV CASAL",
      "house": "728",
      "postcode": "4535-160",
      "city": "MOZELOS VFR",
      "lon": "-8.573862779151098",
      "lat": "40.996446871831026"
    },
    {
      "id": "pt.ine.add.PTCONT.65397",
      "street": "TV SOBRAL",
      "house": "124",
      "postcode": "4535-251",
      "city": "MOZELOS VFR",
      "lon": "-8.572199586096458",
      "lat": "40.99655226970779"
    },
    {
      "id": "pt.ine.add.PTCONT.75038",
      "street": "AV CASAL",
      "house": "834",
      "postcode": "4535-160",
      "city": "MOZELOS VFR",
      "lon": "-8.571843941672931",
      "lat": "40.99668869289481"
    },
    {
      "id": "pt.ine.add.PTCONT.75039",
      "street": "AV CASAL",
      "house": "834",
      "postcode": "4535-160",
      "city": "MOZELOS VFR",
      "lon": "-8.571843941672931",
      "lat": "40.99668869289481"
    },
    {
      "id": "pt.ine.add.PTCONT.76231",
      "street": "AV CASAL",
      "house": "878",
      "postcode": "4535-160",
      "city": "MOZELOS VFR",
      "lon": "-8.571119094751943",
      "lat": "40.99670945858983"
    },
    {
      "id": "pt.ine.add.PTCONT.87770",
      "street": "R IGREJA",
      "house": "26",
      "postcode": "4535-175",
      "city": "MOZELOS VFR",
      "lon": "-8.569169055049274",
      "lat": "40.99657277801481"
    },
    {
      "id": "pt.ine.add.PTCONT.96271",
      "street": "R IGREJA",
      "house": "296",
      "postcode": "4535-175",
      "city": "MOZELOS VFR",
      "lon": "-8.567768205482748",
      "lat": "40.99862211349833"
    },
    {
      "id": "pt.ine.add.PTCONT.106992",
      "street": "R SOBRAL",
      "house": "243",
      "postcode": "4535-207",
      "city": "MOZELOS VFR",
      "lon": "-8.570640491877697",
      "lat": "40.99622502751941"
    },
    {
      "id": "pt.ine.add.PTCONT.108529",
      "street": "AV CASAL",
      "house": "978",
      "postcode": "4535-160",
      "city": "MOZELOS VFR",
      "lon": "-8.57000187388072",
      "lat": "40.99670469368794"
    },
    {
      "id": "pt.ine.add.PTCONT.114827",
      "street": "R IGREJA",
      "house": "252",
      "postcode": "4535-175",
      "city": "MOZELOS VFR",
      "lon": "-8.567825678442809",
      "lat": "40.998324744919344"
    },
    {
      "id": "pt.ine.add.PTCONT.129605",
      "street": "R SOBRAL",
      "house": "197",
      "postcode": "4535-207",
      "city": "MOZELOS VFR",
      "lon": "-8.570118342145225",
      "lat": "40.99634406804228"
    },
    {
      "id": "pt.ine.add.PTCONT.129606",
      "street": "AV CASAL",
      "house": "890",
      "postcode": "4535-160",
      "city": "MOZELOS VFR",
      "lon": "-8.57097641882954",
      "lat": "40.99670099602496"
    },
    {
      "id": "pt.ine.add.PTCONT.137797",
      "street": "R SOBRAL",
      "house": "167",
      "postcode": "4535-207",
      "city": "MOZELOS VFR",
      "lon": "-8.571674273675443",
      "lat": "40.99619408529989"
    },
    {
      "id": "pt.ine.add.PTCONT.143004",
      "street": "R SOBRAL",
      "house": "327",
      "postcode": "4535-207",
      "city": "MOZELOS VFR",
      "lon": "-8.569763169839423",
      "lat": "40.99655251986305"
    },
    {
      "id": "pt.ine.add.PTCONT.144211",
      "street": "R IGREJA",
      "house": "592",
      "postcode": "4535-175",
      "city": "MOZELOS VFR",
      "lon": "-8.565798006292974",
      "lat": "41.00086266643213"
    },
    {
      "id": "pt.ine.add.PTCONT.145719",
      "street": "AV CASAL",
      "house": "900",
      "postcode": "4535-160",
      "city": "MOZELOS VFR",
      "lon": "-8.570751026525384",
      "lat": "40.99676488417787"
    },
    {
      "id": "pt.ine.add.PTCONT.151291",
      "street": "TV SOBRAL",
      "house": "118",
      "postcode": "4535-251",
      "city": "MOZELOS VFR",
      "lon": "-8.572210395230046",
      "lat": "40.99639014566284"
    },
    {
      "id": "pt.ine.add.PTCONT.153333",
      "street": "R CEDRO",
      "house": "60",
      "postcode": "4535-198",
      "city": "MOZELOS VFR",
      "lon": "-8.568035453852394",
      "lat": "40.9958837060279"
    },
    {
      "id": "pt.ine.add.PTCONT.153334",
      "street": "R CEDRO",
      "house": "60",
      "postcode": "4535-198",
      "city": "MOZELOS VFR",
      "lon": "-8.568035453852394",
      "lat": "40.9958837060279"
    },
    {
      "id": "pt.ine.add.PTCONT.153335",
      "street": "R CEDRO",
      "house": "60",
      "postcode": "4535-198",
      "city": "MOZELOS VFR",
      "lon": "-8.568035453852394",
      "lat": "40.9958837060279"
    },
    {
      "id": "pt.ine.add.PTCONT.153431",
      "street": "VR CEDRO",
      "house": "63",
      "postcode": "4535-198",
      "city": "MOZELOS VFR",
      "lon": "-8.568035453852394",
      "lat": "40.9958837060279"
    },
    {
      "id": "pt.ine.add.PTCONT.153432",
      "street": "R CEDRO",
      "house": "60",
      "postcode": "4535-198",
      "city": "MOZELOS VFR",
      "lon": "-8.568035453852394",
      "lat": "40.9958837060279"
    },
    {
      "id": "pt.ine.add.PTCONT.153433",
      "street": "R CEDRO",
      "house": "60",
      "postcode": "4535-198",
      "city": "MOZELOS VFR",
      "lon": "-8.568035453852394",
      "lat": "40.9958837060279"
    },
    {
      "id": "pt.ine.add.PTCONT.153434",
      "street": "VR CEDRO",
      "house": "60",
      "postcode": "4535-198",
      "city": "MOZELOS VFR",
      "lon": "-8.568035453852394",
      "lat": "40.9958837060279"
    },
    {
      "id": "pt.ine.add.PTCONT.156247",
      "street": "VR CEDRO",
      "house": "30",
      "postcode": "4535-198",
      "city": "MOZELOS VFR",
      "lon": "-8.568438817734075",
      "lat": "40.995774128185225"
    },
    {
      "id": "pt.ine.add.PTCONT.156248",
      "street": "R CEDRO",
      "house": "30",
      "postcode": "4535-198",
      "city": "MOZELOS VFR",
      "lon": "-8.568438817734075",
      "lat": "40.995774128185225"
    },
    {
      "id": "pt.ine.add.PTCONT.156249",
      "street": "VR CEDRO",
      "house": "30",
      "postcode": "4535-198",
      "city": "MOZELOS VFR",
      "lon": "-8.568438817734075",
      "lat": "40.995774128185225"
    },
    {
      "id": "pt.ine.add.PTCONT.156333",
      "street": "TV CEDRO",
      "house": "30",
      "postcode": "4535-246",
      "city": "MOZELOS VFR",
      "lon": "-8.568438817734075",
      "lat": "40.995774128185225"
    },
    {
      "id": "pt.ine.add.PTCONT.156334",
      "street": "R VEREDA CEDRO",
      "house": "30",
      "postcode": "4535-246",
      "city": "MOZELOS VFR",
      "lon": "-8.568438817734075",
      "lat": "40.995774128185225"
    },
    {
      "id": "pt.ine.add.PTCONT.156335",
      "street": "VR CEDRO",
      "house": "30",
      "postcode": "4535-198",
      "city": "MOZELOS VFR",
      "lon": "-8.568438817734075",
      "lat": "40.995774128185225"
    },
    {
      "id": "pt.ine.add.PTCONT.159754",
      "street": "AV CASAL",
      "house": "836",
      "postcode": "4535-160",
      "city": "MOZELOS VFR",
      "lon": "-8.571664358413575",
      "lat": "40.99649127496313"
    },
    {
      "id": "pt.ine.add.PTCONT.171864",
      "street": "R IGREJA",
      "house": "150",
      "postcode": "4535-175",
      "city": "MOZELOS VFR",
      "lon": "-8.568164008278485",
      "lat": "40.99735997605362"
    },
    {
      "id": "pt.ine.add.PTCONT.175722",
      "street": "AV CASAL",
      "house": "780",
      "postcode": "4535-160",
      "city": "MOZELOS VFR",
      "lon": "-8.572818306641338",
      "lat": "40.99665796653429"
    },
    {
      "id": "pt.ine.add.PTCONT.177496",
      "street": "R SOBRAL",
      "house": "227",
      "postcode": "4535-207",
      "city": "MOZELOS VFR",
      "lon": "-8.570830407355956",
      "lat": "40.99618828811077"
    },
    {
      "id": "pt.ine.add.PTCONT.186525",
      "street": "R SOBRAL",
      "house": "251",
      "postcode": "4535-207",
      "city": "MOZELOS VFR",
      "lon": "-8.570533589923613",
      "lat": "40.99623443782619"
    },
    {
      "id": "pt.ine.add.PTCONT.203897",
      "street": "TV SOBRAL",
      "house": "76",
      "postcode": "4535-251",
      "city": "MOZELOS VFR",
      "lon": "-8.57263782342684",
      "lat": "40.99632548449419"
    },
    {
      "id": "pt.ine.add.PTCONT.206708",
      "street": "AV CASAL",
      "house": "730",
      "postcode": "4535-160",
      "city": "MOZELOS VFR",
      "lon": "-8.5740767027234",
      "lat": "40.99644605369399"
    },
    {
      "id": "pt.ine.add.PTCONT.212474",
      "street": "TV CEDRO",
      "house": "195",
      "postcode": "4535-246",
      "city": "MOZELOS VFR",
      "lon": "-8.568247895493242",
      "lat": "40.99565778915814"
    },
    {
      "id": "pt.ine.add.PTCONT.212475",
      "street": "TV CEDRO",
      "house": "195",
      "postcode": "4535-246",
      "city": "MOZELOS VFR",
      "lon": "-8.568247895493242",
      "lat": "40.99565778915814"
    },
    {
      "id": "pt.ine.add.PTCONT.212476",
      "street": "TV CEDRO",
      "house": "195",
      "postcode": "4535-246",
      "city": "MOZELOS VFR",
      "lon": "-8.568247895493242",
      "lat": "40.99565778915814"
    },
    {
      "id": "pt.ine.add.PTCONT.212477",
      "street": "TV CEDRO",
      "house": "195",
      "postcode": "4535-246",
      "city": "MOZELOS VFR",
      "lon": "-8.568247895493242",
      "lat": "40.99565778915814"
    },
    {
      "id": "pt.ine.add.PTCONT.212478",
      "street": "TV CEDRO",
      "house": "195",
      "postcode": "4535-246",
      "city": "MOZELOS VFR",
      "lon": "-8.568247895493242",
      "lat": "40.99565778915814"
    },
    {
      "id": "pt.ine.add.PTCONT.212479",
      "street": "TV CEDRO",
      "house": "195",
      "postcode": "4535-246",
      "city": "MOZELOS VFR",
      "lon": "-8.568247895493242",
      "lat": "40.99565778915814"
    },
    {
      "id": "pt.ine.add.PTCONT.212480",
      "street": "TV CEDRO",
      "house": "195",
      "postcode": "4535-246",
      "city": "MOZELOS VFR",
      "lon": "-8.568247895493242",
      "lat": "40.99565778915814"
    },
    {
      "id": "pt.ine.add.PTCONT.212588",
      "street": "R SOBRAL",
      "house": "235",
      "postcode": "4535-207",
      "city": "MOZELOS VFR",
      "lon": "-8.570711620886321",
      "lat": "40.99619774370985"
    },
    {
      "id": "pt.ine.add.PTCONT.212589",
      "street": "R SOBRAL",
      "house": "169",
      "postcode": "4535-207",
      "city": "MOZELOS VFR",
      "lon": "-8.571769589248957",
      "lat": "40.99622974104853"
    },
    {
      "id": "pt.ine.add.PTCONT.221934",
      "street": "R DR AMORIM",
      "house": "511",
      "postcode": "4535-211",
      "city": "MOZELOS VFR",
      "lon": "-8.566198339237499",
      "lat": "41.000284868727256"
    },
    {
      "id": "pt.ine.add.PTCONT.221935",
      "street": "R DR AMORIM",
      "house": "511",
      "postcode": "4535-211",
      "city": "MOZELOS VFR",
      "lon": "-8.566198339237499",
      "lat": "41.000284868727256"
    },
    {
      "id": "pt.ine.add.PTCONT.221936",
      "street": "R DR AMORIM",
      "house": "511",
      "postcode": "4535-211",
      "city": "MOZELOS VFR",
      "lon": "-8.566198339237499",
      "lat": "41.000284868727256"
    },
    {
      "id": "pt.ine.add.PTCONT.221937",
      "street": "R DR AMORIM",
      "house": "511",
      "postcode": "4535-211",
      "city": "MOZELOS VFR",
      "lon": "-8.566198339237499",
      "lat": "41.000284868727256"
    },
    {
      "id": "pt.ine.add.PTCONT.221938",
      "street": "R DR AMORIM",
      "house": "511",
      "postcode": "4535-211",
      "city": "MOZELOS VFR",
      "lon": "-8.566198339237499",
      "lat": "41.000284868727256"
    },
    {
      "id": "pt.ine.add.PTCONT.221939",
      "street": "R DR AMORIM",
      "house": "511",
      "postcode": "4535-211",
      "city": "MOZELOS VFR",
      "lon": "-8.566198339237499",
      "lat": "41.000284868727256"
    },
    {
      "id": "pt.ine.add.PTCONT.221940",
      "street": "R DR AMORIM",
      "house": "511",
      "postcode": "4535-211",
      "city": "MOZELOS VFR",
      "lon": "-8.566198339237499",
      "lat": "41.000284868727256"
    },
    {
      "id": "pt.ine.add.PTCONT.221941",
      "street": "R DR AMORIM",
      "house": "511",
      "postcode": "4535-211",
      "city": "MOZELOS VFR",
      "lon": "-8.566198339237499",
      "lat": "41.000284868727256"
    },
    {
      "id": "pt.ine.add.PTCONT.221942",
      "street": "R DR AMORIM",
      "house": "511",
      "postcode": "4535-211",
      "city": "MOZELOS VFR",
      "lon": "-8.566198339237499",
      "lat": "41.000284868727256"
    },
    {
      "id": "pt.ine.add.PTCONT.221943",
      "street": "R DR AMORIM",
      "house": "511",
      "postcode": "4535-211",
      "city": "MOZELOS VFR",
      "lon": "-8.566198339237499",
      "lat": "41.000284868727256"
    },
    {
      "id": "pt.ine.add.PTCONT.221944",
      "street": "R DR AMORIM",
      "house": "511",
      "postcode": "4535-211",
      "city": "MOZELOS VFR",
      "lon": "-8.566198339237499",
      "lat": "41.000284868727256"
    },
    {
      "id": "pt.ine.add.PTCONT.221945",
      "street": "R DR AMORIM",
      "house": "511",
      "postcode": "4535-211",
      "city": "MOZELOS VFR",
      "lon": "-8.566198339237499",
      "lat": "41.000284868727256"
    },
    {
      "id": "pt.ine.add.PTCONT.223256",
      "street": "R SOBRAL",
      "house": "259",
      "postcode": "4535-207",
      "city": "MOZELOS VFR",
      "lon": "-8.570438691570626",
      "lat": "40.99626181170444"
    },
    {
      "id": "pt.ine.add.PTCONT.223257",
      "street": "R IGREJA",
      "house": "56",
      "postcode": "4535-175",
      "city": "MOZELOS VFR",
      "lon": "-8.569099348883787",
      "lat": "40.99681616598981"
    },
    {
      "id": "pt.ine.add.PTCONT.237472",
      "street": "R SOBRAL",
      "house": "207",
      "postcode": "4535-207",
      "city": "MOZELOS VFR",
      "lon": "-8.571068278168378",
      "lat": "40.99621439843682"
    },
    {
      "id": "pt.ine.add.PTCONT.237473",
      "street": "R IGREJA",
      "house": "36",
      "postcode": "4535-175",
      "city": "MOZELOS VFR",
      "lon": "-8.569098102979803",
      "lat": "40.99662707401565"
    },
    {
      "id": "pt.ine.add.PTCONT.239522",
      "street": "R CEDRO",
      "house": "68",
      "postcode": "4535-198",
      "city": "MOZELOS VFR",
      "lon": "-8.567881901268073",
      "lat": "40.99602835895917"
    },
    {
      "id": "pt.ine.add.PTCONT.239523",
      "street": "R CEDRO",
      "house": "68",
      "postcode": "4535-198",
      "city": "MOZELOS VFR",
      "lon": "-8.567881901268073",
      "lat": "40.99602835895917"
    },
    {
      "id": "pt.ine.add.PTCONT.239524",
      "street": "R CEDRO",
      "house": "68",
      "postcode": "4535-198",
      "city": "MOZELOS VFR",
      "lon": "-8.567881901268073",
      "lat": "40.99602835895917"
    },
    {
      "id": "pt.ine.add.PTCONT.239525",
      "street": "VR CEDRO",
      "house": "68",
      "postcode": "4535-198",
      "city": "MOZELOS VFR",
      "lon": "-8.567881901268073",
      "lat": "40.99602835895917"
    },
    {
      "id": "pt.ine.add.PTCONT.239526",
      "street": "R CEDRO",
      "house": "68",
      "postcode": "4535-198",
      "city": "MOZELOS VFR",
      "lon": "-8.567881901268073",
      "lat": "40.99602835895917"
    },
    {
      "id": "pt.ine.add.PTCONT.239527",
      "street": "VR CEDRO",
      "house": "68",
      "postcode": "4535-198",
      "city": "MOZELOS VFR",
      "lon": "-8.567881901268073",
      "lat": "40.99602835895917"
    },
    {
      "id": "pt.ine.add.PTCONT.239528",
      "street": "R IGREJA",
      "house": "326",
      "postcode": "4535-175",
      "city": "MOZELOS VFR",
      "lon": "-8.567484205806188",
      "lat": "40.99881228064589"
    },
    {
      "id": "pt.ine.add.PTCONT.250268",
      "street": "VR CEDRO",
      "house": "22",
      "postcode": "4535-198",
      "city": "MOZELOS VFR",
      "lon": "-8.568570021611938",
      "lat": "40.99584566947175"
    },
    {
      "id": "pt.ine.add.PTCONT.250269",
      "street": "TV CEDRO",
      "house": "22",
      "postcode": "4535-246",
      "city": "MOZELOS VFR",
      "lon": "-8.568570021611938",
      "lat": "40.99584566947175"
    },
    {
      "id": "pt.ine.add.PTCONT.250270",
      "street": "R VEREDA CEDRO",
      "house": "22",
      "postcode": "4535-246",
      "city": "MOZELOS VFR",
      "lon": "-8.568570021611938",
      "lat": "40.99584566947175"
    },
    {
      "id": "pt.ine.add.PTCONT.250271",
      "street": "VR CEDRO",
      "house": "22",
      "postcode": "4535-198",
      "city": "MOZELOS VFR",
      "lon": "-8.568570021611938",
      "lat": "40.99584566947175"
    },
    {
      "id": "pt.ine.add.PTCONT.250272",
      "street": "TV CEDRO",
      "house": "22",
      "postcode": "4535-246",
      "city": "MOZELOS VFR",
      "lon": "-8.568570021611938",
      "lat": "40.99584566947175"
    },
    {
      "id": "pt.ine.add.PTCONT.251399",
      "street": "VR CEDRO",
      "house": "22",
      "postcode": "4535-246",
      "city": "MOZELOS VFR",
      "lon": "-8.568570021611938",
      "lat": "40.99584566947175"
    },
    {
      "id": "pt.ine.add.PTCONT.254466",
      "street": "R IGREJA QTA ESPÍRITO SANTO",
      "house": "376",
      "postcode": "4535-175",
      "city": "MOZELOS VFR",
      "lon": "-8.567070885638639",
      "lat": "40.9992190444238"
    },
    {
      "id": "pt.ine.add.PTCONT.255669",
      "street": "AV CASAL",
      "house": "938",
      "postcode": "4535-160",
      "city": "MOZELOS VFR",
      "lon": "-8.570299645676554",
      "lat": "40.99680261538521"
    },
    {
      "id": "pt.ine.add.PTCONT.260425",
      "street": "R SOBRAL",
      "house": "185",
      "postcode": "4535-207",
      "city": "MOZELOS VFR",
      "lon": "-8.571234364556288",
      "lat": "40.996168744288745"
    },
    {
      "id": "pt.ine.add.PTCONT.265787",
      "street": "R SOBRAL",
      "house": "315",
      "postcode": "4535-207",
      "city": "MOZELOS VFR",
      "lon": "-8.569904894290902",
      "lat": "40.996416913866305"
    },
    {
      "id": "pt.ine.add.PTCONT.282474",
      "street": "R IGREJA",
      "house": "264",
      "postcode": "4535-175",
      "city": "MOZELOS VFR",
      "lon": "-8.567648172341647",
      "lat": "40.998442474011114"
    }
  ]
}