{
  "data": {
    "distrito": "Faro",
    "concelho": "Albufeira",
    "freguesia": "Albufeira e Olhos de Água",
    "OBJECTID": 547,
    "BGRI2021": "08010604611",
    "DT21": "08",
    "DTMN21": "0801",
    "DTMNFR21": "080106",
    "DTMNFRSEC21": "080106046",
    "SECNUM21": "046",
    "SSNUM21": "11",
    "SECSSNUM21": "04611",
    "OBJECTID_1": 64390,
    "DT": "08",
    "CC": "01",
    "fr": "06",
    "SEC": "046",
    "SS": "11"
  },
  "addresses": [
    {
      "id": "pt.ine.add.PTCONT.1478478",
      "street": "R FIGUEIRA",
      "house": "",
      "postcode": "8200-131",
      "city": "ALBUFEIRA",
      "lon": "-8.247080568150624",
      "lat": "37.09669638028473"
    },
    {
      "id": "pt.ine.add.PTCONT.1478479",
      "street": "R FIGUEIRA",
      "house": "",
      "postcode": "8200-131",
      "city": "ALBUFEIRA",
      "lon": "-8.247080568150624",
      "lat": "37.09669638028473"
    },
    {
      "id": "pt.ine.add.PTCONT.1478480",
      "street": "R FIGUEIRA",
      "house": "",
      "postcode": "8200-131",
      "city": "ALBUFEIRA",
      "lon": "-8.247080568150624",
      "lat": "37.09669638028473"
    },
    {
      "id": "pt.ine.add.PTCONT.1478481",
      "street": "R FIGUEIRA",
      "house": "",
      "postcode": "8200-131",
      "city": "ALBUFEIRA",
      "lon": "-8.247080568150624",
      "lat": "37.09669638028473"
    },
    {
      "id": "pt.ine.add.PTCONT.1478482",
      "street": "R FIGUEIRA",
      "house": "",
      "postcode": "8200-131",
      "city": "ALBUFEIRA",
      "lon": "-8.247080568150624",
      "lat": "37.09669638028473"
    },
    {
      "id": "pt.ine.add.PTCONT.1478483",
      "street": "R FIGUEIRA",
      "house": "",
      "postcode": "8200-131",
      "city": "ALBUFEIRA",
      "lon": "-8.247080568150624",
      "lat": "37.09669638028473"
    },
    {
      "id": "pt.ine.add.PTCONT.1478486",
      "street": "R FIGUEIRA",
      "house": "",
      "postcode": "8200-131",
      "city": "ALBUFEIRA",
      "lon": "-8.247080568150624",
      "lat": "37.09669638028473"
    },
    {
      "id": "pt.ine.add.PTCONT.1478487",
      "street": "R FIGUEIRA",
      "house": "",
      "postcode": "8200-131",
      "city": "ALBUFEIRA",
      "lon": "-8.247080568150624",
      "lat": "37.09669638028473"
    },
    {
      "id": "pt.ine.add.PTCONT.1481148",
      "street": "R FIGUEIRA",
      "house": "",
      "postcode": "8200-131",
      "city": "ALBUFEIRA",
      "lon": "-8.247080568150624",
      "lat": "37.09669638028473"
    },
    {
      "id": "pt.ine.add.PTCONT.1520638",
      "street": "R FIGUEIRA",
      "house": "",
      "postcode": "8200-131",
      "city": "ALBUFEIRA",
      "lon": "-8.247485440795588",
      "lat": "37.09664192644294"
    },
    {
      "id": "pt.ine.add.PTCONT.1520639",
      "street": "R FIGUEIRA",
      "house": "",
      "postcode": "8200-131",
      "city": "ALBUFEIRA",
      "lon": "-8.247485440795588",
      "lat": "37.09664192644294"
    },
    {
      "id": "pt.ine.add.PTCONT.1520762",
      "street": "R FIGUEIRA",
      "house": "",
      "postcode": "8200-131",
      "city": "ALBUFEIRA",
      "lon": "-8.247485440795588",
      "lat": "37.09664192644294"
    },
    {
      "id": "pt.ine.add.PTCONT.1520763",
      "street": "R FIGUEIRA",
      "house": "",
      "postcode": "8200-131",
      "city": "ALBUFEIRA",
      "lon": "-8.247485440795588",
      "lat": "37.09664192644294"
    },
    {
      "id": "pt.ine.add.PTCONT.1520764",
      "street": "R FIGUEIRA",
      "house": "",
      "postcode": "8200-131",
      "city": "ALBUFEIRA",
      "lon": "-8.247485440795588",
      "lat": "37.09664192644294"
    },
    {
      "id": "pt.ine.add.PTCONT.1520765",
      "street": "R FIGUEIRA",
      "house": "",
      "postcode": "8200-131",
      "city": "ALBUFEIRA",
      "lon": "-8.247485440795588",
      "lat": "37.09664192644294"
    },
    {
      "id": "pt.ine.add.PTCONT.1520766",
      "street": "R FIGUEIRA",
      "house": "",
      "postcode": "8200-131",
      "city": "ALBUFEIRA",
      "lon": "-8.247485440795588",
      "lat": "37.09664192644294"
    },
    {
      "id": "pt.ine.add.PTCONT.1520767",
      "street": "R FIGUEIRA",
      "house": "",
      "postcode": "8200-131",
      "city": "ALBUFEIRA",
      "lon": "-8.247485440795588",
      "lat": "37.09664192644294"
    },
    {
      "id": "pt.ine.add.PTCONT.1521214",
      "street": "R FIGUEIRA",
      "house": "3",
      "postcode": "8200-131",
      "city": "ALBUFEIRA",
      "lon": "-8.247485440795588",
      "lat": "37.09664192644294"
    },
    {
      "id": "pt.ine.add.PTCONT.1558991",
      "street": "ESTR VALE PEDRAS",
      "house": "",
      "postcode": "8200-047",
      "city": "ALBUFEIRA",
      "lon": "-8.245516490216927",
      "lat": "37.09635546764512"
    },
    {
      "id": "pt.ine.add.PTCONT.1580079",
      "street": "R FIGUEIRA",
      "house": "21",
      "postcode": "8200-131",
      "city": "ALBUFEIRA",
      "lon": "-8.246112683102712",
      "lat": "37.096363911688705"
    },
    {
      "id": "pt.ine.add.PTCONT.1580080",
      "street": "R FIGUEIRA",
      "house": "21",
      "postcode": "8200-131",
      "city": "ALBUFEIRA",
      "lon": "-8.246112683102712",
      "lat": "37.096363911688705"
    },
    {
      "id": "pt.ine.add.PTCONT.1580081",
      "street": "R FIGUEIRA",
      "house": "21",
      "postcode": "8200-131",
      "city": "ALBUFEIRA",
      "lon": "-8.246112683102712",
      "lat": "37.096363911688705"
    },
    {
      "id": "pt.ine.add.PTCONT.1580210",
      "street": "R FIGUEIRA",
      "house": "21",
      "postcode": "8200-131",
      "city": "ALBUFEIRA",
      "lon": "-8.246112683102712",
      "lat": "37.096363911688705"
    },
    {
      "id": "pt.ine.add.PTCONT.1582157",
      "street": "R FIGUEIRA",
      "house": "21",
      "postcode": "8200-131",
      "city": "ALBUFEIRA",
      "lon": "-8.246112683102712",
      "lat": "37.096363911688705"
    },
    {
      "id": "pt.ine.add.PTCONT.1582285",
      "street": "R FIGUEIRA",
      "house": "21",
      "postcode": "8200-131",
      "city": "ALBUFEIRA",
      "lon": "-8.246112683102712",
      "lat": "37.096363911688705"
    },
    {
      "id": "pt.ine.add.PTCONT.1582591",
      "street": "R FIGUEIRA",
      "house": "21",
      "postcode": "8200-131",
      "city": "ALBUFEIRA",
      "lon": "-8.246112683102712",
      "lat": "37.096363911688705"
    },
    {
      "id": "pt.ine.add.PTCONT.1582920",
      "street": "R FIGUEIRA",
      "house": "21",
      "postcode": "8200-131",
      "city": "ALBUFEIRA",
      "lon": "-8.246112683102712",
      "lat": "37.096363911688705"
    },
    {
      "id": "pt.ine.add.PTCONT.1591292",
      "street": "R FIGUEIRA",
      "house": "",
      "postcode": "8200-131",
      "city": "ALBUFEIRA",
      "lon": "-8.246607920307817",
      "lat": "37.09656167352014"
    },
    {
      "id": "pt.ine.add.PTCONT.1591293",
      "street": "R FIGUEIRA",
      "house": "",
      "postcode": "8200-131",
      "city": "ALBUFEIRA",
      "lon": "-8.246607920307817",
      "lat": "37.09656167352014"
    },
    {
      "id": "pt.ine.add.PTCONT.1591288",
      "street": "R FIGUEIRA",
      "house": "",
      "postcode": "8200-131",
      "city": "ALBUFEIRA",
      "lon": "-8.246607920307817",
      "lat": "37.09656167352014"
    },
    {
      "id": "pt.ine.add.PTCONT.1591289",
      "street": "R FIGUEIRA",
      "house": "",
      "postcode": "8200-131",
      "city": "ALBUFEIRA",
      "lon": "-8.246607920307817",
      "lat": "37.09656167352014"
    },
    {
      "id": "pt.ine.add.PTCONT.1591290",
      "street": "R FIGUEIRA",
      "house": "",
      "postcode": "8200-131",
      "city": "ALBUFEIRA",
      "lon": "-8.246607920307817",
      "lat": "37.09656167352014"
    },
    {
      "id": "pt.ine.add.PTCONT.1591291",
      "street": "R FIGUEIRA",
      "house": "",
      "postcode": "8200-131",
      "city": "ALBUFEIRA",
      "lon": "-8.246607920307817",
      "lat": "37.09656167352014"
    },
    {
      "id": "pt.ine.add.PTCONT.1591322",
      "street": "R FIGUEIRA",
      "house": "",
      "postcode": "8200-131",
      "city": "ALBUFEIRA",
      "lon": "-8.246607920307817",
      "lat": "37.09656167352014"
    },
    {
      "id": "pt.ine.add.PTCONT.1591324",
      "street": "R FIGUEIRA",
      "house": "",
      "postcode": "8200-131",
      "city": "ALBUFEIRA",
      "lon": "-8.246607920307817",
      "lat": "37.09656167352014"
    },
    {
      "id": "pt.ine.add.PTCONT.1594286",
      "street": "R FIGUEIRA",
      "house": "",
      "postcode": "8200-131",
      "city": "ALBUFEIRA",
      "lon": "-8.24588785658406",
      "lat": "37.09646324311502"
    },
    {
      "id": "pt.ine.add.PTCONT.1594287",
      "street": "R FIGUEIRA",
      "house": "",
      "postcode": "8200-131",
      "city": "ALBUFEIRA",
      "lon": "-8.24588785658406",
      "lat": "37.09646324311502"
    },
    {
      "id": "pt.ine.add.PTCONT.1594288",
      "street": "R FIGUEIRA",
      "house": "",
      "postcode": "8200-131",
      "city": "ALBUFEIRA",
      "lon": "-8.24588785658406",
      "lat": "37.09646324311502"
    },
    {
      "id": "pt.ine.add.PTCONT.1594289",
      "street": "R FIGUEIRA",
      "house": "",
      "postcode": "8200-131",
      "city": "ALBUFEIRA",
      "lon": "-8.24588785658406",
      "lat": "37.09646324311502"
    },
    {
      "id": "pt.ine.add.PTCONT.1594290",
      "street": "AV DESCOBRIMENTOS",
      "house": "",
      "postcode": "8200-260",
      "city": "ALBUFEIRA",
      "lon": "-8.24588785658406",
      "lat": "37.09646324311502"
    },
    {
      "id": "pt.ine.add.PTCONT.1594291",
      "street": "R FIGUEIRA",
      "house": "",
      "postcode": "8200-131",
      "city": "ALBUFEIRA",
      "lon": "-8.24588785658406",
      "lat": "37.09646324311502"
    },
    {
      "id": "pt.ine.add.PTCONT.1596806",
      "street": "R FIGUEIRA",
      "house": "",
      "postcode": "8200-131",
      "city": "ALBUFEIRA",
      "lon": "-8.24588785658406",
      "lat": "37.09646324311502"
    },
    {
      "id": "pt.ine.add.PTCONT.1597428",
      "street": "R FIGUEIRA",
      "house": "",
      "postcode": "8200-131",
      "city": "ALBUFEIRA",
      "lon": "-8.24588785658406",
      "lat": "37.09646324311502"
    },
    {
      "id": "pt.ine.add.PTCONT.1611510",
      "street": "R FIGUEIRA",
      "house": "23",
      "postcode": "8200-131",
      "city": "ALBUFEIRA",
      "lon": "-8.24641662531718",
      "lat": "37.09651680309418"
    },
    {
      "id": "pt.ine.add.PTCONT.1611511",
      "street": "R FIGUEIRA",
      "house": "23",
      "postcode": "8200-131",
      "city": "ALBUFEIRA",
      "lon": "-8.24641662531718",
      "lat": "37.09651680309418"
    },
    {
      "id": "pt.ine.add.PTCONT.1611512",
      "street": "R FIGUEIRA",
      "house": "23",
      "postcode": "8200-131",
      "city": "ALBUFEIRA",
      "lon": "-8.24641662531718",
      "lat": "37.09651680309418"
    },
    {
      "id": "pt.ine.add.PTCONT.1611513",
      "street": "R FIGUEIRA",
      "house": "23",
      "postcode": "8200-131",
      "city": "ALBUFEIRA",
      "lon": "-8.24641662531718",
      "lat": "37.09651680309418"
    },
    {
      "id": "pt.ine.add.PTCONT.1611514",
      "street": "R FIGUEIRA",
      "house": "23",
      "postcode": "8200-131",
      "city": "ALBUFEIRA",
      "lon": "-8.24641662531718",
      "lat": "37.09651680309418"
    },
    {
      "id": "pt.ine.add.PTCONT.1611515",
      "street": "R FIGUEIRA",
      "house": "23",
      "postcode": "8200-131",
      "city": "ALBUFEIRA",
      "lon": "-8.24641662531718",
      "lat": "37.09651680309418"
    },
    {
      "id": "pt.ine.add.PTCONT.1613836",
      "street": "R FIGUEIRA",
      "house": "23",
      "postcode": "8200-131",
      "city": "ALBUFEIRA",
      "lon": "-8.24641662531718",
      "lat": "37.09651680309418"
    },
    {
      "id": "pt.ine.add.PTCONT.1614015",
      "street": "R FIGUEIRA",
      "house": "23",
      "postcode": "8200-131",
      "city": "ALBUFEIRA",
      "lon": "-8.24641662531718",
      "lat": "37.09651680309418"
    },
    {
      "id": "pt.ine.add.PTCONT.1647644",
      "street": "R FIGUEIRA",
      "house": "22",
      "postcode": "8200-131",
      "city": "ALBUFEIRA",
      "lon": "-8.246281560584737",
      "lat": "37.09646286803681"
    },
    {
      "id": "pt.ine.add.PTCONT.1647645",
      "street": "R FIGUEIRA",
      "house": "22",
      "postcode": "8200-131",
      "city": "ALBUFEIRA",
      "lon": "-8.246281560584737",
      "lat": "37.09646286803681"
    },
    {
      "id": "pt.ine.add.PTCONT.1647646",
      "street": "R FIGUEIRA",
      "house": "22",
      "postcode": "8200-131",
      "city": "ALBUFEIRA",
      "lon": "-8.246281560584737",
      "lat": "37.09646286803681"
    },
    {
      "id": "pt.ine.add.PTCONT.1647701",
      "street": "R FIGUEIRA",
      "house": "22",
      "postcode": "8200-131",
      "city": "ALBUFEIRA",
      "lon": "-8.246281560584737",
      "lat": "37.09646286803681"
    },
    {
      "id": "pt.ine.add.PTCONT.1647702",
      "street": "R FIGUEIRA",
      "house": "22",
      "postcode": "8200-131",
      "city": "ALBUFEIRA",
      "lon": "-8.246281560584737",
      "lat": "37.09646286803681"
    },
    {
      "id": "pt.ine.add.PTCONT.1647703",
      "street": "R FIGUEIRA",
      "house": "22",
      "postcode": "8200-131",
      "city": "ALBUFEIRA",
      "lon": "-8.246281560584737",
      "lat": "37.09646286803681"
    },
    {
      "id": "pt.ine.add.PTCONT.1647704",
      "street": "R FIGUEIRA",
      "house": "22",
      "postcode": "8200-131",
      "city": "ALBUFEIRA",
      "lon": "-8.246281560584737",
      "lat": "37.09646286803681"
    },
    {
      "id": "pt.ine.add.PTCONT.1649101",
      "street": "R FIGUEIRA",
      "house": "22",
      "postcode": "8200-131",
      "city": "ALBUFEIRA",
      "lon": "-8.246281560584737",
      "lat": "37.09646286803681"
    },
    {
      "id": "pt.ine.add.PTCONT.1669935",
      "street": "R FIGUEIRA",
      "house": "",
      "postcode": "8200-131",
      "city": "ALBUFEIRA",
      "lon": "-8.247294226218585",
      "lat": "37.096651121388014"
    },
    {
      "id": "pt.ine.add.PTCONT.1669936",
      "street": "R FIGUEIRA",
      "house": "",
      "postcode": "8200-131",
      "city": "ALBUFEIRA",
      "lon": "-8.247294226218585",
      "lat": "37.096651121388014"
    },
    {
      "id": "pt.ine.add.PTCONT.1669937",
      "street": "R FIGUEIRA",
      "house": "",
      "postcode": "8200-131",
      "city": "ALBUFEIRA",
      "lon": "-8.247294226218585",
      "lat": "37.096651121388014"
    },
    {
      "id": "pt.ine.add.PTCONT.1669938",
      "street": "R FIGUEIRA",
      "house": "",
      "postcode": "8200-131",
      "city": "ALBUFEIRA",
      "lon": "-8.247294226218585",
      "lat": "37.096651121388014"
    },
    {
      "id": "pt.ine.add.PTCONT.1669939",
      "street": "R FIGUEIRA",
      "house": "",
      "postcode": "8200-131",
      "city": "ALBUFEIRA",
      "lon": "-8.247294226218585",
      "lat": "37.096651121388014"
    },
    {
      "id": "pt.ine.add.PTCONT.1669940",
      "street": "R FIGUEIRA",
      "house": "",
      "postcode": "8200-131",
      "city": "ALBUFEIRA",
      "lon": "-8.247294226218585",
      "lat": "37.096651121388014"
    },
    {
      "id": "pt.ine.add.PTCONT.1669941",
      "street": "R FIGUEIRA",
      "house": "",
      "postcode": "8200-131",
      "city": "ALBUFEIRA",
      "lon": "-8.247294226218585",
      "lat": "37.096651121388014"
    },
    {
      "id": "pt.ine.add.PTCONT.1669942",
      "street": "R FIGUEIRA",
      "house": "",
      "postcode": "8200-131",
      "city": "ALBUFEIRA",
      "lon": "-8.247294226218585",
      "lat": "37.096651121388014"
    },
    {
      "id": "pt.ine.add.PTCONT.1771972",
      "street": "URB QUINTA DOS CALIÇOS GRANDE DOS CALISOS",
      "house": "",
      "postcode": "8200-666",
      "city": "ALBUFEIRA",
      "lon": "-8.246517299522687",
      "lat": "37.096138258614076"
    },
    {
      "id": "pt.ine.add.PTCONT.1818165",
      "street": "R ESCOLAS",
      "house": "",
      "postcode": "8200-126",
      "city": "ALBUFEIRA",
      "lon": "-8.246706010949817",
      "lat": "37.09445308194795"
    }
  ]
}