{
  "data": {
    "distrito": "Porto",
    "concelho": "Gondomar",
    "freguesia": "União das freguesias de Foz do Sousa e Covelo",
    "OBJECTID": 1072,
    "BGRI2021": "13041400512",
    "DT21": "13",
    "DTMN21": "1304",
    "DTMNFR21": "130414",
    "DTMNFRSEC21": "130414005",
    "SECNUM21": "005",
    "SSNUM21": "12",
    "SECSSNUM21": "00512",
    "OBJECTID_1": 128720,
    "DT": "13",
    "CC": "04",
    "fr": "14",
    "SEC": "005",
    "SS": "12"
  },
  "addresses": [
    {
      "id": "pt.ine.add.PTCONT.3543206",
      "street": "AV FOZ DO SOUSA",
      "house": "1401",
      "postcode": "4515-084",
      "city": "FOZ DO SOUSA",
      "lon": "-8.505209375849327",
      "lat": "41.09252423710391"
    },
    {
      "id": "pt.ine.add.PTCONT.3543207",
      "street": "AV FOZ DO SOUSA",
      "house": "1401",
      "postcode": "4515-084",
      "city": "FOZ DO SOUSA",
      "lon": "-8.505209375849327",
      "lat": "41.09252423710391"
    },
    {
      "id": "pt.ine.add.PTCONT.3578576",
      "street": "PCT PORTELA",
      "house": "16",
      "postcode": "4515-667",
      "city": "FOZ DO SOUSA",
      "lon": "-8.502215999669774",
      "lat": "41.09572144474027"
    },
    {
      "id": "pt.ine.add.PTCONT.3581302",
      "street": "R STO AMARO",
      "house": "68",
      "postcode": "4515-186",
      "city": "FOZ DO SOUSA",
      "lon": "-8.502567633519172",
      "lat": "41.09687288851681"
    },
    {
      "id": "pt.ine.add.PTCONT.3581471",
      "street": "R STO AMARO",
      "house": "68",
      "postcode": "4515-186",
      "city": "FOZ DO SOUSA",
      "lon": "-8.502567633519172",
      "lat": "41.09687288851681"
    },
    {
      "id": "pt.ine.add.PTCONT.3581472",
      "street": "R PORTELA",
      "house": "131",
      "postcode": "4515-173",
      "city": "FOZ DO SOUSA",
      "lon": "-8.502136712700525",
      "lat": "41.096442055462276"
    },
    {
      "id": "pt.ine.add.PTCONT.3583447",
      "street": "R STO AMARO",
      "house": "68",
      "postcode": "4515-186",
      "city": "FOZ DO SOUSA",
      "lon": "-8.502567633519172",
      "lat": "41.09687288851681"
    },
    {
      "id": "pt.ine.add.PTCONT.3583729",
      "street": "R STO AMARO",
      "house": "68",
      "postcode": "4515-186",
      "city": "FOZ DO SOUSA",
      "lon": "-8.502567633519172",
      "lat": "41.09687288851681"
    },
    {
      "id": "pt.ine.add.PTCONT.3583919",
      "street": "R STO AMARO",
      "house": "68",
      "postcode": "4515-186",
      "city": "FOZ DO SOUSA",
      "lon": "-8.502567633519172",
      "lat": "41.09687288851681"
    },
    {
      "id": "pt.ine.add.PTCONT.3584723",
      "street": "R STO AMARO",
      "house": "68",
      "postcode": "4515-186",
      "city": "FOZ DO SOUSA",
      "lon": "-8.502567633519172",
      "lat": "41.09687288851681"
    },
    {
      "id": "pt.ine.add.PTCONT.3596947",
      "street": "R STO AMARO",
      "house": "78",
      "postcode": "4515-186",
      "city": "FOZ DO SOUSA",
      "lon": "-8.502566725370015",
      "lat": "41.096710811179676"
    },
    {
      "id": "pt.ine.add.PTCONT.3596948",
      "street": "R STO AMARO",
      "house": "78",
      "postcode": "4515-186",
      "city": "FOZ DO SOUSA",
      "lon": "-8.502566725370015",
      "lat": "41.096710811179676"
    },
    {
      "id": "pt.ine.add.PTCONT.3596949",
      "street": "R STO AMARO",
      "house": "78",
      "postcode": "4515-186",
      "city": "FOZ DO SOUSA",
      "lon": "-8.502566725370015",
      "lat": "41.096710811179676"
    },
    {
      "id": "pt.ine.add.PTCONT.3596950",
      "street": "R STO AMARO",
      "house": "78",
      "postcode": "4515-186",
      "city": "FOZ DO SOUSA",
      "lon": "-8.502566725370015",
      "lat": "41.096710811179676"
    },
    {
      "id": "pt.ine.add.PTCONT.3596951",
      "street": "R STO AMARO",
      "house": "78",
      "postcode": "4515-186",
      "city": "FOZ DO SOUSA",
      "lon": "-8.502566725370015",
      "lat": "41.096710811179676"
    },
    {
      "id": "pt.ine.add.PTCONT.3596952",
      "street": "R STO AMARO",
      "house": "78",
      "postcode": "4515-186",
      "city": "FOZ DO SOUSA",
      "lon": "-8.502566725370015",
      "lat": "41.096710811179676"
    },
    {
      "id": "pt.ine.add.PTCONT.3596953",
      "street": "R STO AMARO",
      "house": "78",
      "postcode": "4515-186",
      "city": "FOZ DO SOUSA",
      "lon": "-8.502566725370015",
      "lat": "41.096710811179676"
    },
    {
      "id": "pt.ine.add.PTCONT.3596954",
      "street": "R STO AMARO",
      "house": "78",
      "postcode": "4515-186",
      "city": "FOZ DO SOUSA",
      "lon": "-8.502566725370015",
      "lat": "41.096710811179676"
    },
    {
      "id": "pt.ine.add.PTCONT.3596991",
      "street": "R STO AMARO",
      "house": "78",
      "postcode": "4515-186",
      "city": "FOZ DO SOUSA",
      "lon": "-8.502566725370015",
      "lat": "41.096710811179676"
    },
    {
      "id": "pt.ine.add.PTCONT.3598278",
      "street": "TV ESCOLA",
      "house": "51",
      "postcode": "4515-659",
      "city": "FOZ DO SOUSA",
      "lon": "-8.50881887370925",
      "lat": "41.09515983590275"
    },
    {
      "id": "pt.ine.add.PTCONT.3604773",
      "street": "R QUINTAS",
      "house": "440",
      "postcode": "4515-176",
      "city": "FOZ DO SOUSA",
      "lon": "-8.512286225816215",
      "lat": "41.093725772744186"
    },
    {
      "id": "pt.ine.add.PTCONT.3604774",
      "street": "TV TRONCO",
      "house": "107",
      "postcode": "4515-229",
      "city": "FOZ DO SOUSA",
      "lon": "-8.504088665181007",
      "lat": "41.09853382571925"
    },
    {
      "id": "pt.ine.add.PTCONT.3610322",
      "street": "R PORTELA",
      "house": "93",
      "postcode": "4515-173",
      "city": "FOZ DO SOUSA",
      "lon": "-8.502171261807678",
      "lat": "41.09623484224556"
    },
    {
      "id": "pt.ine.add.PTCONT.3630465",
      "street": "R SANTO AMARO",
      "house": "57",
      "postcode": "4515-186",
      "city": "FOZ DO SOUSA",
      "lon": "-8.50224736609219",
      "lat": "41.09707201309686"
    },
    {
      "id": "pt.ine.add.PTCONT.3630467",
      "street": "R STO AMARO",
      "house": "54",
      "postcode": "4515-186",
      "city": "FOZ DO SOUSA",
      "lon": "-8.50224736609219",
      "lat": "41.09707201309686"
    },
    {
      "id": "pt.ine.add.PTCONT.3630468",
      "street": "R SANTO AMARO",
      "house": "57",
      "postcode": "4515-186",
      "city": "FOZ DO SOUSA",
      "lon": "-8.50224736609219",
      "lat": "41.09707201309686"
    },
    {
      "id": "pt.ine.add.PTCONT.3630469",
      "street": "R SANTO AMARO",
      "house": "57",
      "postcode": "4515-186",
      "city": "FOZ DO SOUSA",
      "lon": "-8.50224736609219",
      "lat": "41.09707201309686"
    },
    {
      "id": "pt.ine.add.PTCONT.3630470",
      "street": "R SANTO AMARO",
      "house": "57",
      "postcode": "4515-186",
      "city": "FOZ DO SOUSA",
      "lon": "-8.50224736609219",
      "lat": "41.09707201309686"
    },
    {
      "id": "pt.ine.add.PTCONT.3630471",
      "street": "R SANTO AMARO",
      "house": "57",
      "postcode": "4515-186",
      "city": "FOZ DO SOUSA",
      "lon": "-8.50224736609219",
      "lat": "41.09707201309686"
    },
    {
      "id": "pt.ine.add.PTCONT.3635048",
      "street": "R QUINTAS",
      "house": "350",
      "postcode": "4515-176",
      "city": "FOZ DO SOUSA",
      "lon": "-8.512056254124333",
      "lat": "41.093060199107256"
    },
    {
      "id": "pt.ine.add.PTCONT.3643336",
      "street": "AV FOZ SOUSA",
      "house": "1643",
      "postcode": "4515-084",
      "city": "FOZ DO SOUSA",
      "lon": "-8.503291303183932",
      "lat": "41.094322303579126"
    },
    {
      "id": "pt.ine.add.PTCONT.3643345",
      "street": "PCT PORTELA",
      "house": "9",
      "postcode": "4515-667",
      "city": "FOZ DO SOUSA",
      "lon": "-8.502311623981756",
      "lat": "41.095793174051046"
    },
    {
      "id": "pt.ine.add.PTCONT.3666490",
      "street": "TV ESCOLA",
      "house": "",
      "postcode": "4515-659",
      "city": "FOZ DO SOUSA",
      "lon": "-8.508518901552682",
      "lat": "41.09473760401517"
    },
    {
      "id": "pt.ine.add.PTCONT.3668707",
      "street": "TV TRONCO",
      "house": "5",
      "postcode": "4515-229",
      "city": "FOZ DO SOUSA",
      "lon": "-8.502487390682823",
      "lat": "41.09742241771236"
    },
    {
      "id": "pt.ine.add.PTCONT.3686630",
      "street": "R QUINTAS",
      "house": "490",
      "postcode": "4515-176",
      "city": "FOZ DO SOUSA",
      "lon": "-8.51305051178549",
      "lat": "41.09416447367144"
    },
    {
      "id": "pt.ine.add.PTCONT.3676418",
      "street": "R PORTELA",
      "house": "37",
      "postcode": "4515-173",
      "city": "FOZ DO SOUSA",
      "lon": "-8.502609795355026",
      "lat": "41.095900271753244"
    },
    {
      "id": "pt.ine.add.PTCONT.3676419",
      "street": "R ESCOLA",
      "house": "101",
      "postcode": "4515-125",
      "city": "FOZ DO SOUSA",
      "lon": "-8.50909580612125",
      "lat": "41.093628174170476"
    },
    {
      "id": "pt.ine.add.PTCONT.3676449",
      "street": "R SERRA",
      "house": "105",
      "postcode": "4515-675",
      "city": "FOZ DO SOUSA",
      "lon": "-8.504147476348324",
      "lat": "41.10052362063411"
    },
    {
      "id": "pt.ine.add.PTCONT.3688140",
      "street": "R QUINTAS",
      "house": "150",
      "postcode": "4515-176",
      "city": "FOZ DO SOUSA",
      "lon": "-8.51005432851632",
      "lat": "41.09265256039102"
    },
    {
      "id": "pt.ine.add.PTCONT.3708163",
      "street": "R QUINTAS",
      "house": "51",
      "postcode": "4515-176",
      "city": "FOZ DO SOUSA",
      "lon": "-8.512543063779171",
      "lat": "41.094922520523"
    },
    {
      "id": "pt.ine.add.PTCONT.3764856",
      "street": "PCT PORTELA",
      "house": "10",
      "postcode": "4515-667",
      "city": "FOZ DO SOUSA",
      "lon": "-8.502074226246604",
      "lat": "41.095910992476526"
    },
    {
      "id": "pt.ine.add.PTCONT.3766143",
      "street": "R QUINTAS",
      "house": "270",
      "postcode": "4515-176",
      "city": "FOZ DO SOUSA",
      "lon": "-8.511068738551208",
      "lat": "41.09312647388484"
    },
    {
      "id": "pt.ine.add.PTCONT.3824474",
      "street": "AV FOZ DO SOUSA",
      "house": "",
      "postcode": "4515-084",
      "city": "FOZ DO SOUSA",
      "lon": "-8.505115429342432",
      "lat": "41.09274965206645"
    },
    {
      "id": "pt.ine.add.PTCONT.3845806",
      "street": "R TRONCO",
      "house": "1970",
      "postcode": "4515-200",
      "city": "FOZ DO SOUSA",
      "lon": "-8.502259073410555",
      "lat": "41.09491090529011"
    },
    {
      "id": "pt.ine.add.PTCONT.3856403",
      "street": "AV FOZ DO SOUSA",
      "house": "1203",
      "postcode": "4515-084",
      "city": "FOZ DO SOUSA",
      "lon": "-8.50382559365015",
      "lat": "41.09408646976894"
    },
    {
      "id": "pt.ine.add.PTCONT.3895982",
      "street": "R SANTO AMARO",
      "house": "47",
      "postcode": "4515-186",
      "city": "FOZ DO SOUSA",
      "lon": "-8.50223611853033",
      "lat": "41.09718910708218"
    },
    {
      "id": "pt.ine.add.PTCONT.3895983",
      "street": "R SANTO AMARO",
      "house": "47",
      "postcode": "4515-186",
      "city": "FOZ DO SOUSA",
      "lon": "-8.50223611853033",
      "lat": "41.09718910708218"
    },
    {
      "id": "pt.ine.add.PTCONT.3895984",
      "street": "R SANTO AMARO",
      "house": "47",
      "postcode": "4515-186",
      "city": "FOZ DO SOUSA",
      "lon": "-8.50223611853033",
      "lat": "41.09718910708218"
    },
    {
      "id": "pt.ine.add.PTCONT.3895985",
      "street": "R SANTO AMARO",
      "house": "47",
      "postcode": "4515-186",
      "city": "FOZ DO SOUSA",
      "lon": "-8.50223611853033",
      "lat": "41.09718910708218"
    },
    {
      "id": "pt.ine.add.PTCONT.3900486",
      "street": "R SANTO AMARO",
      "house": "",
      "postcode": "4515-186",
      "city": "FOZ DO SOUSA",
      "lon": "-8.50223611853033",
      "lat": "41.09718910708218"
    },
    {
      "id": "pt.ine.add.PTCONT.3901849",
      "street": "R PORTELA",
      "house": "137",
      "postcode": "4515-173",
      "city": "FOZ DO SOUSA",
      "lon": "-8.502137216634948",
      "lat": "41.096532098436484"
    },
    {
      "id": "pt.ine.add.PTCONT.3911169",
      "street": "AV FOZ DO SOUSA",
      "house": "1513",
      "postcode": "4515-084",
      "city": "FOZ DO SOUSA",
      "lon": "-8.503648171863825",
      "lat": "41.09428513863931"
    },
    {
      "id": "pt.ine.add.PTCONT.3911170",
      "street": "TV ESCOLA",
      "house": "",
      "postcode": "4515-659",
      "city": "FOZ DO SOUSA",
      "lon": "-8.508437173266522",
      "lat": "41.09501700854333"
    },
    {
      "id": "pt.ine.add.PTCONT.3928173",
      "street": "R SERRA",
      "house": "",
      "postcode": "4515-675",
      "city": "FOZ DO SOUSA",
      "lon": "-8.50455775706441",
      "lat": "41.09939674204418"
    },
    {
      "id": "pt.ine.add.PTCONT.3966318",
      "street": "PCT PORTELA",
      "house": "23",
      "postcode": "4515-667",
      "city": "FOZ DO SOUSA",
      "lon": "-8.501678016133699",
      "lat": "41.09529995725598"
    },
    {
      "id": "pt.ine.add.PTCONT.3977290",
      "street": "R TRONCO",
      "house": "1390",
      "postcode": "4515-200",
      "city": "FOZ DO SOUSA",
      "lon": "-8.502238638970232",
      "lat": "41.0976393218755"
    },
    {
      "id": "pt.ine.add.PTCONT.3987761",
      "street": "R S JOÃO",
      "house": "",
      "postcode": "4515-190",
      "city": "FOZ DO SOUSA",
      "lon": "-8.509137818593386",
      "lat": "41.092646550596136"
    },
    {
      "id": "pt.ine.add.PTCONT.3991893",
      "street": "AV FOZ DO SOUSA",
      "house": "",
      "postcode": "4515-084",
      "city": "FOZ DO SOUSA",
      "lon": "-8.502542210558408",
      "lat": "41.09445977474119"
    },
    {
      "id": "pt.ine.add.PTCONT.4004920",
      "street": "AV FOZ DO SOUSA",
      "house": "1131",
      "postcode": "4515-084",
      "city": "FOZ DO SOUSA",
      "lon": "-8.506764461727471",
      "lat": "41.09179884742757"
    },
    {
      "id": "pt.ine.add.PTCONT.4016192",
      "street": "R DAS QUINTAS",
      "house": "420",
      "postcode": "4515-176",
      "city": "FOZ DO SOUSA",
      "lon": "-8.512057909871821",
      "lat": "41.093348336463094"
    },
    {
      "id": "pt.ine.add.PTCONT.4020533",
      "street": "R IGREJA",
      "house": "60",
      "postcode": "4515-141",
      "city": "FOZ DO SOUSA",
      "lon": "-8.50825450509777",
      "lat": "41.09219920668245"
    },
    {
      "id": "pt.ine.add.PTCONT.4024769",
      "street": "R TRONCO",
      "house": "1968",
      "postcode": "4515-200",
      "city": "FOZ DO SOUSA",
      "lon": "-8.502497425580493",
      "lat": "41.09496416817189"
    },
    {
      "id": "pt.ine.add.PTCONT.4024770",
      "street": "TV TRONCO",
      "house": "80",
      "postcode": "4515-229",
      "city": "FOZ DO SOUSA",
      "lon": "-8.502668357085705",
      "lat": "41.09785405135361"
    },
    {
      "id": "pt.ine.add.PTCONT.4037473",
      "street": "R IGREJA",
      "house": "66",
      "postcode": "4515-141",
      "city": "FOZ DO SOUSA",
      "lon": "-8.508267585205738",
      "lat": "41.09240626677851"
    },
    {
      "id": "pt.ine.add.PTCONT.4044066",
      "street": "AV FOZ SOUSA",
      "house": "302",
      "postcode": "4515-084",
      "city": "FOZ DO SOUSA",
      "lon": "-8.50496278394993",
      "lat": "41.09311932781661"
    },
    {
      "id": "pt.ine.add.PTCONT.4049989",
      "street": "AV FOZ SOUSA",
      "house": "286",
      "postcode": "4515-084",
      "city": "FOZ DO SOUSA",
      "lon": "-8.50496278394993",
      "lat": "41.09311932781661"
    },
    {
      "id": "pt.ine.add.PTCONT.4052993",
      "street": "R SANTO AMARO",
      "house": "77",
      "postcode": "4515-186",
      "city": "FOZ DO SOUSA",
      "lon": "-8.502245652180521",
      "lat": "41.0967658670113"
    },
    {
      "id": "pt.ine.add.PTCONT.4052994",
      "street": "R SANTO AMARO",
      "house": "77",
      "postcode": "4515-186",
      "city": "FOZ DO SOUSA",
      "lon": "-8.502245652180521",
      "lat": "41.0967658670113"
    },
    {
      "id": "pt.ine.add.PTCONT.4052995",
      "street": "R SANTO AMARO",
      "house": "77",
      "postcode": "4515-186",
      "city": "FOZ DO SOUSA",
      "lon": "-8.502245652180521",
      "lat": "41.0967658670113"
    },
    {
      "id": "pt.ine.add.PTCONT.4052996",
      "street": "R SANTO AMARO",
      "house": "77",
      "postcode": "4515-186",
      "city": "FOZ DO SOUSA",
      "lon": "-8.502245652180521",
      "lat": "41.0967658670113"
    },
    {
      "id": "pt.ine.add.PTCONT.4055126",
      "street": "R SANTO AMARO",
      "house": "77",
      "postcode": "4515-186",
      "city": "FOZ DO SOUSA",
      "lon": "-8.502245652180521",
      "lat": "41.0967658670113"
    },
    {
      "id": "pt.ine.add.PTCONT.4056561",
      "street": "R SANTO AMARO",
      "house": "77",
      "postcode": "4515-186",
      "city": "FOZ DO SOUSA",
      "lon": "-8.502245652180521",
      "lat": "41.0967658670113"
    },
    {
      "id": "pt.ine.add.PTCONT.4057085",
      "street": "R TRONCO",
      "house": "1780",
      "postcode": "4515-200",
      "city": "FOZ DO SOUSA",
      "lon": "-8.501804845347031",
      "lat": "41.09669524272936"
    },
    {
      "id": "pt.ine.add.PTCONT.4064117",
      "street": "TV TRONCO",
      "house": "401",
      "postcode": "4515-229",
      "city": "FOZ DO SOUSA",
      "lon": "-8.50283414084125",
      "lat": "41.09770044373179"
    },
    {
      "id": "pt.ine.add.PTCONT.4069231",
      "street": "TV TRONCO",
      "house": "80",
      "postcode": "4515-229",
      "city": "FOZ DO SOUSA",
      "lon": "-8.50283414084125",
      "lat": "41.09770044373179"
    },
    {
      "id": "pt.ine.add.PTCONT.4097028",
      "street": "R IGREJA",
      "house": "98",
      "postcode": "4515-141",
      "city": "FOZ DO SOUSA",
      "lon": "-8.508197402236675",
      "lat": "41.09262260240852"
    },
    {
      "id": "pt.ine.add.PTCONT.4103179",
      "street": "R TRONCO",
      "house": "1372",
      "postcode": "4515-200",
      "city": "FOZ DO SOUSA",
      "lon": "-8.502479472689334",
      "lat": "41.09813379517978"
    },
    {
      "id": "pt.ine.add.PTCONT.4103180",
      "street": "AV FOZ DO SOUSA",
      "house": "1201",
      "postcode": "4515-084",
      "city": "FOZ DO SOUSA",
      "lon": "-8.50421674885394",
      "lat": "41.09379706779837"
    },
    {
      "id": "pt.ine.add.PTCONT.4109395",
      "street": "R SERRA",
      "house": "104",
      "postcode": "4515-675",
      "city": "FOZ DO SOUSA",
      "lon": "-8.504158721039193",
      "lat": "41.100406526542045"
    },
    {
      "id": "pt.ine.add.PTCONT.4122728",
      "street": "R QUINTAS",
      "house": "474",
      "postcode": "4515-176",
      "city": "FOZ DO SOUSA",
      "lon": "-8.512835543988272",
      "lat": "41.094039119867425"
    },
    {
      "id": "pt.ine.add.PTCONT.4129046",
      "street": "R TRONCO",
      "house": "1184",
      "postcode": "4515-200",
      "city": "FOZ DO SOUSA",
      "lon": "-8.503746865805754",
      "lat": "41.0991382242042"
    },
    {
      "id": "pt.ine.add.PTCONT.4129055",
      "street": "R QUINTAS",
      "house": "257",
      "postcode": "4515-176",
      "city": "FOZ DO SOUSA",
      "lon": "-8.51040077608239",
      "lat": "41.09287653807184"
    },
    {
      "id": "pt.ine.add.PTCONT.4142733",
      "street": "AV FOZ DO SOUSA",
      "house": "10OT",
      "postcode": "4515-084",
      "city": "FOZ DO SOUSA",
      "lon": "-8.508156728887334",
      "lat": "41.09174930173172"
    },
    {
      "id": "pt.ine.add.PTCONT.4155678",
      "street": "R SERRA",
      "house": "",
      "postcode": "4515-675",
      "city": "FOZ DO SOUSA",
      "lon": "-8.50433717162916",
      "lat": "41.10038794281751"
    },
    {
      "id": "pt.ine.add.PTCONT.4194715",
      "street": "R IGREJA",
      "house": "",
      "postcode": "4515-141",
      "city": "FOZ DO SOUSA",
      "lon": "-8.508673792121648",
      "lat": "41.09267507740045"
    },
    {
      "id": "pt.ine.add.PTCONT.4169787",
      "street": "R PORTELA",
      "house": "79",
      "postcode": "4515-173",
      "city": "FOZ DO SOUSA",
      "lon": "-8.502135906410203",
      "lat": "41.09629798670056"
    },
    {
      "id": "pt.ine.add.PTCONT.4174674",
      "street": "R STO AMARO",
      "house": "48",
      "postcode": "4515-186",
      "city": "FOZ DO SOUSA",
      "lon": "-8.502557546950701",
      "lat": "41.09719708134391"
    },
    {
      "id": "pt.ine.add.PTCONT.4174675",
      "street": "R STO AMARO",
      "house": "48",
      "postcode": "4515-186",
      "city": "FOZ DO SOUSA",
      "lon": "-8.502557546950701",
      "lat": "41.09719708134391"
    },
    {
      "id": "pt.ine.add.PTCONT.4174676",
      "street": "R STO AMARO",
      "house": "48",
      "postcode": "4515-186",
      "city": "FOZ DO SOUSA",
      "lon": "-8.502557546950701",
      "lat": "41.09719708134391"
    },
    {
      "id": "pt.ine.add.PTCONT.4174677",
      "street": "R STO AMARO",
      "house": "48",
      "postcode": "4515-186",
      "city": "FOZ DO SOUSA",
      "lon": "-8.502557546950701",
      "lat": "41.09719708134391"
    },
    {
      "id": "pt.ine.add.PTCONT.4174678",
      "street": "R STO AMARO",
      "house": "48",
      "postcode": "4515-186",
      "city": "FOZ DO SOUSA",
      "lon": "-8.502557546950701",
      "lat": "41.09719708134391"
    },
    {
      "id": "pt.ine.add.PTCONT.4174679",
      "street": "R STO AMARO",
      "house": "48",
      "postcode": "4515-186",
      "city": "FOZ DO SOUSA",
      "lon": "-8.502557546950701",
      "lat": "41.09719708134391"
    },
    {
      "id": "pt.ine.add.PTCONT.4174680",
      "street": "R STO AMARO",
      "house": "48",
      "postcode": "4515-186",
      "city": "FOZ DO SOUSA",
      "lon": "-8.502557546950701",
      "lat": "41.09719708134391"
    },
    {
      "id": "pt.ine.add.PTCONT.4174691",
      "street": "R STO AMARO",
      "house": "48",
      "postcode": "4515-186",
      "city": "FOZ DO SOUSA",
      "lon": "-8.502557546950701",
      "lat": "41.09719708134391"
    },
    {
      "id": "pt.ine.add.PTCONT.4175147",
      "street": "AV FOZ DO SOUSA",
      "house": "",
      "postcode": "4515-084",
      "city": "FOZ DO SOUSA",
      "lon": "-8.50714343326899",
      "lat": "41.09146445261364"
    },
    {
      "id": "pt.ine.add.PTCONT.4194710",
      "street": "R SANTO AMARO",
      "house": "58",
      "postcode": "4515-186",
      "city": "FOZ DO SOUSA",
      "lon": "-8.502556891074882",
      "lat": "41.09708002549627"
    },
    {
      "id": "pt.ine.add.PTCONT.4194711",
      "street": "R SANTO AMARO",
      "house": "58",
      "postcode": "4515-186",
      "city": "FOZ DO SOUSA",
      "lon": "-8.502556891074882",
      "lat": "41.09708002549627"
    },
    {
      "id": "pt.ine.add.PTCONT.4194712",
      "street": "R SANTO AMARO",
      "house": "58",
      "postcode": "4515-186",
      "city": "FOZ DO SOUSA",
      "lon": "-8.502556891074882",
      "lat": "41.09708002549627"
    },
    {
      "id": "pt.ine.add.PTCONT.4194713",
      "street": "R SANTO AMARO",
      "house": "58",
      "postcode": "4515-186",
      "city": "FOZ DO SOUSA",
      "lon": "-8.502556891074882",
      "lat": "41.09708002549627"
    },
    {
      "id": "pt.ine.add.PTCONT.4199530",
      "street": "R SANTO AMARO",
      "house": "58",
      "postcode": "4515-186",
      "city": "FOZ DO SOUSA",
      "lon": "-8.502556891074882",
      "lat": "41.09708002549627"
    },
    {
      "id": "pt.ine.add.PTCONT.4199847",
      "street": "R SANTO AMARO",
      "house": "58",
      "postcode": "4515-186",
      "city": "FOZ DO SOUSA",
      "lon": "-8.502556891074882",
      "lat": "41.09708002549627"
    },
    {
      "id": "pt.ine.add.PTCONT.4203936",
      "street": "R QUINTAS",
      "house": "404",
      "postcode": "4515-176",
      "city": "FOZ DO SOUSA",
      "lon": "-8.512119232064283",
      "lat": "41.09366329093963"
    },
    {
      "id": "pt.ine.add.PTCONT.4210398",
      "street": "R TRONCO",
      "house": "1978",
      "postcode": "4515-200",
      "city": "FOZ DO SOUSA",
      "lon": "-8.502316619608967",
      "lat": "41.094559546908"
    },
    {
      "id": "pt.ine.add.PTCONT.4210399",
      "street": "R TRONCO",
      "house": "1703",
      "postcode": "4515-200",
      "city": "FOZ DO SOUSA",
      "lon": "-8.502316619608967",
      "lat": "41.094559546908"
    },
    {
      "id": "pt.ine.add.PTCONT.4221109",
      "street": "R PORTELA",
      "house": "51",
      "postcode": "4515-173",
      "city": "FOZ DO SOUSA",
      "lon": "-8.502372397773012",
      "lat": "41.09601809079027"
    },
    {
      "id": "pt.ine.add.PTCONT.4227263",
      "street": "PCT PORTELA",
      "house": "12",
      "postcode": "4515-667",
      "city": "FOZ DO SOUSA",
      "lon": "-8.502262753205935",
      "lat": "41.095568219135494"
    },
    {
      "id": "pt.ine.add.PTCONT.4233653",
      "street": "R QUINTAS",
      "house": "400",
      "postcode": "4515-176",
      "city": "FOZ DO SOUSA",
      "lon": "-8.511645623494205",
      "lat": "41.0940970620011"
    },
    {
      "id": "pt.ine.add.PTCONT.4240697",
      "street": "PCT PORTELA",
      "house": "14",
      "postcode": "4515-667",
      "city": "FOZ DO SOUSA",
      "lon": "-8.502214790007296",
      "lat": "41.095505341571176"
    },
    {
      "id": "pt.ine.add.PTCONT.4245629",
      "street": "R PORTELA",
      "house": "34",
      "postcode": "4515-173",
      "city": "FOZ DO SOUSA",
      "lon": "-8.502465904313228",
      "lat": "41.09571163944875"
    },
    {
      "id": "pt.ine.add.PTCONT.4260179",
      "street": "TV ESCOLA",
      "house": "",
      "postcode": "4515-659",
      "city": "FOZ DO SOUSA",
      "lon": "-8.508195384613906",
      "lat": "41.09436047026702"
    },
    {
      "id": "pt.ine.add.PTCONT.4266040",
      "street": "PCT PORTELA",
      "house": "22",
      "postcode": "4515-667",
      "city": "FOZ DO SOUSA",
      "lon": "-8.50197537834354",
      "lat": "41.09526298783056"
    },
    {
      "id": "pt.ine.add.PTCONT.4266134",
      "street": "TV ESCOLA",
      "house": "",
      "postcode": "4515-659",
      "city": "FOZ DO SOUSA",
      "lon": "-8.508195384613906",
      "lat": "41.09436047026702"
    },
    {
      "id": "pt.ine.add.PTCONT.4266190",
      "street": "TV ESCOLA",
      "house": "",
      "postcode": "4515-659",
      "city": "FOZ DO SOUSA",
      "lon": "-8.508195384613906",
      "lat": "41.09436047026702"
    },
    {
      "id": "pt.ine.add.PTCONT.4283171",
      "street": "PCT PORTELA",
      "house": "21",
      "postcode": "4515-667",
      "city": "FOZ DO SOUSA",
      "lon": "-8.50203554595397",
      "lat": "41.095379853184646"
    },
    {
      "id": "pt.ine.add.PTCONT.4285646",
      "street": "R TRONCO",
      "house": "1964",
      "postcode": "4515-200",
      "city": "FOZ DO SOUSA",
      "lon": "-8.503020629831036",
      "lat": "41.09487244503447"
    },
    {
      "id": "pt.ine.add.PTCONT.4286566",
      "street": "R QUINTAS",
      "house": "200",
      "postcode": "4515-176",
      "city": "FOZ DO SOUSA",
      "lon": "-8.510459565248217",
      "lat": "41.09275028306685"
    },
    {
      "id": "pt.ine.add.PTCONT.4294567",
      "street": "AV FOZ DO SOUSA",
      "house": "",
      "postcode": "4515-084",
      "city": "FOZ DO SOUSA",
      "lon": "-8.503029249011806",
      "lat": "41.09428712735397"
    },
    {
      "id": "pt.ine.add.PTCONT.4300630",
      "street": "TV TRONCO",
      "house": "103",
      "postcode": "4515-229",
      "city": "FOZ DO SOUSA",
      "lon": "-8.503730305958303",
      "lat": "41.098309867603085"
    },
    {
      "id": "pt.ine.add.PTCONT.4306827",
      "street": "PCT PORTELA",
      "house": "7",
      "postcode": "4515-667",
      "city": "FOZ DO SOUSA",
      "lon": "-8.501668982264466",
      "lat": "41.09581324039243"
    },
    {
      "id": "pt.ine.add.PTCONT.4307343",
      "street": "R PORTELA",
      "house": "41",
      "postcode": "4515-173",
      "city": "FOZ DO SOUSA",
      "lon": "-8.502467266120146",
      "lat": "41.09595475549778"
    },
    {
      "id": "pt.ine.add.PTCONT.4319673",
      "street": "R STO AMARO",
      "house": "67",
      "postcode": "4515-186",
      "city": "FOZ DO SOUSA",
      "lon": "-8.50227026439908",
      "lat": "41.09690985948969"
    },
    {
      "id": "pt.ine.add.PTCONT.4319674",
      "street": "R STO AMARO",
      "house": "67",
      "postcode": "4515-186",
      "city": "FOZ DO SOUSA",
      "lon": "-8.50227026439908",
      "lat": "41.09690985948969"
    },
    {
      "id": "pt.ine.add.PTCONT.4319675",
      "street": "R STO AMARO",
      "house": "67",
      "postcode": "4515-186",
      "city": "FOZ DO SOUSA",
      "lon": "-8.50227026439908",
      "lat": "41.09690985948969"
    },
    {
      "id": "pt.ine.add.PTCONT.4319676",
      "street": "R STO AMARO",
      "house": "67",
      "postcode": "4515-186",
      "city": "FOZ DO SOUSA",
      "lon": "-8.50227026439908",
      "lat": "41.09690985948969"
    },
    {
      "id": "pt.ine.add.PTCONT.4319757",
      "street": "R STO AMARO",
      "house": "67",
      "postcode": "4515-186",
      "city": "FOZ DO SOUSA",
      "lon": "-8.50227026439908",
      "lat": "41.09690985948969"
    },
    {
      "id": "pt.ine.add.PTCONT.4320011",
      "street": "R STO AMARO",
      "house": "67",
      "postcode": "4515-186",
      "city": "FOZ DO SOUSA",
      "lon": "-8.50227026439908",
      "lat": "41.09690985948969"
    },
    {
      "id": "pt.ine.add.PTCONT.4321297",
      "street": "R TRONCO",
      "house": "1101",
      "postcode": "4515-200",
      "city": "FOZ DO SOUSA",
      "lon": "-8.504918613190155",
      "lat": "41.10006190768463"
    },
    {
      "id": "pt.ine.add.PTCONT.4321298",
      "street": "PCT PORTELA",
      "house": "19",
      "postcode": "4515-667",
      "city": "FOZ DO SOUSA",
      "lon": "-8.501715535799256",
      "lat": "41.09562399780971"
    },
    {
      "id": "pt.ine.add.PTCONT.4333794",
      "street": "AV FOZ SOUSA",
      "house": "512",
      "postcode": "4515-084",
      "city": "FOZ DO SOUSA",
      "lon": "-8.503041555479692",
      "lat": "41.09435912353999"
    },
    {
      "id": "pt.ine.add.PTCONT.4333795",
      "street": "AV FOZ SOUSA",
      "house": "1651",
      "postcode": "4515-084",
      "city": "FOZ DO SOUSA",
      "lon": "-8.50357615065978",
      "lat": "41.09417731668211"
    },
    {
      "id": "pt.ine.add.PTCONT.4339301",
      "street": "R ESCOLA",
      "house": "10",
      "postcode": "4515-125",
      "city": "FOZ DO SOUSA",
      "lon": "-8.509011515256818",
      "lat": "41.093457364406305"
    },
    {
      "id": "pt.ine.add.PTCONT.4346285",
      "street": "R TRONCO",
      "house": "",
      "postcode": "4515-200",
      "city": "FOZ DO SOUSA",
      "lon": "-8.501636243467415",
      "lat": "41.09634460822213"
    },
    {
      "id": "pt.ine.add.PTCONT.4354818",
      "street": "PCT PORTELA",
      "house": "20",
      "postcode": "4515-667",
      "city": "FOZ DO SOUSA",
      "lon": "-8.502119266998113",
      "lat": "41.09545162077242"
    },
    {
      "id": "pt.ine.add.PTCONT.4371712",
      "street": "R IGREJA",
      "house": "20",
      "postcode": "4515-141",
      "city": "FOZ DO SOUSA",
      "lon": "-8.50819320276152",
      "lat": "41.09188424998371"
    },
    {
      "id": "pt.ine.add.PTCONT.4373563",
      "street": "R SANTO AMARO",
      "house": "47",
      "postcode": "4515-186",
      "city": "FOZ DO SOUSA",
      "lon": "-8.50223611853033",
      "lat": "41.09718910708218"
    },
    {
      "id": "pt.ine.add.PTCONT.4376687",
      "street": "TV TRONCO",
      "house": "107",
      "postcode": "4515-229",
      "city": "FOZ DO SOUSA",
      "lon": "-8.504326068694574",
      "lat": "41.09841600317211"
    },
    {
      "id": "pt.ine.add.PTCONT.4381282",
      "street": "R TRONCO",
      "house": "1978",
      "postcode": "4515-200",
      "city": "FOZ DO SOUSA",
      "lon": "-8.502316619608967",
      "lat": "41.094559546908"
    },
    {
      "id": "pt.ine.add.PTCONT.4381921",
      "street": "R QUINTAS",
      "house": "464",
      "postcode": "4515-176",
      "city": "FOZ DO SOUSA",
      "lon": "-8.512538400830644",
      "lat": "41.0941121344403"
    },
    {
      "id": "pt.ine.add.PTCONT.4385119",
      "street": "R STO AMARO",
      "house": "48",
      "postcode": "4515-186",
      "city": "FOZ DO SOUSA",
      "lon": "-8.502557546950701",
      "lat": "41.09719708134391"
    },
    {
      "id": "pt.ine.add.PTCONT.4388469",
      "street": "R PORTELA",
      "house": "",
      "postcode": "4515-173",
      "city": "FOZ DO SOUSA",
      "lon": "-8.50225382468481",
      "lat": "41.09609951087062"
    }
  ]
}