{
  "data": {
    "distrito": "Porto",
    "concelho": "Matosinhos",
    "freguesia": "União das freguesias de Perafita, Lavra e Santa Cruz do Bispo",
    "OBJECTID": 713,
    "BGRI2021": "13081302111",
    "DT21": "13",
    "DTMN21": "1308",
    "DTMNFR21": "130813",
    "DTMNFRSEC21": "130813021",
    "SECNUM21": "021",
    "SSNUM21": "11",
    "SECSSNUM21": "02111",
    "OBJECTID_1": 132717,
    "DT": "13",
    "CC": "08",
    "fr": "13",
    "SEC": "021",
    "SS": "11"
  },
  "addresses": [
    {
      "id": "pt.ine.add.PTCONT.3541179",
      "street": "R DR JOSE DOMINGUES DOS SANTOS",
      "house": "631",
      "postcode": "4455-008",
      "city": "LAVRA",
      "lon": "-8.700351379908817",
      "lat": "41.24457407694886"
    },
    {
      "id": "pt.ine.add.PTCONT.3541180",
      "street": "R DR JOSE DOMINGUES DOS SANTOS",
      "house": "475",
      "postcode": "4455-008",
      "city": "LAVRA",
      "lon": "-8.70005472772564",
      "lat": "41.24316340024703"
    },
    {
      "id": "pt.ine.add.PTCONT.3599374",
      "street": "R CAVADAS",
      "house": "",
      "postcode": "4455-093",
      "city": "LAVRA",
      "lon": "-8.704263910418685",
      "lat": "41.24539665430244"
    },
    {
      "id": "pt.ine.add.PTCONT.3561011",
      "street": "R LUCIO DE AZEVEDO",
      "house": "97",
      "postcode": "4455-012",
      "city": "LAVRA",
      "lon": "-8.702314746069792",
      "lat": "41.24463611505076"
    },
    {
      "id": "pt.ine.add.PTCONT.3573696",
      "street": "R LUCIO DE AZEVEDO",
      "house": "245",
      "postcode": "4455-012",
      "city": "LAVRA",
      "lon": "-8.700849656661047",
      "lat": "41.24520343542589"
    },
    {
      "id": "pt.ine.add.PTCONT.3599373",
      "street": "R CAVADAS",
      "house": "105",
      "postcode": "4455-093",
      "city": "LAVRA",
      "lon": "-8.703950192201864",
      "lat": "41.245088538813"
    },
    {
      "id": "pt.ine.add.PTCONT.3604065",
      "street": "R DR JOSE DOMINGUES DOS SANTOS",
      "house": "881",
      "postcode": "4455-008",
      "city": "LAVRA",
      "lon": "-8.701276113725116",
      "lat": "41.246857973362935"
    },
    {
      "id": "pt.ine.add.PTCONT.3605879",
      "street": "R CAVADAS",
      "house": "199",
      "postcode": "4455-093",
      "city": "LAVRA",
      "lon": "-8.70316487988181",
      "lat": "41.24429612663822"
    },
    {
      "id": "pt.ine.add.PTCONT.3617142",
      "street": "BC CAVADAS",
      "house": "191",
      "postcode": "4455-092",
      "city": "LAVRA",
      "lon": "-8.702796507540988",
      "lat": "41.244438482792035"
    },
    {
      "id": "pt.ine.add.PTCONT.3617143",
      "street": "BC CAVADAS",
      "house": "191",
      "postcode": "4455-092",
      "city": "LAVRA",
      "lon": "-8.702796507540988",
      "lat": "41.244438482792035"
    },
    {
      "id": "pt.ine.add.PTCONT.3663987",
      "street": "R AVILHOSO",
      "house": "125",
      "postcode": "4455-066",
      "city": "LAVRA",
      "lon": "-8.702702784009569",
      "lat": "41.246573323499355"
    },
    {
      "id": "pt.ine.add.PTCONT.3715737",
      "street": "R LUCIO DE AZEVEDO",
      "house": "56",
      "postcode": "4455-012",
      "city": "LAVRA",
      "lon": "-8.702203881363227",
      "lat": "41.244072625068014"
    },
    {
      "id": "pt.ine.add.PTCONT.3735533",
      "street": "R DR JOSE DOMINGUES DOS SANTOS",
      "house": "703",
      "postcode": "4455-008",
      "city": "LAVRA",
      "lon": "-8.700368074760654",
      "lat": "41.245162308876544"
    },
    {
      "id": "pt.ine.add.PTCONT.3760963",
      "street": "R CAVADAS",
      "house": "105",
      "postcode": "4455-093",
      "city": "LAVRA",
      "lon": "-8.703932931570384",
      "lat": "41.24506065196287"
    },
    {
      "id": "pt.ine.add.PTCONT.3777162",
      "street": "R LUCIO AZEVEDO",
      "house": "72 R C",
      "postcode": "4455-012",
      "city": "LAVRA",
      "lon": "-8.70209769046667",
      "lat": "41.244208212788"
    },
    {
      "id": "pt.ine.add.PTCONT.3777163",
      "street": "R LUCIO DE AZEVEDO",
      "house": "72",
      "postcode": "4455-012",
      "city": "LAVRA",
      "lon": "-8.70209769046667",
      "lat": "41.244208212788"
    },
    {
      "id": "pt.ine.add.PTCONT.3782200",
      "street": "TV GANDARA",
      "house": "495",
      "postcode": "4455-146",
      "city": "LAVRA",
      "lon": "-8.700288441970779",
      "lat": "41.24329871141047"
    },
    {
      "id": "pt.ine.add.PTCONT.3788132",
      "street": "R DR JOSE DOMINGUES DOS SANTOS",
      "house": "663",
      "postcode": "4455-008",
      "city": "LAVRA",
      "lon": "-8.70030378900379",
      "lat": "41.24485915995762"
    },
    {
      "id": "pt.ine.add.PTCONT.3795457",
      "street": "R DR JOSE DOMINGUES DOS SANTOS",
      "house": "659",
      "postcode": "4455-008",
      "city": "LAVRA",
      "lon": "-8.700325068848253",
      "lat": "41.24477521888564"
    },
    {
      "id": "pt.ine.add.PTCONT.3800093",
      "street": "TV GANDARA",
      "house": "153",
      "postcode": "4455-146",
      "city": "LAVRA",
      "lon": "-8.700777790726013",
      "lat": "41.24412724029058"
    },
    {
      "id": "pt.ine.add.PTCONT.3800095",
      "street": "R AVILHOSO",
      "house": "89",
      "postcode": "4455-066",
      "city": "LAVRA",
      "lon": "-8.702251802590306",
      "lat": "41.2468456793146"
    },
    {
      "id": "pt.ine.add.PTCONT.3800096",
      "street": "BC CAVADAS",
      "house": "64",
      "postcode": "4455-092",
      "city": "LAVRA",
      "lon": "-8.702580321458392",
      "lat": "41.24433788317428"
    },
    {
      "id": "pt.ine.add.PTCONT.3809819",
      "street": "R DR JOSE DOMINGUES DOS SANTOS",
      "house": "483",
      "postcode": "4455-008",
      "city": "LAVRA",
      "lon": "-8.700089159704884",
      "lat": "41.24323970513827"
    },
    {
      "id": "pt.ine.add.PTCONT.3825717",
      "street": "R CAVADAS",
      "house": "105",
      "postcode": "4455-093",
      "city": "LAVRA",
      "lon": "-8.703853806176578",
      "lat": "41.24511761034676"
    },
    {
      "id": "pt.ine.add.PTCONT.3825719",
      "street": "R AVILHOSO",
      "house": "41",
      "postcode": "4455-066",
      "city": "LAVRA",
      "lon": "-8.701764169552746",
      "lat": "41.247019168293924"
    },
    {
      "id": "pt.ine.add.PTCONT.3825720",
      "street": "R AVILHOSO",
      "house": "41",
      "postcode": "4455-066",
      "city": "LAVRA",
      "lon": "-8.701764169552746",
      "lat": "41.247019168293924"
    },
    {
      "id": "pt.ine.add.PTCONT.3825721",
      "street": "R AVILHOSO",
      "house": "41",
      "postcode": "4455-066",
      "city": "LAVRA",
      "lon": "-8.701764169552746",
      "lat": "41.247019168293924"
    },
    {
      "id": "pt.ine.add.PTCONT.3825722",
      "street": "R AVILHOSO",
      "house": "41",
      "postcode": "4455-066",
      "city": "LAVRA",
      "lon": "-8.701764169552746",
      "lat": "41.247019168293924"
    },
    {
      "id": "pt.ine.add.PTCONT.3825723",
      "street": "R AVILHOSO",
      "house": "41",
      "postcode": "4455-066",
      "city": "LAVRA",
      "lon": "-8.701764169552746",
      "lat": "41.247019168293924"
    },
    {
      "id": "pt.ine.add.PTCONT.3825724",
      "street": "R AVILHOSO",
      "house": "41",
      "postcode": "4455-066",
      "city": "LAVRA",
      "lon": "-8.701764169552746",
      "lat": "41.247019168293924"
    },
    {
      "id": "pt.ine.add.PTCONT.3832272",
      "street": "R AVILHOSO",
      "house": "199",
      "postcode": "4455-066",
      "city": "LAVRA",
      "lon": "-8.70357200118113",
      "lat": "41.24637993222079"
    },
    {
      "id": "pt.ine.add.PTCONT.3838933",
      "street": "R AVILHOSO",
      "house": "125",
      "postcode": "4455-066",
      "city": "LAVRA",
      "lon": "-8.702739589426418",
      "lat": "41.246690195887524"
    },
    {
      "id": "pt.ine.add.PTCONT.3842812",
      "street": "R AVILHOSO",
      "house": "67",
      "postcode": "4455-066",
      "city": "LAVRA",
      "lon": "-8.702037615341498",
      "lat": "41.2469097671875"
    },
    {
      "id": "pt.ine.add.PTCONT.3843165",
      "street": "R AVILHOSO",
      "house": "67",
      "postcode": "4455-066",
      "city": "LAVRA",
      "lon": "-8.702037615341498",
      "lat": "41.2469097671875"
    },
    {
      "id": "pt.ine.add.PTCONT.3857609",
      "street": "R DR JOSE DOMINGUES DOS SANTOS",
      "house": "695",
      "postcode": "4455-008",
      "city": "LAVRA",
      "lon": "-8.70033784535472",
      "lat": "41.2450875042007"
    },
    {
      "id": "pt.ine.add.PTCONT.3864439",
      "street": "BC CAVADAS",
      "house": "27",
      "postcode": "4455-092",
      "city": "LAVRA",
      "lon": "-8.703137893331816",
      "lat": "41.24455800674204"
    },
    {
      "id": "pt.ine.add.PTCONT.3868420",
      "street": "BC CAVADAS",
      "house": "33",
      "postcode": "4455-092",
      "city": "LAVRA",
      "lon": "-8.702947243785578",
      "lat": "41.244501149819406"
    },
    {
      "id": "pt.ine.add.PTCONT.3868421",
      "street": "BC CAVADAS",
      "house": "33",
      "postcode": "4455-092",
      "city": "LAVRA",
      "lon": "-8.702947243785578",
      "lat": "41.244501149819406"
    },
    {
      "id": "pt.ine.add.PTCONT.3872529",
      "street": "R DR JOSE DOMINGUES DOS SANTOS",
      "house": "669",
      "postcode": "4455-008",
      "city": "LAVRA",
      "lon": "-8.70039187787088",
      "lat": "41.244941406091726"
    },
    {
      "id": "pt.ine.add.PTCONT.3891971",
      "street": "R AVILHOSO",
      "house": "31",
      "postcode": "4455-066",
      "city": "LAVRA",
      "lon": "-8.701645106727824",
      "lat": "41.24704676883391"
    },
    {
      "id": "pt.ine.add.PTCONT.3891972",
      "street": "R AVILHOSO",
      "house": "31",
      "postcode": "4455-066",
      "city": "LAVRA",
      "lon": "-8.701645106727824",
      "lat": "41.24704676883391"
    },
    {
      "id": "pt.ine.add.PTCONT.3891973",
      "street": "R AVILHOSO",
      "house": "31",
      "postcode": "4455-066",
      "city": "LAVRA",
      "lon": "-8.701645106727824",
      "lat": "41.24704676883391"
    },
    {
      "id": "pt.ine.add.PTCONT.3891974",
      "street": "R AVILHOSO",
      "house": "31",
      "postcode": "4455-066",
      "city": "LAVRA",
      "lon": "-8.701645106727824",
      "lat": "41.24704676883391"
    },
    {
      "id": "pt.ine.add.PTCONT.3891975",
      "street": "R AVILHOSO",
      "house": "31",
      "postcode": "4455-066",
      "city": "LAVRA",
      "lon": "-8.701645106727824",
      "lat": "41.24704676883391"
    },
    {
      "id": "pt.ine.add.PTCONT.3891976",
      "street": "R AVILHOSO",
      "house": "31",
      "postcode": "4455-066",
      "city": "LAVRA",
      "lon": "-8.701645106727824",
      "lat": "41.24704676883391"
    },
    {
      "id": "pt.ine.add.PTCONT.3893911",
      "street": "R AVILHOSO",
      "house": "199",
      "postcode": "4455-066",
      "city": "LAVRA",
      "lon": "-8.703596643486863",
      "lat": "41.24646985202848"
    },
    {
      "id": "pt.ine.add.PTCONT.3897708",
      "street": "R AVILHOSO",
      "house": "195",
      "postcode": "4455-066",
      "city": "LAVRA",
      "lon": "-8.703465809445579",
      "lat": "41.24651552115422"
    },
    {
      "id": "pt.ine.add.PTCONT.3900278",
      "street": "TV GANDARA",
      "house": "189",
      "postcode": "4455-146",
      "city": "LAVRA",
      "lon": "-8.700548853100985",
      "lat": "41.24374319724045"
    },
    {
      "id": "pt.ine.add.PTCONT.3931621",
      "street": "R CAVADAS",
      "house": "105",
      "postcode": "4455-093",
      "city": "LAVRA",
      "lon": "-8.703757638138635",
      "lat": "41.24517174748973"
    },
    {
      "id": "pt.ine.add.PTCONT.3931784",
      "street": "R CAVADAS",
      "house": "199",
      "postcode": "4455-093",
      "city": "LAVRA",
      "lon": "-8.703034944772861",
      "lat": "41.24434003231577"
    },
    {
      "id": "pt.ine.add.PTCONT.3935547",
      "street": "R AVILHOSO",
      "house": "65",
      "postcode": "4455-066",
      "city": "LAVRA",
      "lon": "-8.70194241219649",
      "lat": "41.246937250136654"
    },
    {
      "id": "pt.ine.add.PTCONT.3948387",
      "street": "R DR JOSE DOMINGUES DOS SANTOS",
      "house": "513",
      "postcode": "4455-008",
      "city": "LAVRA",
      "lon": "-8.700147076082041",
      "lat": "41.24348697498246"
    },
    {
      "id": "pt.ine.add.PTCONT.3948390",
      "street": "R CAVADAS",
      "house": "73",
      "postcode": "4455-093",
      "city": "LAVRA",
      "lon": "-8.704174450617863",
      "lat": "41.24534885897843"
    },
    {
      "id": "pt.ine.add.PTCONT.3959019",
      "street": "R AVILHOSO",
      "house": "73",
      "postcode": "4455-066",
      "city": "LAVRA",
      "lon": "-8.70216852929941",
      "lat": "41.24687310347996"
    },
    {
      "id": "pt.ine.add.PTCONT.3959020",
      "street": "R AVILHOSO",
      "house": "73",
      "postcode": "4455-066",
      "city": "LAVRA",
      "lon": "-8.70216852929941",
      "lat": "41.24687310347996"
    },
    {
      "id": "pt.ine.add.PTCONT.3961906",
      "street": "R LUCIO DE AZEVEDO",
      "house": "241",
      "postcode": "4455-012",
      "city": "LAVRA",
      "lon": "-8.70108511296791",
      "lat": "41.244375287659636"
    },
    {
      "id": "pt.ine.add.PTCONT.3964739",
      "street": "R LUCIO DE AZEVEDO",
      "house": "241",
      "postcode": "4455-012",
      "city": "LAVRA",
      "lon": "-8.70108511296791",
      "lat": "41.244375287659636"
    },
    {
      "id": "pt.ine.add.PTCONT.3967468",
      "street": "TV AVILHOSO",
      "house": "77 A",
      "postcode": "4455-068",
      "city": "LAVRA",
      "lon": "-8.702163373428633",
      "lat": "41.246278852408466"
    },
    {
      "id": "pt.ine.add.PTCONT.3977368",
      "street": "R CAVADAS",
      "house": "115",
      "postcode": "4455-093",
      "city": "LAVRA",
      "lon": "-8.703813040030038",
      "lat": "41.24499660788427"
    },
    {
      "id": "pt.ine.add.PTCONT.3977369",
      "street": "R CAVADAS",
      "house": "",
      "postcode": "4455-093",
      "city": "LAVRA",
      "lon": "-8.704352270705524",
      "lat": "41.24546407154293"
    },
    {
      "id": "pt.ine.add.PTCONT.3980118",
      "street": "R CAVADAS",
      "house": "195",
      "postcode": "4455-093",
      "city": "LAVRA",
      "lon": "-8.703320504770643",
      "lat": "41.24440433379502"
    },
    {
      "id": "pt.ine.add.PTCONT.3986960",
      "street": "TV AVILHOSO",
      "house": "77 B",
      "postcode": "4455-068",
      "city": "LAVRA",
      "lon": "-8.702056319787042",
      "lat": "41.24631539821202"
    },
    {
      "id": "pt.ine.add.PTCONT.3990458",
      "street": "R DR JOSÉ DOMINGUES DOS SANTOS",
      "house": "825",
      "postcode": "4455-008",
      "city": "LAVRA",
      "lon": "-8.701054781678524",
      "lat": "41.24638337215788"
    },
    {
      "id": "pt.ine.add.PTCONT.3990491",
      "street": "R DR JOSÉ DOMINGUES DOS SANTOS",
      "house": "825",
      "postcode": "4455-008",
      "city": "LAVRA",
      "lon": "-8.701054781678524",
      "lat": "41.24638337215788"
    },
    {
      "id": "pt.ine.add.PTCONT.3993067",
      "street": "R CAVADAS",
      "house": "105",
      "postcode": "4455-093",
      "city": "LAVRA",
      "lon": "-8.703688862655055",
      "lat": "41.24520166980073"
    },
    {
      "id": "pt.ine.add.PTCONT.4005784",
      "street": "R AVILHOSO",
      "house": "161",
      "postcode": "4455-066",
      "city": "LAVRA",
      "lon": "-8.703168351955147",
      "lat": "41.24660703615943"
    },
    {
      "id": "pt.ine.add.PTCONT.4012585",
      "street": "R DR JOSE DOMINGUES DOS SANTOS",
      "house": "747",
      "postcode": "4455-008",
      "city": "LAVRA",
      "lon": "-8.700653392295282",
      "lat": "41.245493936419955"
    },
    {
      "id": "pt.ine.add.PTCONT.4012587",
      "street": "BC CAVADAS",
      "house": "37",
      "postcode": "4455-092",
      "city": "LAVRA",
      "lon": "-8.70286608542466",
      "lat": "41.24477167724093"
    },
    {
      "id": "pt.ine.add.PTCONT.4018621",
      "street": "R DR JOSE DOMINGUES DOS SANTOS",
      "house": "529",
      "postcode": "4455-008",
      "city": "LAVRA",
      "lon": "-8.700155676018369",
      "lat": "41.24356797038807"
    },
    {
      "id": "pt.ine.add.PTCONT.4025876",
      "street": "R DR JOSE DOMINGUES SANTOS",
      "house": "566",
      "postcode": "4455-003",
      "city": "LAVRA",
      "lon": "-8.700678528254919",
      "lat": "41.24356399500774"
    },
    {
      "id": "pt.ine.add.PTCONT.4025877",
      "street": "TV GANDARA",
      "house": "171",
      "postcode": "4455-146",
      "city": "LAVRA",
      "lon": "-8.700678528254919",
      "lat": "41.24356399500774"
    },
    {
      "id": "pt.ine.add.PTCONT.4025878",
      "street": "R LUCIO DE AZEVEDO",
      "house": "98",
      "postcode": "4455-012",
      "city": "LAVRA",
      "lon": "-8.702038903590099",
      "lat": "41.244307549411005"
    },
    {
      "id": "pt.ine.add.PTCONT.4025879",
      "street": "R LUCIO DE AZEVEDO",
      "house": "98",
      "postcode": "4455-012",
      "city": "LAVRA",
      "lon": "-8.702038903590099",
      "lat": "41.244307549411005"
    },
    {
      "id": "pt.ine.add.PTCONT.4045159",
      "street": "TV GÂNDARA",
      "house": "191",
      "postcode": "4455-146",
      "city": "LAVRA",
      "lon": "-8.70037578681603",
      "lat": "41.24374252830945"
    },
    {
      "id": "pt.ine.add.PTCONT.4071765",
      "street": "R LUCIO DE AZEVEDO",
      "house": "104",
      "postcode": "4455-012",
      "city": "LAVRA",
      "lon": "-8.701932633894582",
      "lat": "41.244434133170124"
    },
    {
      "id": "pt.ine.add.PTCONT.4091369",
      "street": "R AVILHOSO",
      "house": "25",
      "postcode": "4455-066",
      "city": "LAVRA",
      "lon": "-8.701561910961615",
      "lat": "41.24708319636706"
    },
    {
      "id": "pt.ine.add.PTCONT.4091370",
      "street": "R AVILHOSO",
      "house": "25",
      "postcode": "4455-066",
      "city": "LAVRA",
      "lon": "-8.701561910961615",
      "lat": "41.24708319636706"
    },
    {
      "id": "pt.ine.add.PTCONT.4091371",
      "street": "R AVILHOSO",
      "house": "25",
      "postcode": "4455-066",
      "city": "LAVRA",
      "lon": "-8.701561910961615",
      "lat": "41.24708319636706"
    },
    {
      "id": "pt.ine.add.PTCONT.4091373",
      "street": "R AVILHOSO",
      "house": "25",
      "postcode": "4455-066",
      "city": "LAVRA",
      "lon": "-8.701561910961615",
      "lat": "41.24708319636706"
    },
    {
      "id": "pt.ine.add.PTCONT.4091374",
      "street": "R AVILHOSO",
      "house": "25",
      "postcode": "4455-066",
      "city": "LAVRA",
      "lon": "-8.701561910961615",
      "lat": "41.24708319636706"
    },
    {
      "id": "pt.ine.add.PTCONT.4091375",
      "street": "R LUCIO DE AZEVEDO",
      "house": "241",
      "postcode": "4455-012",
      "city": "LAVRA",
      "lon": "-8.701252433961768",
      "lat": "41.24441047893749"
    },
    {
      "id": "pt.ine.add.PTCONT.4091376",
      "street": "R DR JOSE DOMINGUES DOS SANTOS",
      "house": "721",
      "postcode": "4455-008",
      "city": "LAVRA",
      "lon": "-8.700497219387806",
      "lat": "41.24536864742313"
    },
    {
      "id": "pt.ine.add.PTCONT.4094991",
      "street": "R AVILHOSO",
      "house": "25",
      "postcode": "4455-066",
      "city": "LAVRA",
      "lon": "-8.701561910961615",
      "lat": "41.24708319636706"
    },
    {
      "id": "pt.ine.add.PTCONT.4113308",
      "street": "R AVILHOSO",
      "house": "113",
      "postcode": "4455-066",
      "city": "LAVRA",
      "lon": "-8.702489692392847",
      "lat": "41.24676346545343"
    },
    {
      "id": "pt.ine.add.PTCONT.4117491",
      "street": "R AVILHOSO",
      "house": "181",
      "postcode": "4455-066",
      "city": "LAVRA",
      "lon": "-8.703370529198327",
      "lat": "41.24653400147633"
    },
    {
      "id": "pt.ine.add.PTCONT.4117492",
      "street": "R AVILHOSO",
      "house": "181",
      "postcode": "4455-066",
      "city": "LAVRA",
      "lon": "-8.703370529198327",
      "lat": "41.24653400147633"
    },
    {
      "id": "pt.ine.add.PTCONT.4117493",
      "street": "R AVILHOSO",
      "house": "171",
      "postcode": "4455-066",
      "city": "LAVRA",
      "lon": "-8.703263397557377",
      "lat": "41.24656154459663"
    },
    {
      "id": "pt.ine.add.PTCONT.4123824",
      "street": "R CAVADAS",
      "house": "101",
      "postcode": "4455-093",
      "city": "LAVRA",
      "lon": "-8.703991561587179",
      "lat": "41.2451410613534"
    },
    {
      "id": "pt.ine.add.PTCONT.4130217",
      "street": "TV AVILHOSO",
      "house": "77",
      "postcode": "4455-068",
      "city": "LAVRA",
      "lon": "-8.702270348817361",
      "lat": "41.24623330270141"
    },
    {
      "id": "pt.ine.add.PTCONT.4140631",
      "street": "R CAVADAS",
      "house": "115",
      "postcode": "4455-093",
      "city": "LAVRA",
      "lon": "-8.703893962677919",
      "lat": "41.24499169115258"
    },
    {
      "id": "pt.ine.add.PTCONT.4160550",
      "street": "R CAVADAS",
      "house": "105",
      "postcode": "4455-093",
      "city": "LAVRA",
      "lon": "-8.70380419689446",
      "lat": "41.2451413139682"
    },
    {
      "id": "pt.ine.add.PTCONT.4171749",
      "street": "BC CAVADAS",
      "house": "62",
      "postcode": "4455-092",
      "city": "LAVRA",
      "lon": "-8.70266178926714",
      "lat": "41.24423233914701"
    },
    {
      "id": "pt.ine.add.PTCONT.4210461",
      "street": "R AVILHOSO",
      "house": "93",
      "postcode": "4455-066",
      "city": "LAVRA",
      "lon": "-8.702382638148574",
      "lat": "41.24680001156128"
    },
    {
      "id": "pt.ine.add.PTCONT.4228418",
      "street": "R LUCIO DE AZEVEDO",
      "house": "54",
      "postcode": "4455-012",
      "city": "LAVRA",
      "lon": "-8.702274675051514",
      "lat": "41.243982233200086"
    },
    {
      "id": "pt.ine.add.PTCONT.4234998",
      "street": "BC CAVADAS",
      "house": "13",
      "postcode": "4455-092",
      "city": "LAVRA",
      "lon": "-8.703233388933619",
      "lat": "41.2444817249267"
    },
    {
      "id": "pt.ine.add.PTCONT.4241859",
      "street": "R DR JOSE DOMINGUES DOS SANTOS",
      "house": "703",
      "postcode": "4455-008",
      "city": "LAVRA",
      "lon": "-8.70051066769192",
      "lat": "41.245138722123"
    },
    {
      "id": "pt.ine.add.PTCONT.4241862",
      "street": "R AVILHOSO",
      "house": "155",
      "postcode": "4455-066",
      "city": "LAVRA",
      "lon": "-8.70309716547569",
      "lat": "41.24665240953354"
    },
    {
      "id": "pt.ine.add.PTCONT.4258487",
      "street": "R DR JOSÉ DOMINGUES DOS SANTOS",
      "house": "859",
      "postcode": "4455-008",
      "city": "LAVRA",
      "lon": "-8.701188346629676",
      "lat": "41.24665283896368"
    },
    {
      "id": "pt.ine.add.PTCONT.4275084",
      "street": "R DR JOSE DOMINGUES DOS SANTOS",
      "house": "593",
      "postcode": "4455-008",
      "city": "LAVRA",
      "lon": "-8.700387000426742",
      "lat": "41.24410708261957"
    },
    {
      "id": "pt.ine.add.PTCONT.4275085",
      "street": "R CAVADAS",
      "house": "85",
      "postcode": "4455-093",
      "city": "LAVRA",
      "lon": "-8.704051826972137",
      "lat": "41.24521183532148"
    },
    {
      "id": "pt.ine.add.PTCONT.4283051",
      "street": "R DR JOSE DOMINGUES DOS SANTOS",
      "house": "617",
      "postcode": "4455-008",
      "city": "LAVRA",
      "lon": "-8.70038368541332",
      "lat": "41.24440423735989"
    },
    {
      "id": "pt.ine.add.PTCONT.4326052",
      "street": "R AVILHOSO",
      "house": "207",
      "postcode": "4455-066",
      "city": "LAVRA",
      "lon": "-8.703703774835006",
      "lat": "41.24644230859955"
    },
    {
      "id": "pt.ine.add.PTCONT.4326089",
      "street": "R AVILHOSO",
      "house": "207",
      "postcode": "4455-066",
      "city": "LAVRA",
      "lon": "-8.703703774835006",
      "lat": "41.24644230859955"
    },
    {
      "id": "pt.ine.add.PTCONT.4331574",
      "street": "R DR JOSE DOMINGUES DOS SANTOS",
      "house": "857",
      "postcode": "4455-008",
      "city": "LAVRA",
      "lon": "-8.701151933893097",
      "lat": "41.24658098508954"
    },
    {
      "id": "pt.ine.add.PTCONT.4340725",
      "street": "R DR JOSE DOMINGUES DOS SANTOS",
      "house": "495",
      "postcode": "4455-008",
      "city": "LAVRA",
      "lon": "-8.70010601402551",
      "lat": "41.24334311006562"
    },
    {
      "id": "pt.ine.add.PTCONT.4360467",
      "street": "R LUCIO DE AZEVEDO",
      "house": "270",
      "postcode": "4455-012",
      "city": "LAVRA",
      "lon": "-8.700585612465405",
      "lat": "41.24534612722271"
    },
    {
      "id": "pt.ine.add.PTCONT.4375927",
      "street": "R AVILHOSO",
      "house": "65",
      "postcode": "4455-066",
      "city": "LAVRA",
      "lon": "-8.70194241219649",
      "lat": "41.246937250136654"
    },
    {
      "id": "pt.ine.add.PTCONT.4379324",
      "street": "R DR JOSE DOMINGUES DOS SANTOS",
      "house": "643",
      "postcode": "4455-008",
      "city": "LAVRA",
      "lon": "-8.700331942011074",
      "lat": "41.244656488146155"
    },
    {
      "id": "pt.ine.add.PTCONT.4390123",
      "street": "R LUCIO DE AZEVEDO",
      "house": "250",
      "postcode": "4455-012",
      "city": "LAVRA",
      "lon": "-8.700711096328755",
      "lat": "41.24530632785522"
    }
  ]
}