{
  "data": {
    "ilha": "Ilha da Madeira (Madeira)",
    "concelho": "Funchal",
    "freguesia": "Funchal (São Pedro)",
    "OBJECTID": 747,
    "BGRI2021": "31030800706",
    "DT21": "31",
    "DTMN21": "3103",
    "DTMNFR21": "310308",
    "DTMNFRSEC21": "310308007",
    "SECNUM21": "007",
    "SSNUM21": "06",
    "SECSSNUM21": "00706",
    "OBJECTID_1": 204339,
    "DT": "31",
    "CC": "03",
    "fr": "08",
    "SEC": "007",
    "SS": "06",
    "BGRI2021_1": "31030800706"
  },
  "addresses": [
    {
      "id": "pt.ine.add.MAD.15728",
      "street": "TV CRUZ DO CARVALHO",
      "house": "12",
      "postcode": "9000-183",
      "city": "FUNCHAL",
      "lon": "-16.924003065732173",
      "lat": "32.650451157204905"
    },
    {
      "id": "pt.ine.add.MAD.15729",
      "street": "TV CRUZ DO CARVALHO",
      "house": "18",
      "postcode": "9000-183",
      "city": "FUNCHAL",
      "lon": "-16.923747105924278",
      "lat": "32.65044606277002"
    },
    {
      "id": "pt.ine.add.MAD.15730",
      "street": "CAM STO ANTONIO",
      "house": "33 AA 2",
      "postcode": "9000-187",
      "city": "FUNCHAL",
      "lon": "-16.923279937894442",
      "lat": "32.650534392603575"
    },
    {
      "id": "pt.ine.add.MAD.15731",
      "street": "TV CRUZ DO CARVALHO",
      "house": "1",
      "postcode": "9000-183",
      "city": "FUNCHAL",
      "lon": "-16.922990888331288",
      "lat": "32.64997966041525"
    },
    {
      "id": "pt.ine.add.MAD.15732",
      "street": "TV CRUZ DO CARVALHO",
      "house": "10 B",
      "postcode": "9000-183",
      "city": "FUNCHAL",
      "lon": "-16.922794431752976",
      "lat": "32.64976622099788"
    },
    {
      "id": "pt.ine.add.MAD.15733",
      "street": "TV CRUZ DO CARVALHO",
      "house": "10 BB",
      "postcode": "9000-183",
      "city": "FUNCHAL",
      "lon": "-16.92356249859916",
      "lat": "32.649790524573326"
    },
    {
      "id": "pt.ine.add.MAD.16339",
      "street": "TV CRUZ DO CARVALHO",
      "house": "10 D",
      "postcode": "9000-183",
      "city": "FUNCHAL",
      "lon": "-16.923671191453646",
      "lat": "32.64988806453688"
    },
    {
      "id": "pt.ine.add.MAD.16340",
      "street": "TV CRUZ DO CARVALHO",
      "house": "10 E",
      "postcode": "9000-183",
      "city": "FUNCHAL",
      "lon": "-16.923770000125145",
      "lat": "32.65002183090205"
    },
    {
      "id": "pt.ine.add.MAD.16341",
      "street": "TV CRUZ DO CARVALHO",
      "house": "106",
      "postcode": "9000-183",
      "city": "FUNCHAL",
      "lon": "-16.92383567961484",
      "lat": "32.65010199264663"
    },
    {
      "id": "pt.ine.add.MAD.27648",
      "street": "R MARAVILHAS",
      "house": "110",
      "postcode": "9000-177",
      "city": "FUNCHAL",
      "lon": "-16.922592807431815",
      "lat": "32.648813323240134"
    },
    {
      "id": "pt.ine.add.MAD.27649",
      "street": "R MARAVILHAS",
      "house": "110",
      "postcode": "9000-177",
      "city": "FUNCHAL",
      "lon": "-16.922592807431815",
      "lat": "32.648813323240134"
    },
    {
      "id": "pt.ine.add.MAD.27650",
      "street": "R MARAVILHAS",
      "house": "110",
      "postcode": "9000-177",
      "city": "FUNCHAL",
      "lon": "-16.922592807431815",
      "lat": "32.648813323240134"
    },
    {
      "id": "pt.ine.add.MAD.27651",
      "street": "R MARAVILHAS",
      "house": "110 C",
      "postcode": "9000-177",
      "city": "FUNCHAL",
      "lon": "-16.922734047364337",
      "lat": "32.6489374216557"
    },
    {
      "id": "pt.ine.add.MAD.27652",
      "street": "R MARAVILHAS",
      "house": "118",
      "postcode": "9000-177",
      "city": "FUNCHAL",
      "lon": "-16.923015563223505",
      "lat": "32.649140539023804"
    },
    {
      "id": "pt.ine.add.MAD.27653",
      "street": "R MARAVILHAS",
      "house": "122",
      "postcode": "9000-177",
      "city": "FUNCHAL",
      "lon": "-16.92336916812735",
      "lat": "32.64922530713137"
    },
    {
      "id": "pt.ine.add.MAD.53919",
      "street": "TV CRUZ DO CARVALHO",
      "house": "6A",
      "postcode": "9000-178",
      "city": "FUNCHAL",
      "lon": "-16.923652424202633",
      "lat": "32.6495095650264"
    },
    {
      "id": "pt.ine.add.MAD.53920",
      "street": "TV CRUZ DO CARVALHO",
      "house": "8",
      "postcode": "9000-178",
      "city": "FUNCHAL",
      "lon": "-16.923632462235787",
      "lat": "32.64957300223973"
    },
    {
      "id": "pt.ine.add.MAD.53921",
      "street": "TV CRUZ DO CARVALHO",
      "house": "10",
      "postcode": "9000-178",
      "city": "FUNCHAL",
      "lon": "-16.923601650294614",
      "lat": "32.649627587030174"
    },
    {
      "id": "pt.ine.add.MAD.53922",
      "street": "R MARAVILHAS",
      "house": "100",
      "postcode": "9000-177",
      "city": "FUNCHAL",
      "lon": "-16.922108815533466",
      "lat": "32.64861330639764"
    },
    {
      "id": "pt.ine.add.MAD.53923",
      "street": "R MARAVILHAS",
      "house": "102",
      "postcode": "9000-177",
      "city": "FUNCHAL",
      "lon": "-16.922205305025475",
      "lat": "32.648638884655206"
    },
    {
      "id": "pt.ine.add.MAD.53924",
      "street": "R MARAVILHAS",
      "house": "134",
      "postcode": "9000-177",
      "city": "FUNCHAL",
      "lon": "-16.923617171026002",
      "lat": "32.64935678680306"
    },
    {
      "id": "pt.ine.add.MAD.53925",
      "street": "R MARAVILHAS",
      "house": "108",
      "postcode": "9000-177",
      "city": "FUNCHAL",
      "lon": "-16.92242017657264",
      "lat": "32.64871676179935"
    },
    {
      "id": "pt.ine.add.MAD.53926",
      "street": "R MARAVILHAS",
      "house": "110",
      "postcode": "9000-177",
      "city": "FUNCHAL",
      "lon": "-16.922592807431815",
      "lat": "32.648813323240134"
    },
    {
      "id": "pt.ine.add.MAD.53927",
      "street": "R MARAVILHAS",
      "house": "110",
      "postcode": "9000-177",
      "city": "FUNCHAL",
      "lon": "-16.922592807431815",
      "lat": "32.648813323240134"
    },
    {
      "id": "pt.ine.add.MAD.53928",
      "street": "R MARAVILHAS",
      "house": "110",
      "postcode": "9000-177",
      "city": "FUNCHAL",
      "lon": "-16.922592807431815",
      "lat": "32.648813323240134"
    },
    {
      "id": "pt.ine.add.MAD.53929",
      "street": "R MARAVILHAS",
      "house": "110",
      "postcode": "9000-177",
      "city": "FUNCHAL",
      "lon": "-16.922592807431815",
      "lat": "32.648813323240134"
    },
    {
      "id": "pt.ine.add.MAD.53930",
      "street": "R MARAVILHAS",
      "house": "110",
      "postcode": "9000-177",
      "city": "FUNCHAL",
      "lon": "-16.922592807431815",
      "lat": "32.648813323240134"
    },
    {
      "id": "pt.ine.add.MAD.54328",
      "street": "CAM STO ANTONIO",
      "house": "33",
      "postcode": "9000-187",
      "city": "FUNCHAL",
      "lon": "-16.92318170851394",
      "lat": "32.65042767320948"
    },
    {
      "id": "pt.ine.add.MAD.54329",
      "street": "TV CRUZ DO CARVALHO",
      "house": "2",
      "postcode": "9000-183",
      "city": "FUNCHAL",
      "lon": "-16.923067803160883",
      "lat": "32.65008670663318"
    },
    {
      "id": "pt.ine.add.MAD.58082",
      "street": "R MARAVILHAS",
      "house": "110",
      "postcode": "9000-177",
      "city": "FUNCHAL",
      "lon": "-16.92247809181325",
      "lat": "32.64893232446567"
    },
    {
      "id": "pt.ine.add.MAD.58083",
      "street": "R MARAVILHAS",
      "house": "110",
      "postcode": "9000-177",
      "city": "FUNCHAL",
      "lon": "-16.92247809181325",
      "lat": "32.64893232446567"
    },
    {
      "id": "pt.ine.add.MAD.58084",
      "street": "R MARAVILHAS",
      "house": "110",
      "postcode": "9000-177",
      "city": "FUNCHAL",
      "lon": "-16.92247809181325",
      "lat": "32.64893232446567"
    },
    {
      "id": "pt.ine.add.MAD.58085",
      "street": "R MARAVILHAS",
      "house": "110",
      "postcode": "9000-177",
      "city": "FUNCHAL",
      "lon": "-16.92247809181325",
      "lat": "32.64893232446567"
    },
    {
      "id": "pt.ine.add.MAD.64406",
      "street": "TV CRUZ DO CARVALHO",
      "house": "20135",
      "postcode": "9000-183",
      "city": "FUNCHAL",
      "lon": "-16.923535704879693",
      "lat": "32.65053047220101"
    },
    {
      "id": "pt.ine.add.MAD.72961",
      "street": "CAM STO ANTONIO",
      "house": "11 C",
      "postcode": "9000-187",
      "city": "FUNCHAL",
      "lon": "-16.92182397725814",
      "lat": "32.64875295022483"
    },
    {
      "id": "pt.ine.add.MAD.72962",
      "street": "R MARAVILHAS",
      "house": "124",
      "postcode": "9000-177",
      "city": "FUNCHAL",
      "lon": "-16.923402296986943",
      "lat": "32.64927891181322"
    },
    {
      "id": "pt.ine.add.MAD.72963",
      "street": "R MARAVILHAS",
      "house": "124",
      "postcode": "9000-177",
      "city": "FUNCHAL",
      "lon": "-16.923402296986943",
      "lat": "32.64927891181322"
    },
    {
      "id": "pt.ine.add.MAD.76021",
      "street": "R MARAVILHAS",
      "house": "120",
      "postcode": "9000-177",
      "city": "FUNCHAL",
      "lon": "-16.923111667421036",
      "lat": "32.649148084977895"
    },
    {
      "id": "pt.ine.add.MAD.81743",
      "street": "TV CRUZ DO CARVALHO",
      "house": "10 H",
      "postcode": "9000-183",
      "city": "FUNCHAL",
      "lon": "-16.923912788670705",
      "lat": "32.65021805408365"
    },
    {
      "id": "pt.ine.add.MAD.83333",
      "street": "R MARAVILHAS",
      "house": "96 AA",
      "postcode": "9000-177",
      "city": "FUNCHAL",
      "lon": "-16.922020667651655",
      "lat": "32.64847937532194"
    },
    {
      "id": "pt.ine.add.MAD.88554",
      "street": "TV CRUZ DO CARVALHO",
      "house": "16",
      "postcode": "9000-183",
      "city": "FUNCHAL",
      "lon": "-16.923819773282027",
      "lat": "32.65035476128848"
    },
    {
      "id": "pt.ine.add.MAD.99905",
      "street": "TV CRUZ DO CARVALHO",
      "house": "6",
      "postcode": "9000-178",
      "city": "FUNCHAL",
      "lon": "-16.923693892903678",
      "lat": "32.64945481685603"
    },
    {
      "id": "pt.ine.add.MAD.102317",
      "street": "R MARAVILHAS",
      "house": "110",
      "postcode": "9000-177",
      "city": "FUNCHAL",
      "lon": "-16.922592807431815",
      "lat": "32.648813323240134"
    },
    {
      "id": "pt.ine.add.MAD.103745",
      "street": "TV CRUZ DO CARVALHO",
      "house": "4",
      "postcode": "9000-178",
      "city": "FUNCHAL",
      "lon": "-16.923703197984196",
      "lat": "32.64939154300498"
    },
    {
      "id": "pt.ine.add.MAD.105015",
      "street": "R MARAVILHAS",
      "house": "120",
      "postcode": "9000-177",
      "city": "FUNCHAL",
      "lon": "-16.923111667421036",
      "lat": "32.649148084977895"
    },
    {
      "id": "pt.ine.add.MAD.105764",
      "street": "R MARAVILHAS",
      "house": "124",
      "postcode": "9000-177",
      "city": "FUNCHAL",
      "lon": "-16.923402296986943",
      "lat": "32.64927891181322"
    },
    {
      "id": "pt.ine.add.MAD.106530",
      "street": "R MARAVILHAS",
      "house": "110",
      "postcode": "9000-177",
      "city": "FUNCHAL",
      "lon": "-16.92247809181325",
      "lat": "32.64893232446567"
    },
    {
      "id": "pt.ine.add.MAD.115596",
      "street": "CAM SANTO ANTÓNIO",
      "house": "33",
      "postcode": "9000-187",
      "city": "FUNCHAL",
      "lon": "-16.92325534179331",
      "lat": "32.650381450954406"
    },
    {
      "id": "pt.ine.add.MAD.115597",
      "street": "CAM SANTO ANTÓNIO",
      "house": "21",
      "postcode": "9000-187",
      "city": "FUNCHAL",
      "lon": "-16.923116029336782",
      "lat": "32.65034751111343"
    },
    {
      "id": "pt.ine.add.MAD.115598",
      "street": "CAM SANTO ANTÓNIO",
      "house": "21 A",
      "postcode": "9000-187",
      "city": "FUNCHAL",
      "lon": "-16.923420639544634",
      "lat": "32.650135411306145"
    },
    {
      "id": "pt.ine.add.MAD.115965",
      "street": "CAM SANTO ANTÓNIO",
      "house": "19",
      "postcode": "9000-187",
      "city": "FUNCHAL",
      "lon": "-16.922568128513653",
      "lat": "32.64965244473437"
    },
    {
      "id": "pt.ine.add.MAD.115966",
      "street": "CAM SANTO ANTÓNIO",
      "house": "17 A",
      "postcode": "9000-187",
      "city": "FUNCHAL",
      "lon": "-16.922340475039427",
      "lat": "32.64947555750844"
    },
    {
      "id": "pt.ine.add.MAD.115967",
      "street": "CAM SANTO ANTÓNIO",
      "house": "",
      "postcode": "9000-187",
      "city": "FUNCHAL",
      "lon": "-16.921732550298163",
      "lat": "32.64846575043111"
    },
    {
      "id": "pt.ine.add.MAD.116003",
      "street": "CAM SANTO ANTÓNIO",
      "house": "",
      "postcode": "9000-187",
      "city": "FUNCHAL",
      "lon": "-16.92215684497979",
      "lat": "32.64886509564643"
    },
    {
      "id": "pt.ine.add.MAD.116054",
      "street": "CAM SANTO ANTÓNIO",
      "house": "11D",
      "postcode": "9000-187",
      "city": "FUNCHAL",
      "lon": "-16.92198382859706",
      "lat": "32.648750502006436"
    },
    {
      "id": "pt.ine.add.MAD.116055",
      "street": "CAM SANTO ANTÓNIO",
      "house": "7",
      "postcode": "9000-187",
      "city": "FUNCHAL",
      "lon": "-16.921622318145545",
      "lat": "32.648296082258646"
    },
    {
      "id": "pt.ine.add.MAD.116116",
      "street": "CAM SANTO ANTÓNIO",
      "house": "33 A",
      "postcode": "9000-187",
      "city": "FUNCHAL",
      "lon": "-16.923387086727548",
      "lat": "32.65055980651498"
    },
    {
      "id": "pt.ine.add.MAD.116117",
      "street": "CAM SANTO ANTÓNIO",
      "house": "21 4",
      "postcode": "9000-187",
      "city": "FUNCHAL",
      "lon": "-16.923050350278864",
      "lat": "32.65026734897761"
    },
    {
      "id": "pt.ine.add.MAD.116118",
      "street": "CAM SANTO ANTÓNIO",
      "house": "15 15 A",
      "postcode": "9000-187",
      "city": "FUNCHAL",
      "lon": "-16.92219209545589",
      "lat": "32.649017874391795"
    },
    {
      "id": "pt.ine.add.MAD.116257",
      "street": "CAM SANTO ANTÓNIO",
      "house": "23 B",
      "postcode": "9000-187",
      "city": "FUNCHAL",
      "lon": "-16.92342392197909",
      "lat": "32.65028867962314"
    },
    {
      "id": "pt.ine.add.MAD.116314",
      "street": "CAM SANTO ANTÓNIO",
      "house": "25",
      "postcode": "9000-187",
      "city": "FUNCHAL",
      "lon": "-16.92331851113588",
      "lat": "32.65034440778442"
    },
    {
      "id": "pt.ine.add.MAD.116395",
      "street": "CAM SANTO ANTÓNIO",
      "house": "21 9",
      "postcode": "9000-187",
      "city": "FUNCHAL",
      "lon": "-16.92332530656872",
      "lat": "32.650163928766354"
    },
    {
      "id": "pt.ine.add.MAD.116426",
      "street": "CAM SANTO ANTÓNIO",
      "house": "11 A",
      "postcode": "9000-187",
      "city": "FUNCHAL",
      "lon": "-16.92189529491311",
      "lat": "32.648598539256234"
    },
    {
      "id": "pt.ine.add.MAD.116479",
      "street": "CAM SANTO ANTÓNIO",
      "house": "21 F",
      "postcode": "9000-187",
      "city": "FUNCHAL",
      "lon": "-16.923166997310062",
      "lat": "32.65023850506453"
    },
    {
      "id": "pt.ine.add.MAD.116491",
      "street": "CAM SANTO ANTÓNIO",
      "house": "19 B",
      "postcode": "9000-187",
      "city": "FUNCHAL",
      "lon": "-16.92333441888308",
      "lat": "32.650091639152954"
    },
    {
      "id": "pt.ine.add.MAD.116502",
      "street": "CAM SANTO ANTÓNIO",
      "house": "17",
      "postcode": "9000-187",
      "city": "FUNCHAL",
      "lon": "-16.922324222126818",
      "lat": "32.649214262841056"
    },
    {
      "id": "pt.ine.add.MAD.120587",
      "street": "R MARAVILHAS",
      "house": "114",
      "postcode": "9000-177",
      "city": "FUNCHAL",
      "lon": "-16.92281192601096",
      "lat": "32.649089547034045"
    },
    {
      "id": "pt.ine.add.MAD.128556",
      "street": "R MARAVILHAS",
      "house": "110",
      "postcode": "9000-177",
      "city": "FUNCHAL",
      "lon": "-16.92247809181325",
      "lat": "32.64893232446567"
    },
    {
      "id": "pt.ine.add.MAD.128771",
      "street": "TV CRUZ DO CARVALHO",
      "house": "10 A",
      "postcode": "9000-183",
      "city": "FUNCHAL",
      "lon": "-16.922882196068986",
      "lat": "32.64988211983996"
    }
  ]
}