{
  "data": {
    "ilha": "Ilha de Porto Santo (Madeira)",
    "concelho": "Porto Santo",
    "freguesia": "Porto Santo",
    "OBJECTID": 26,
    "BGRI2021": "32010100705",
    "DT21": "32",
    "DTMN21": "3201",
    "DTMNFR21": "320101",
    "DTMNFRSEC21": "320101007",
    "SECNUM21": "007",
    "SSNUM21": "05",
    "SECSSNUM21": "00705",
    "OBJECTID_1": 205672,
    "DT": "32",
    "CC": "01",
    "fr": "01",
    "SEC": "007",
    "SS": "05",
    "BGRI2021_1": "32010100705"
  },
  "addresses": [
    {
      "id": "pt.ine.add.MAD.41856",
      "street": "ESTR CABECO CARVALHO",
      "house": "5A",
      "postcode": "9400-230",
      "city": "PORTO SANTO",
      "lon": "-16.363741251940752",
      "lat": "33.05488418641299"
    },
    {
      "id": "pt.ine.add.MAD.41857",
      "street": "ESTR CABECO CARVALHO",
      "house": "3",
      "postcode": "9400-230",
      "city": "PORTO SANTO",
      "lon": "-16.363741251940752",
      "lat": "33.05488418641299"
    },
    {
      "id": "pt.ine.add.MAD.41858",
      "street": "ESTR CABECO DO CARVALHO",
      "house": "5C",
      "postcode": "9400-230",
      "city": "PORTO SANTO",
      "lon": "-16.363741251940752",
      "lat": "33.05488418641299"
    },
    {
      "id": "pt.ine.add.MAD.41859",
      "street": "BR CAMARARIO",
      "house": "42",
      "postcode": "9400-055",
      "city": "PORTO SANTO",
      "lon": "-16.364963279792715",
      "lat": "33.05634095596452"
    },
    {
      "id": "pt.ine.add.MAD.41860",
      "street": "BR CAMARARIO",
      "house": "43",
      "postcode": "9400-055",
      "city": "PORTO SANTO",
      "lon": "-16.36476996857281",
      "lat": "33.05630699457831"
    },
    {
      "id": "pt.ine.add.MAD.41861",
      "street": "URB LAPEIRA DENTRO",
      "house": "44",
      "postcode": "9400-055",
      "city": "PORTO SANTO",
      "lon": "-16.364523671130204",
      "lat": "33.05630968965381"
    },
    {
      "id": "pt.ine.add.MAD.41862",
      "street": "SIT LAPEIRA",
      "house": "39",
      "postcode": "9400-055",
      "city": "PORTO SANTO",
      "lon": "-16.364862727407317",
      "lat": "33.05607147889006"
    },
    {
      "id": "pt.ine.add.MAD.41863",
      "street": "SIT LAPEIRA",
      "house": "38",
      "postcode": "9400-055",
      "city": "PORTO SANTO",
      "lon": "-16.364903056514393",
      "lat": "33.05590869097327"
    },
    {
      "id": "pt.ine.add.MAD.41864",
      "street": "BR CAMARÁRIO",
      "house": "35",
      "postcode": "9400-055",
      "city": "PORTO SANTO",
      "lon": "-16.36472059395054",
      "lat": "33.05588363001484"
    },
    {
      "id": "pt.ine.add.MAD.41865",
      "street": "SIT LAPEIRA",
      "house": "36",
      "postcode": "9400-055",
      "city": "PORTO SANTO",
      "lon": "-16.36454884001106",
      "lat": "33.055858451619706"
    },
    {
      "id": "pt.ine.add.MAD.41866",
      "street": "BR CAMARARIO",
      "house": "31",
      "postcode": "9400-055",
      "city": "PORTO SANTO",
      "lon": "-16.364577208866017",
      "lat": "33.055614621376336"
    },
    {
      "id": "pt.ine.add.MAD.41867",
      "street": "SIT LAPEIRA",
      "house": "25",
      "postcode": "9400-055",
      "city": "PORTO SANTO",
      "lon": "-16.364735331610696",
      "lat": "33.055450544584396"
    },
    {
      "id": "pt.ine.add.MAD.41868",
      "street": "BR CAMARARIO",
      "house": "26",
      "postcode": "9400-055",
      "city": "PORTO SANTO",
      "lon": "-16.36457484353686",
      "lat": "33.05546131994417"
    },
    {
      "id": "pt.ine.add.MAD.41869",
      "street": "BR CAMARARIO",
      "house": "18",
      "postcode": "9400-055",
      "city": "PORTO SANTO",
      "lon": "-16.3642316156676",
      "lat": "33.05542899793064"
    },
    {
      "id": "pt.ine.add.MAD.41870",
      "street": "BR CAMARARIO",
      "house": "19",
      "postcode": "9400-055",
      "city": "PORTO SANTO",
      "lon": "-16.364763978168998",
      "lat": "33.055224749761926"
    },
    {
      "id": "pt.ine.add.MAD.45867",
      "street": "BC RIBEIRO COCHINO",
      "house": "",
      "postcode": "9400-230",
      "city": "PORTO SANTO",
      "lon": "-16.35894908563284",
      "lat": "33.05876066243616"
    },
    {
      "id": "pt.ine.add.MAD.45868",
      "street": "BC RIBEIRO COCHINO",
      "house": "46B",
      "postcode": "9400-230",
      "city": "PORTO SANTO",
      "lon": "-16.359398859662452",
      "lat": "33.05875576040732"
    },
    {
      "id": "pt.ine.add.MAD.45869",
      "street": "BC RIBEIRO COCHINO",
      "house": "",
      "postcode": "9400-230",
      "city": "PORTO SANTO",
      "lon": "-16.35923392921696",
      "lat": "33.05847796116436"
    },
    {
      "id": "pt.ine.add.MAD.45870",
      "street": "ESTR CABECO DO CARVALHO",
      "house": "",
      "postcode": "9400-230",
      "city": "PORTO SANTO",
      "lon": "-16.35972639857183",
      "lat": "33.05846357336136"
    },
    {
      "id": "pt.ine.add.MAD.45871",
      "street": "ESTR DR FRANCISCO RODRIGUES JARDIM",
      "house": "",
      "postcode": "9400-132",
      "city": "PORTO SANTO",
      "lon": "-16.359134223035852",
      "lat": "33.05826258565737"
    },
    {
      "id": "pt.ine.add.MAD.45872",
      "street": "ESTR CABECO DO CARVALHO",
      "house": "",
      "postcode": "9400-230",
      "city": "PORTO SANTO",
      "lon": "-16.359539634109943",
      "lat": "33.05815895480338"
    },
    {
      "id": "pt.ine.add.MAD.45873",
      "street": "ESTR DR FRANCISCO RODRIGUES JARDIM",
      "house": "",
      "postcode": "9400-132",
      "city": "PORTO SANTO",
      "lon": "-16.35928179047501",
      "lat": "33.05810764992221"
    },
    {
      "id": "pt.ine.add.MAD.45874",
      "street": "ESTR DR FRANCISCO RODRIGUES JARDIM",
      "house": "",
      "postcode": "9400-132",
      "city": "PORTO SANTO",
      "lon": "-16.358368908190094",
      "lat": "33.05794623072088"
    },
    {
      "id": "pt.ine.add.MAD.45875",
      "street": "ESTR CABECO CARVALHO",
      "house": "36",
      "postcode": "9400-230",
      "city": "PORTO SANTO",
      "lon": "-16.359805552236754",
      "lat": "33.05803880521203"
    },
    {
      "id": "pt.ine.add.MAD.45876",
      "street": "ESTR CABECO CARVALHO",
      "house": "",
      "postcode": "9400-230",
      "city": "PORTO SANTO",
      "lon": "-16.359437155070992",
      "lat": "33.057763224595256"
    },
    {
      "id": "pt.ine.add.MAD.45877",
      "street": "ESTR DR FRANCISCO RODRIGUES JARDIM",
      "house": "",
      "postcode": "9400-132",
      "city": "PORTO SANTO",
      "lon": "-16.358812997164794",
      "lat": "33.0575716031523"
    },
    {
      "id": "pt.ine.add.MAD.45878",
      "street": "ESTR DR FRANCISCO RODRIGUES JARDIM",
      "house": "",
      "postcode": "9400-132",
      "city": "PORTO SANTO",
      "lon": "-16.35824003107059",
      "lat": "33.05722609357434"
    },
    {
      "id": "pt.ine.add.MAD.45879",
      "street": "ESTR DR FRANCISCO RODRIGUES JARDIM",
      "house": "",
      "postcode": "9400-132",
      "city": "PORTO SANTO",
      "lon": "-16.358165900955505",
      "lat": "33.057281016479244"
    },
    {
      "id": "pt.ine.add.MAD.45906",
      "street": "R PRIMAVERA",
      "house": "",
      "postcode": "9400-230",
      "city": "PORTO SANTO",
      "lon": "-16.359809882527884",
      "lat": "33.05762387213469"
    },
    {
      "id": "pt.ine.add.MAD.45907",
      "street": "R PRIMAVERA",
      "house": "",
      "postcode": "9400-230",
      "city": "PORTO SANTO",
      "lon": "-16.359658157403494",
      "lat": "33.0575082760604"
    },
    {
      "id": "pt.ine.add.MAD.45908",
      "street": "R PRIMAVERA",
      "house": "",
      "postcode": "9400-230",
      "city": "PORTO SANTO",
      "lon": "-16.359495862564863",
      "lat": "33.0574018142756"
    },
    {
      "id": "pt.ine.add.MAD.45909",
      "street": "R PRIMAVERA",
      "house": "",
      "postcode": "9400-230",
      "city": "PORTO SANTO",
      "lon": "-16.359398790809124",
      "lat": "33.05735777614349"
    },
    {
      "id": "pt.ine.add.MAD.45910",
      "street": "R PRIMAVERA",
      "house": "",
      "postcode": "9400-230",
      "city": "PORTO SANTO",
      "lon": "-16.359301719148117",
      "lat": "33.05731373793303"
    },
    {
      "id": "pt.ine.add.MAD.45911",
      "street": "R PRIMAVERA",
      "house": "",
      "postcode": "9400-230",
      "city": "PORTO SANTO",
      "lon": "-16.359236496553347",
      "lat": "33.057251314003416"
    },
    {
      "id": "pt.ine.add.MAD.45912",
      "street": "ESTR DR FRANCISCO RODRIGUES JARDIM",
      "house": "72",
      "postcode": "9400-132",
      "city": "PORTO SANTO",
      "lon": "-16.35880163543266",
      "lat": "33.05683214760736"
    },
    {
      "id": "pt.ine.add.MAD.45913",
      "street": "ESTR DR FRANCISCO RODRIGUES JARDIM",
      "house": "76",
      "postcode": "9400-132",
      "city": "PORTO SANTO",
      "lon": "-16.35889704354206",
      "lat": "33.05676797322146"
    },
    {
      "id": "pt.ine.add.MAD.45914",
      "street": "ESTR DR FRANCISCO RODRIGUES JARDIM",
      "house": "78",
      "postcode": "9400-132",
      "city": "PORTO SANTO",
      "lon": "-16.35904641053747",
      "lat": "33.056730268540086"
    },
    {
      "id": "pt.ine.add.MAD.45915",
      "street": "ESTR DR FRANCISCO RODRIGUES JARDIM",
      "house": "80",
      "postcode": "9400-132",
      "city": "PORTO SANTO",
      "lon": "-16.359302309527603",
      "lat": "33.0566553255349"
    },
    {
      "id": "pt.ine.add.MAD.45916",
      "street": "ESTR DR FRANCISCO RODRIGUES JARDIM",
      "house": "82",
      "postcode": "9400-132",
      "city": "PORTO SANTO",
      "lon": "-16.359893087854537",
      "lat": "33.05676613528889"
    },
    {
      "id": "pt.ine.add.MAD.45917",
      "street": "ESTR DR FRANCISCO RODRIGUES JARDIM",
      "house": "84",
      "postcode": "9400-132",
      "city": "PORTO SANTO",
      "lon": "-16.359727189286065",
      "lat": "33.0564252123204"
    },
    {
      "id": "pt.ine.add.MAD.45918",
      "street": "ESTR DR FRANCISCO RODRIGUES JARDIM",
      "house": "",
      "postcode": "9400-132",
      "city": "PORTO SANTO",
      "lon": "-16.360068616973713",
      "lat": "33.05634031596017"
    },
    {
      "id": "pt.ine.add.MAD.45919",
      "street": "ESTR DR FRANCISCO RODRIGUES JARDIM",
      "house": "",
      "postcode": "9400-132",
      "city": "PORTO SANTO",
      "lon": "-16.36089359596167",
      "lat": "33.05635837408012"
    },
    {
      "id": "pt.ine.add.MAD.45920",
      "street": "ESTR DR FRANCISCO RODRIGUES JARDIM",
      "house": "96",
      "postcode": "9400-132",
      "city": "PORTO SANTO",
      "lon": "-16.36078123723932",
      "lat": "33.05601686829048"
    },
    {
      "id": "pt.ine.add.MAD.45921",
      "street": "ESTR DR FRANCISCO RODRIGUES JARDIM",
      "house": "",
      "postcode": "9400-132",
      "city": "PORTO SANTO",
      "lon": "-16.36160135392751",
      "lat": "33.05571930080135"
    },
    {
      "id": "pt.ine.add.MAD.45922",
      "street": "ESTR DR FRANCISCO RODRIGUES JARDIM",
      "house": "104",
      "postcode": "9400-132",
      "city": "PORTO SANTO",
      "lon": "-16.361729023158198",
      "lat": "33.05566379131764"
    },
    {
      "id": "pt.ine.add.MAD.45923",
      "street": "ESTR CABECO DO CARVALHO",
      "house": "",
      "postcode": "9400-230",
      "city": "PORTO SANTO",
      "lon": "-16.361120836120044",
      "lat": "33.0565092215505"
    },
    {
      "id": "pt.ine.add.MAD.45924",
      "street": "ESTR CABECO DO CARVALHO",
      "house": "",
      "postcode": "9400-230",
      "city": "PORTO SANTO",
      "lon": "-16.3608960937587",
      "lat": "33.056520693469"
    },
    {
      "id": "pt.ine.add.MAD.45925",
      "street": "ESTR CABECO DO CARVALHO",
      "house": "22",
      "postcode": "9400-230",
      "city": "PORTO SANTO",
      "lon": "-16.36059805576105",
      "lat": "33.05664119575429"
    },
    {
      "id": "pt.ine.add.MAD.45926",
      "street": "ESTR CABECO CARVALHO",
      "house": "24",
      "postcode": "9400-230",
      "city": "PORTO SANTO",
      "lon": "-16.360739349391842",
      "lat": "33.056774943038654"
    },
    {
      "id": "pt.ine.add.MAD.45943",
      "street": "ESTR LAPEIRA DE DENTRO",
      "house": "",
      "postcode": "9400-055",
      "city": "PORTO SANTO",
      "lon": "-16.363529728520568",
      "lat": "33.05436338233273"
    },
    {
      "id": "pt.ine.add.MAD.45944",
      "street": "",
      "house": "",
      "postcode": "9400-055",
      "city": "PORTO SANTO",
      "lon": "-16.363329883892508",
      "lat": "33.05460006777169"
    },
    {
      "id": "pt.ine.add.MAD.45945",
      "street": "ESTR DR FRANCISCO RODRIGUES JARDIM",
      "house": "120",
      "postcode": "9400-132",
      "city": "PORTO SANTO",
      "lon": "-16.363143665359214",
      "lat": "33.05502600835548"
    },
    {
      "id": "pt.ine.add.MAD.45946",
      "street": "ESTR DR FRANCISCO RODRIGUES JARDIM",
      "house": "120B",
      "postcode": "9400-132",
      "city": "PORTO SANTO",
      "lon": "-16.36304770636895",
      "lat": "33.05505411492893"
    },
    {
      "id": "pt.ine.add.MAD.45947",
      "street": "ESTR DR FRANCISCO RODRIGUES JARDIM",
      "house": "224",
      "postcode": "9400-132",
      "city": "PORTO SANTO",
      "lon": "-16.362580563973843",
      "lat": "33.05532077806347"
    },
    {
      "id": "pt.ine.add.MAD.45948",
      "street": "ESTR DR FRANCISCO RODRIGUES JARDIM",
      "house": "222",
      "postcode": "9400-132",
      "city": "PORTO SANTO",
      "lon": "-16.362420214687184",
      "lat": "33.0553405683904"
    },
    {
      "id": "pt.ine.add.MAD.45949",
      "street": "ESTR DR FRANCISCO RODRIGUES JARDIM",
      "house": "220",
      "postcode": "9400-132",
      "city": "PORTO SANTO",
      "lon": "-16.362356380551834",
      "lat": "33.05536832349173"
    },
    {
      "id": "pt.ine.add.MAD.45950",
      "street": "ESTR DR FRANCISCO RODRIGUES JARDIM",
      "house": "",
      "postcode": "9400-132",
      "city": "PORTO SANTO",
      "lon": "-16.362090196222187",
      "lat": "33.0554704427943"
    },
    {
      "id": "pt.ine.add.MAD.51831",
      "street": "SIT LAPEIRA",
      "house": "20",
      "postcode": "9400-055",
      "city": "PORTO SANTO",
      "lon": "-16.364613781545962",
      "lat": "33.0552083547828"
    },
    {
      "id": "pt.ine.add.MAD.51832",
      "street": "BR CAMARARIO",
      "house": "22",
      "postcode": "9400-055",
      "city": "PORTO SANTO",
      "lon": "-16.36428126310073",
      "lat": "33.05517591570825"
    },
    {
      "id": "pt.ine.add.MAD.51833",
      "street": "BR CAMARARIO",
      "house": "23",
      "postcode": "9400-055",
      "city": "PORTO SANTO",
      "lon": "-16.364109649733713",
      "lat": "33.055159754399874"
    },
    {
      "id": "pt.ine.add.MAD.51834",
      "street": "BR CAMARARIO",
      "house": "16",
      "postcode": "9400-055",
      "city": "PORTO SANTO",
      "lon": "-16.364236064601705",
      "lat": "33.05502308280541"
    },
    {
      "id": "pt.ine.add.MAD.51835",
      "street": "BR CAMARARIO",
      "house": "",
      "postcode": "9400-055",
      "city": "PORTO SANTO",
      "lon": "-16.36428585093999",
      "lat": "33.05477901830496"
    },
    {
      "id": "pt.ine.add.MAD.51836",
      "street": "BR CAMARÁRIO",
      "house": "1",
      "postcode": "9400-055",
      "city": "PORTO SANTO",
      "lon": "-16.36504238938941",
      "lat": "33.05452722021488"
    },
    {
      "id": "pt.ine.add.MAD.51837",
      "street": "BR CAMARARIO",
      "house": "3",
      "postcode": "9400-055",
      "city": "PORTO SANTO",
      "lon": "-16.36447609794211",
      "lat": "33.054614590418275"
    },
    {
      "id": "pt.ine.add.MAD.51838",
      "street": "R CACADORES",
      "house": "13",
      "postcode": "9400-230",
      "city": "PORTO SANTO",
      "lon": "-16.362063611495486",
      "lat": "33.05652598620008"
    },
    {
      "id": "pt.ine.add.MAD.51839",
      "street": "ESTR EIRAS",
      "house": "26",
      "postcode": "9400-055",
      "city": "PORTO SANTO",
      "lon": "-16.36581761410011",
      "lat": "33.05687275745041"
    },
    {
      "id": "pt.ine.add.MAD.51840",
      "street": "R CACADORES",
      "house": "",
      "postcode": "9400-230",
      "city": "PORTO SANTO",
      "lon": "-16.362246061928776",
      "lat": "33.05724553383524"
    },
    {
      "id": "pt.ine.add.MAD.51841",
      "street": "ESTR EIRAS",
      "house": "",
      "postcode": "9400-055",
      "city": "PORTO SANTO",
      "lon": "-16.36575877882826",
      "lat": "33.05653067028031"
    },
    {
      "id": "pt.ine.add.MAD.51842",
      "street": "ESTR EIRAS",
      "house": "10",
      "postcode": "9400-055",
      "city": "PORTO SANTO",
      "lon": "-16.365543188850356",
      "lat": "33.055053873782654"
    },
    {
      "id": "pt.ine.add.MAD.51843",
      "street": "ESTR EIRAS",
      "house": "10",
      "postcode": "9400-055",
      "city": "PORTO SANTO",
      "lon": "-16.365543188850356",
      "lat": "33.055053873782654"
    },
    {
      "id": "pt.ine.add.MAD.51844",
      "street": "ESTR EIRAS",
      "house": "6A",
      "postcode": "9400-055",
      "city": "PORTO SANTO",
      "lon": "-16.365495899849762",
      "lat": "33.05476577545647"
    },
    {
      "id": "pt.ine.add.MAD.51845",
      "street": "ESTR LAPEIRA DE DENTRO",
      "house": "",
      "postcode": "9400-055",
      "city": "PORTO SANTO",
      "lon": "-16.365458762665046",
      "lat": "33.05444148893246"
    },
    {
      "id": "pt.ine.add.MAD.51846",
      "street": "R CACADORES",
      "house": "",
      "postcode": "9400-230",
      "city": "PORTO SANTO",
      "lon": "-16.362534224475052",
      "lat": "33.05717925104605"
    },
    {
      "id": "pt.ine.add.MAD.52596",
      "street": "R MARIA AMELIA BRUM DO CANTO",
      "house": "",
      "postcode": "9400-220",
      "city": "PORTO SANTO",
      "lon": "-16.36010999941949",
      "lat": "33.06112007041225"
    },
    {
      "id": "pt.ine.add.MAD.52597",
      "street": "R MARIA AMELIA BRUM DOCANTO",
      "house": "",
      "postcode": "9400-127",
      "city": "PORTO SANTO",
      "lon": "-16.3593720358026",
      "lat": "33.06119125180865"
    },
    {
      "id": "pt.ine.add.MAD.53360",
      "street": "ESTR CABECO DO CARVALHO",
      "house": "",
      "postcode": "9400-230",
      "city": "PORTO SANTO",
      "lon": "-16.362666332296516",
      "lat": "33.05810679075903"
    },
    {
      "id": "pt.ine.add.MAD.53361",
      "street": "ESTR CABECO DO CARVALHO",
      "house": "27",
      "postcode": "9400-230",
      "city": "PORTO SANTO",
      "lon": "-16.36109215806896",
      "lat": "33.057429498762815"
    },
    {
      "id": "pt.ine.add.MAD.53362",
      "street": "ESTR CABECO DO CARVALHO",
      "house": "",
      "postcode": "9400-230",
      "city": "PORTO SANTO",
      "lon": "-16.36091108096176",
      "lat": "33.057494609709885"
    },
    {
      "id": "pt.ine.add.MAD.53363",
      "street": "ESTR CABECO DO CARVALHO",
      "house": "33",
      "postcode": "9400-230",
      "city": "PORTO SANTO",
      "lon": "-16.360655874793476",
      "lat": "33.057614644749876"
    },
    {
      "id": "pt.ine.add.MAD.53364",
      "street": "ESTR CABECO DO CARVALHO",
      "house": "31",
      "postcode": "9400-230",
      "city": "PORTO SANTO",
      "lon": "-16.360706088521127",
      "lat": "33.057397634713546"
    },
    {
      "id": "pt.ine.add.MAD.53365",
      "street": "R CACADORES",
      "house": "7",
      "postcode": "9400-230",
      "city": "PORTO SANTO",
      "lon": "-16.36196306763099",
      "lat": "33.056256506571444"
    },
    {
      "id": "pt.ine.add.MAD.53366",
      "street": "ESTR CABECO DO CARVALHO",
      "house": "13",
      "postcode": "9400-230",
      "city": "PORTO SANTO",
      "lon": "-16.36279681776481",
      "lat": "33.05545370401835"
    },
    {
      "id": "pt.ine.add.MAD.53367",
      "street": "ESTR CABECO DO CARVALHO",
      "house": "13",
      "postcode": "9400-230",
      "city": "PORTO SANTO",
      "lon": "-16.36279681776481",
      "lat": "33.05545370401835"
    },
    {
      "id": "pt.ine.add.MAD.53368",
      "street": "ESTR CABECO DO CARVALHO",
      "house": "",
      "postcode": "9400-230",
      "city": "PORTO SANTO",
      "lon": "-16.36328621109796",
      "lat": "33.05524091238578"
    },
    {
      "id": "pt.ine.add.MAD.53369",
      "street": "ESTR CABECO DO CARVALHO",
      "house": "3",
      "postcode": "9400-230",
      "city": "PORTO SANTO",
      "lon": "-16.363787840053018",
      "lat": "33.05512719687181"
    },
    {
      "id": "pt.ine.add.MAD.55520",
      "street": "R CACADORES",
      "house": "",
      "postcode": "9400-230",
      "city": "PORTO SANTO",
      "lon": "-16.362141502458133",
      "lat": "33.056020057116854"
    },
    {
      "id": "pt.ine.add.MAD.55521",
      "street": "ESTR EIRAS",
      "house": "",
      "postcode": "9400-055",
      "city": "PORTO SANTO",
      "lon": "-16.365437799068467",
      "lat": "33.05655222352059"
    },
    {
      "id": "pt.ine.add.MAD.58858",
      "street": "ESTR DR FRANCISCO RODRIGUES JARDIM",
      "house": "",
      "postcode": "9400-132",
      "city": "PORTO SANTO",
      "lon": "-16.35838856805256",
      "lat": "33.05713428314247"
    },
    {
      "id": "pt.ine.add.MAD.58860",
      "street": "R PRIMAVERA",
      "house": "",
      "postcode": "9400-230",
      "city": "PORTO SANTO",
      "lon": "-16.359582641584893",
      "lat": "33.057473022317545"
    },
    {
      "id": "pt.ine.add.MAD.62218",
      "street": "R CACADORES",
      "house": "11",
      "postcode": "9400-230",
      "city": "PORTO SANTO",
      "lon": "-16.36200881845961",
      "lat": "33.056445411312936"
    },
    {
      "id": "pt.ine.add.MAD.62219",
      "street": "BR CAMARARIO",
      "house": "27",
      "postcode": "9400-055",
      "city": "PORTO SANTO",
      "lon": "-16.36437124324736",
      "lat": "33.055454528245164"
    },
    {
      "id": "pt.ine.add.MAD.62220",
      "street": "BR CAMARARIO",
      "house": "15",
      "postcode": "9400-055",
      "city": "PORTO SANTO",
      "lon": "-16.36442909458296",
      "lat": "33.05503900963919"
    },
    {
      "id": "pt.ine.add.MAD.62221",
      "street": "ESTR CABECO DO CARVALHO",
      "house": "40",
      "postcode": "9400-230",
      "city": "PORTO SANTO",
      "lon": "-16.35962194420273",
      "lat": "33.05863607809567"
    },
    {
      "id": "pt.ine.add.MAD.62222",
      "street": "",
      "house": "",
      "postcode": "9400-055",
      "city": "PORTO SANTO",
      "lon": "-16.35799622295772",
      "lat": "33.057391095383615"
    },
    {
      "id": "pt.ine.add.MAD.62225",
      "street": "ESTR CABECO DO CARVALHO",
      "house": "",
      "postcode": "9400-230",
      "city": "PORTO SANTO",
      "lon": "-16.362433284767125",
      "lat": "33.05549375297903"
    },
    {
      "id": "pt.ine.add.MAD.64812",
      "street": "SIT LAPEIRA",
      "house": "24",
      "postcode": "9400-055",
      "city": "PORTO SANTO",
      "lon": "-16.364917793279755",
      "lat": "33.055475605546036"
    },
    {
      "id": "pt.ine.add.MAD.64813",
      "street": "BR CAMARARIO",
      "house": "2",
      "postcode": "9400-055",
      "city": "PORTO SANTO",
      "lon": "-16.36483865208699",
      "lat": "33.05451141149167"
    },
    {
      "id": "pt.ine.add.MAD.64814",
      "street": "ESTR EIRAS",
      "house": "",
      "postcode": "9400-055",
      "city": "PORTO SANTO",
      "lon": "-16.365403979273434",
      "lat": "33.05505539795796"
    },
    {
      "id": "pt.ine.add.MAD.64815",
      "street": "ESTR CABECO DO CARVALHO",
      "house": "",
      "postcode": "9400-230",
      "city": "PORTO SANTO",
      "lon": "-16.359932393899424",
      "lat": "33.057929191"
    },
    {
      "id": "pt.ine.add.MAD.64816",
      "street": "ESTR DR FRANCISCO RODRIGUES JARDIM",
      "house": "60",
      "postcode": "9400-132",
      "city": "PORTO SANTO",
      "lon": "-16.3584710093316",
      "lat": "33.05762042520719"
    },
    {
      "id": "pt.ine.add.MAD.67150",
      "street": "R MARIA AMELIA BRUM CANTO",
      "house": "3",
      "postcode": "9400-220",
      "city": "PORTO SANTO",
      "lon": "-16.35975812163653",
      "lat": "33.06122311955412"
    },
    {
      "id": "pt.ine.add.MAD.67151",
      "street": "SIT LAPEIRA DENTRO",
      "house": "40",
      "postcode": "9400-055",
      "city": "PORTO SANTO",
      "lon": "-16.364540914189924",
      "lat": "33.05603892340354"
    },
    {
      "id": "pt.ine.add.MAD.67309",
      "street": "BR CAMARARIO",
      "house": "37",
      "postcode": "9400-055",
      "city": "PORTO SANTO",
      "lon": "-16.364345377921623",
      "lat": "33.05586067763405"
    },
    {
      "id": "pt.ine.add.MAD.67314",
      "street": "ESTR DR FRANCISCO RODRIGUES JARDIM",
      "house": "218",
      "postcode": "9400-132",
      "city": "PORTO SANTO",
      "lon": "-16.362292268568723",
      "lat": "33.05537804308109"
    },
    {
      "id": "pt.ine.add.MAD.70515",
      "street": "ESTR DR FRANCISCO RODRIGUES JARDIM",
      "house": "",
      "postcode": "9400-132",
      "city": "PORTO SANTO",
      "lon": "-16.361208191886384",
      "lat": "33.055922016344915"
    },
    {
      "id": "pt.ine.add.MAD.70516",
      "street": "ESTR CABECO DO CARVALHO",
      "house": "16",
      "postcode": "9400-230",
      "city": "PORTO SANTO",
      "lon": "-16.361212078190476",
      "lat": "33.05617451315481"
    },
    {
      "id": "pt.ine.add.MAD.72171",
      "street": "R CACADORES",
      "house": "9",
      "postcode": "9400-230",
      "city": "PORTO SANTO",
      "lon": "-16.36198601245774",
      "lat": "33.05635546781554"
    },
    {
      "id": "pt.ine.add.MAD.72172",
      "street": "URB LAPEIRA DENTRO",
      "house": "29",
      "postcode": "9400-055",
      "city": "PORTO SANTO",
      "lon": "-16.364920298377147",
      "lat": "33.05563792468576"
    },
    {
      "id": "pt.ine.add.MAD.72173",
      "street": "BR CAMARARIO",
      "house": "14",
      "postcode": "9400-055",
      "city": "PORTO SANTO",
      "lon": "-16.364632554775387",
      "lat": "33.055036783537055"
    },
    {
      "id": "pt.ine.add.MAD.72174",
      "street": "R CACADORES",
      "house": "",
      "postcode": "9400-230",
      "city": "PORTO SANTO",
      "lon": "-16.362661895159775",
      "lat": "33.05712374058037"
    },
    {
      "id": "pt.ine.add.MAD.75274",
      "street": "R CACADORES",
      "house": "3",
      "postcode": "9400-230",
      "city": "PORTO SANTO",
      "lon": "-16.36185375991779",
      "lat": "33.056113392142386"
    },
    {
      "id": "pt.ine.add.MAD.75275",
      "street": "ESTR LAPEIRA DE DENTRO",
      "house": "",
      "postcode": "9400-055",
      "city": "PORTO SANTO",
      "lon": "-16.365351957534244",
      "lat": "33.0544606967571"
    },
    {
      "id": "pt.ine.add.MAD.75276",
      "street": "ESTR CABECO CARVALHO",
      "house": "44",
      "postcode": "9400-230",
      "city": "PORTO SANTO",
      "lon": "-16.35962679693254",
      "lat": "33.05895169917702"
    },
    {
      "id": "pt.ine.add.MAD.77845",
      "street": "SIT LAPEIRA",
      "house": "12",
      "postcode": "9400-055",
      "city": "PORTO SANTO",
      "lon": "-16.364964933615987",
      "lat": "33.05506020395519"
    },
    {
      "id": "pt.ine.add.MAD.77846",
      "street": "BR CAMARÁRIO",
      "house": "13",
      "postcode": "9400-055",
      "city": "PORTO SANTO",
      "lon": "-16.36478275110847",
      "lat": "33.055053178501495"
    },
    {
      "id": "pt.ine.add.MAD.78025",
      "street": "ESTR DR FRANCISCO RODRIGUES JARDIM",
      "house": "",
      "postcode": "9400-132",
      "city": "PORTO SANTO",
      "lon": "-16.358680474158184",
      "lat": "33.05731148848024"
    },
    {
      "id": "pt.ine.add.MAD.78026",
      "street": "ESTR DR FRANCISCO RODRIGUES JARDIM",
      "house": "126",
      "postcode": "9400-132",
      "city": "PORTO SANTO",
      "lon": "-16.363154380149453",
      "lat": "33.054331408449244"
    },
    {
      "id": "pt.ine.add.MAD.81088",
      "street": "SIT LAPEIRA",
      "house": "39",
      "postcode": "9400-055",
      "city": "PORTO SANTO",
      "lon": "-16.364701542467714",
      "lat": "33.05603716579122"
    },
    {
      "id": "pt.ine.add.MAD.81089",
      "street": "SIT LAPEIRA",
      "house": "41",
      "postcode": "9400-055",
      "city": "PORTO SANTO",
      "lon": "-16.364401563882684",
      "lat": "33.056031428769074"
    },
    {
      "id": "pt.ine.add.MAD.81090",
      "street": "BR CAMARARIO",
      "house": "30",
      "postcode": "9400-055",
      "city": "PORTO SANTO",
      "lon": "-16.364706128323185",
      "lat": "33.055640268473574"
    },
    {
      "id": "pt.ine.add.MAD.81165",
      "street": "BR CAMARÁRIO",
      "house": "11",
      "postcode": "9400-055",
      "city": "PORTO SANTO",
      "lon": "-16.364092960629367",
      "lat": "33.05477210896764"
    },
    {
      "id": "pt.ine.add.MAD.81166",
      "street": "R CACADORES",
      "house": "",
      "postcode": "9400-230",
      "city": "PORTO SANTO",
      "lon": "-16.36233145376152",
      "lat": "33.05722656253917"
    },
    {
      "id": "pt.ine.add.MAD.86549",
      "street": "BR CAMARARIO",
      "house": "18",
      "postcode": "9400-055",
      "city": "PORTO SANTO",
      "lon": "-16.36494630020316",
      "lat": "33.05524079296408"
    },
    {
      "id": "pt.ine.add.MAD.86550",
      "street": "ESTR EIRAS",
      "house": "",
      "postcode": "9400-055",
      "city": "PORTO SANTO",
      "lon": "-16.365303009542014",
      "lat": "33.054758867992724"
    },
    {
      "id": "pt.ine.add.MAD.86551",
      "street": "ESTR LAPEIRA DE DENTRO",
      "house": "",
      "postcode": "9400-055",
      "city": "PORTO SANTO",
      "lon": "-16.3652338871998",
      "lat": "33.05444395079224"
    },
    {
      "id": "pt.ine.add.MAD.86552",
      "street": "R PRIMAVERA",
      "house": "",
      "postcode": "9400-230",
      "city": "PORTO SANTO",
      "lon": "-16.36004700090095",
      "lat": "33.05772049825693"
    },
    {
      "id": "pt.ine.add.MAD.86554",
      "street": "ESTR DR FRANCISCO RODRIGUES JARDIM",
      "house": "118",
      "postcode": "9400-132",
      "city": "PORTO SANTO",
      "lon": "-16.36285537132044",
      "lat": "33.05508327464338"
    },
    {
      "id": "pt.ine.add.MAD.89646",
      "street": "R MARIA AMELIA BRUM DO CANTO",
      "house": "1",
      "postcode": "9400-127",
      "city": "PORTO SANTO",
      "lon": "-16.35958705172433",
      "lat": "33.061243023284796"
    },
    {
      "id": "pt.ine.add.MAD.89647",
      "street": "BR CAMARARIO",
      "house": "21",
      "postcode": "9400-055",
      "city": "PORTO SANTO",
      "lon": "-16.364431320501037",
      "lat": "33.055183293358695"
    },
    {
      "id": "pt.ine.add.MAD.89648",
      "street": "BR CAMARARIO",
      "house": "4",
      "postcode": "9400-055",
      "city": "PORTO SANTO",
      "lon": "-16.36429391636671",
      "lat": "33.054607564225016"
    },
    {
      "id": "pt.ine.add.MAD.89649",
      "street": "ESTR EIRAS",
      "house": "",
      "postcode": "9400-055",
      "city": "PORTO SANTO",
      "lon": "-16.36536461485871",
      "lat": "33.054586827741986"
    },
    {
      "id": "pt.ine.add.MAD.89650",
      "street": "ESTR DR FRANCISCO RODRIGUES JARDIM",
      "house": "",
      "postcode": "9400-132",
      "city": "PORTO SANTO",
      "lon": "-16.358463113470854",
      "lat": "33.05710641336664"
    },
    {
      "id": "pt.ine.add.MAD.89651",
      "street": "",
      "house": "",
      "postcode": "9400-055",
      "city": "PORTO SANTO",
      "lon": "-16.358091632262536",
      "lat": "33.057326921588945"
    },
    {
      "id": "pt.ine.add.MAD.91416",
      "street": "BR CAMARÁRIO",
      "house": "32",
      "postcode": "9400-055",
      "city": "PORTO SANTO",
      "lon": "-16.364416303104967",
      "lat": "33.055598343345125"
    },
    {
      "id": "pt.ine.add.MAD.91417",
      "street": "ESTR CABECO DO CARVALHO",
      "house": "",
      "postcode": "9400-230",
      "city": "PORTO SANTO",
      "lon": "-16.35945701330401",
      "lat": "33.058358279154945"
    },
    {
      "id": "pt.ine.add.MAD.91419",
      "street": "ESTR DR FRANCISCO RODRIGUES JARDIM",
      "house": "96",
      "postcode": "9400-132",
      "city": "PORTO SANTO",
      "lon": "-16.360898476407932",
      "lat": "33.05597951196839"
    },
    {
      "id": "pt.ine.add.MAD.95956",
      "street": "R CACADORES",
      "house": "5",
      "postcode": "9400-230",
      "city": "PORTO SANTO",
      "lon": "-16.361886857699663",
      "lat": "33.05617616551156"
    },
    {
      "id": "pt.ine.add.MAD.95957",
      "street": "BR CAMARARIO",
      "house": "33",
      "postcode": "9400-055",
      "city": "PORTO SANTO",
      "lon": "-16.364244828000878",
      "lat": "33.05559119997807"
    },
    {
      "id": "pt.ine.add.MAD.95958",
      "street": "BC RIBEIRO COCHINO",
      "house": "46C",
      "postcode": "9400-230",
      "city": "PORTO SANTO",
      "lon": "-16.359107640282815",
      "lat": "33.05862364568874"
    },
    {
      "id": "pt.ine.add.MAD.95959",
      "street": "ESTR DR FRANCISCO RODRIGUES JARDIM",
      "house": "",
      "postcode": "9400-132",
      "city": "PORTO SANTO",
      "lon": "-16.358599750472955",
      "lat": "33.05833154425759"
    },
    {
      "id": "pt.ine.add.MAD.97782",
      "street": "ESTR CABECO DO CARVALHO",
      "house": "7",
      "postcode": "9400-230",
      "city": "PORTO SANTO",
      "lon": "-16.363497321759976",
      "lat": "33.05504018087041"
    },
    {
      "id": "pt.ine.add.MAD.98334",
      "street": "ESTR DR FRANCISCO RODRIGUES JARDIM",
      "house": "3",
      "postcode": "9400-132",
      "city": "PORTO SANTO",
      "lon": "-16.3583142996005",
      "lat": "33.0571801883797"
    },
    {
      "id": "pt.ine.add.MAD.98336",
      "street": "ESTR DR FRANCISCO RODRIGUES JARDIM",
      "house": "",
      "postcode": "9400-132",
      "city": "PORTO SANTO",
      "lon": "-16.36043270963545",
      "lat": "33.056336344764325"
    },
    {
      "id": "pt.ine.add.MAD.99698",
      "street": "BR CAMARARIO",
      "house": "7",
      "postcode": "9400-055",
      "city": "PORTO SANTO",
      "lon": "-16.365025426351124",
      "lat": "33.054816022012226"
    },
    {
      "id": "pt.ine.add.MAD.99900",
      "street": "ESTR EIRAS",
      "house": "",
      "postcode": "9400-055",
      "city": "PORTO SANTO",
      "lon": "-16.365263099234454",
      "lat": "33.054948709224114"
    },
    {
      "id": "pt.ine.add.MAD.100227",
      "street": "BR CAMARÁRIO",
      "house": "17",
      "postcode": "9400-055",
      "city": "PORTO SANTO",
      "lon": "-16.36406445153831",
      "lat": "33.055006921426525"
    },
    {
      "id": "pt.ine.add.MAD.100872",
      "street": "ESTR DR FRANCISCO RODRIGUES JARDIM",
      "house": "",
      "postcode": "9400-132",
      "city": "PORTO SANTO",
      "lon": "-16.360228691306045",
      "lat": "33.05630249310697"
    },
    {
      "id": "pt.ine.add.MAD.103418",
      "street": "ESTR DR FRANCISCO RODRIGUES JARDIM",
      "house": "60",
      "postcode": "9400-132",
      "city": "PORTO SANTO",
      "lon": "-16.358256556895014",
      "lat": "33.05760472254097"
    },
    {
      "id": "pt.ine.add.MAD.103421",
      "street": "ESTR DR FRANCISCO RODRIGUES JARDIM",
      "house": "94",
      "postcode": "9400-132",
      "city": "PORTO SANTO",
      "lon": "-16.360708774693727",
      "lat": "33.056180005589354"
    },
    {
      "id": "pt.ine.add.MAD.103544",
      "street": "ESTR LAPEIRA DE DENTRO",
      "house": "9",
      "postcode": "9400-055",
      "city": "PORTO SANTO",
      "lon": "-16.364468171990957",
      "lat": "33.05479506223346"
    },
    {
      "id": "pt.ine.add.MAD.104003",
      "street": "ESTR CABECO DO CARVALHO",
      "house": "3",
      "postcode": "9400-230",
      "city": "PORTO SANTO",
      "lon": "-16.363664346461345",
      "lat": "33.05475875775483"
    },
    {
      "id": "pt.ine.add.MAD.105360",
      "street": "ESTR DR FRANCISCO RODRIGUES JARDIM",
      "house": "74",
      "postcode": "9400-132",
      "city": "PORTO SANTO",
      "lon": "-16.358811512770064",
      "lat": "33.05677792442325"
    },
    {
      "id": "pt.ine.add.MAD.105603",
      "street": "ESTR CABECO CARVALHO",
      "house": "",
      "postcode": "9400-230",
      "city": "PORTO SANTO",
      "lon": "-16.35932074457708",
      "lat": "33.057854686096334"
    },
    {
      "id": "pt.ine.add.MAD.127969",
      "street": "BC RIBEIRO COCHINO",
      "house": "46A",
      "postcode": "9400-230",
      "city": "PORTO SANTO",
      "lon": "-16.359380214347283",
      "lat": "33.05893634879458"
    }
  ]
}