{
  "data": {
    "distrito": "Faro",
    "concelho": "Tavira",
    "freguesia": "Santa Luzia",
    "OBJECTID": 563,
    "BGRI2021": "08140800203",
    "DT21": "08",
    "DTMN21": "0814",
    "DTMNFR21": "081408",
    "DTMNFRSEC21": "081408002",
    "SECNUM21": "002",
    "SSNUM21": "03",
    "SECSSNUM21": "00203",
    "OBJECTID_1": 73865,
    "DT": "08",
    "CC": "14",
    "fr": "08",
    "SEC": "002",
    "SS": "03"
  },
  "addresses": [
    {
      "id": "pt.ine.add.PTCONT.1471826",
      "street": "R JOSE DO NASCIMENTO MENAU",
      "house": "107",
      "postcode": "8800-539",
      "city": "SANTA LUZIA TVR",
      "lon": "-7.664325228411511",
      "lat": "37.10289788436132"
    },
    {
      "id": "pt.ine.add.PTCONT.1495068",
      "street": "R JOSE DO NASCIMENTO MENAU",
      "house": "114",
      "postcode": "8800-539",
      "city": "SANTA LUZIA TVR",
      "lon": "-7.664582796528563",
      "lat": "37.1030881246279"
    },
    {
      "id": "pt.ine.add.PTCONT.1506463",
      "street": "R JOSE DO NASCIMENTO MENAU",
      "house": "122",
      "postcode": "8800-539",
      "city": "SANTA LUZIA TVR",
      "lon": "-7.664967213766138",
      "lat": "37.102774272473944"
    },
    {
      "id": "pt.ine.add.PTCONT.1506925",
      "street": "R JOSE DO NASCIMENTO MENAU",
      "house": "103",
      "postcode": "8800-539",
      "city": "SANTA LUZIA TVR",
      "lon": "-7.663998165817542",
      "lat": "37.103031749657966"
    },
    {
      "id": "pt.ine.add.PTCONT.1506932",
      "street": "R JOSE DO NASCIMENTO MENAU",
      "house": "111",
      "postcode": "8800-539",
      "city": "SANTA LUZIA TVR",
      "lon": "-7.664470802992282",
      "lat": "37.10300658680193"
    },
    {
      "id": "pt.ine.add.PTCONT.1512727",
      "street": "R JOSE DO NASCIMENTO MENAU",
      "house": "102",
      "postcode": "8800-539",
      "city": "SANTA LUZIA TVR",
      "lon": "-7.663986583130882",
      "lat": "37.10308576733853"
    },
    {
      "id": "pt.ine.add.PTCONT.1521042",
      "street": "R JOSE OLIVEIRA",
      "house": "11",
      "postcode": "8800-532",
      "city": "SANTA LUZIA TVR",
      "lon": "-7.663539057955356",
      "lat": "37.102687530255125"
    },
    {
      "id": "pt.ine.add.PTCONT.1521043",
      "street": "R JOSE OLIVEIRA",
      "house": "11",
      "postcode": "8800-532",
      "city": "SANTA LUZIA TVR",
      "lon": "-7.663539057955356",
      "lat": "37.102687530255125"
    },
    {
      "id": "pt.ine.add.PTCONT.1521058",
      "street": "R JOSE OLIVEIRA",
      "house": "11",
      "postcode": "8800-532",
      "city": "SANTA LUZIA TVR",
      "lon": "-7.663539057955356",
      "lat": "37.102687530255125"
    },
    {
      "id": "pt.ine.add.PTCONT.1521059",
      "street": "R JOSE OLIVEIRA",
      "house": "11",
      "postcode": "8800-532",
      "city": "SANTA LUZIA TVR",
      "lon": "-7.663539057955356",
      "lat": "37.102687530255125"
    },
    {
      "id": "pt.ine.add.PTCONT.1521060",
      "street": "R JOSE OLIVEIRA",
      "house": "11",
      "postcode": "8800-532",
      "city": "SANTA LUZIA TVR",
      "lon": "-7.663539057955356",
      "lat": "37.102687530255125"
    },
    {
      "id": "pt.ine.add.PTCONT.1521061",
      "street": "R JOSE OLIVEIRA",
      "house": "11",
      "postcode": "8800-532",
      "city": "SANTA LUZIA TVR",
      "lon": "-7.663539057955356",
      "lat": "37.102687530255125"
    },
    {
      "id": "pt.ine.add.PTCONT.1526780",
      "street": "R JOSE DO NASCIMENTO MENAU",
      "house": "98",
      "postcode": "8800-539",
      "city": "SANTA LUZIA TVR",
      "lon": "-7.663850368653506",
      "lat": "37.10328346120142"
    },
    {
      "id": "pt.ine.add.PTCONT.1544058",
      "street": "R JOSE OLIVEIRA",
      "house": "13",
      "postcode": "8800-532",
      "city": "SANTA LUZIA TVR",
      "lon": "-7.663504475896433",
      "lat": "37.10282255206891"
    },
    {
      "id": "pt.ine.add.PTCONT.1544059",
      "street": "R JOSE OLIVEIRA",
      "house": "13",
      "postcode": "8800-532",
      "city": "SANTA LUZIA TVR",
      "lon": "-7.663504475896433",
      "lat": "37.10282255206891"
    },
    {
      "id": "pt.ine.add.PTCONT.1544060",
      "street": "R JOSE OLIVEIRA",
      "house": "13",
      "postcode": "8800-532",
      "city": "SANTA LUZIA TVR",
      "lon": "-7.663504475896433",
      "lat": "37.10282255206891"
    },
    {
      "id": "pt.ine.add.PTCONT.1544061",
      "street": "R JOSE OLIVEIRA",
      "house": "13",
      "postcode": "8800-532",
      "city": "SANTA LUZIA TVR",
      "lon": "-7.663504475896433",
      "lat": "37.10282255206891"
    },
    {
      "id": "pt.ine.add.PTCONT.1544062",
      "street": "R JOSE OLIVEIRA",
      "house": "13",
      "postcode": "8800-532",
      "city": "SANTA LUZIA TVR",
      "lon": "-7.663504475896433",
      "lat": "37.10282255206891"
    },
    {
      "id": "pt.ine.add.PTCONT.1544063",
      "street": "R JOSE OLIVEIRA",
      "house": "13",
      "postcode": "8800-532",
      "city": "SANTA LUZIA TVR",
      "lon": "-7.663504475896433",
      "lat": "37.10282255206891"
    },
    {
      "id": "pt.ine.add.PTCONT.1546676",
      "street": "R JOSE OLIVEIRA",
      "house": "15",
      "postcode": "8800-532",
      "city": "SANTA LUZIA TVR",
      "lon": "-7.663615967646501",
      "lat": "37.10298518407637"
    },
    {
      "id": "pt.ine.add.PTCONT.1546677",
      "street": "R JOSE OLIVEIRA",
      "house": "15",
      "postcode": "8800-532",
      "city": "SANTA LUZIA TVR",
      "lon": "-7.663615967646501",
      "lat": "37.10298518407637"
    },
    {
      "id": "pt.ine.add.PTCONT.1546678",
      "street": "R JOSE OLIVEIRA",
      "house": "15",
      "postcode": "8800-532",
      "city": "SANTA LUZIA TVR",
      "lon": "-7.663615967646501",
      "lat": "37.10298518407637"
    },
    {
      "id": "pt.ine.add.PTCONT.1547014",
      "street": "R JOSE OLIVEIRA",
      "house": "15",
      "postcode": "8800-532",
      "city": "SANTA LUZIA TVR",
      "lon": "-7.663615967646501",
      "lat": "37.10298518407637"
    },
    {
      "id": "pt.ine.add.PTCONT.1547315",
      "street": "R JOSE OLIVEIRA",
      "house": "15",
      "postcode": "8800-532",
      "city": "SANTA LUZIA TVR",
      "lon": "-7.663615967646501",
      "lat": "37.10298518407637"
    },
    {
      "id": "pt.ine.add.PTCONT.1559225",
      "street": "R JOSE DO NASCIMENTO MENAU",
      "house": "113",
      "postcode": "8800-539",
      "city": "SANTA LUZIA TVR",
      "lon": "-7.664503773843014",
      "lat": "37.1031328652837"
    },
    {
      "id": "pt.ine.add.PTCONT.1560824",
      "street": "R JOSE DO NASCIMENTO MENAU",
      "house": "104",
      "postcode": "8800-539",
      "city": "SANTA LUZIA TVR",
      "lon": "-7.664065772732371",
      "lat": "37.10301399593569"
    },
    {
      "id": "pt.ine.add.PTCONT.1568270",
      "street": "R JOSE DO NASCIMENTO MENAU",
      "house": "106",
      "postcode": "8800-539",
      "city": "SANTA LUZIA TVR",
      "lon": "-7.664166516530726",
      "lat": "37.10309548965334"
    },
    {
      "id": "pt.ine.add.PTCONT.1582389",
      "street": "R JOSE DO NASCIMENTO MENAU",
      "house": "121",
      "postcode": "8800-539",
      "city": "SANTA LUZIA TVR",
      "lon": "-7.665056542635644",
      "lat": "37.10288275212803"
    },
    {
      "id": "pt.ine.add.PTCONT.1588876",
      "street": "R JOSE DO NASCIMENTO MENAU",
      "house": "105",
      "postcode": "8800-539",
      "city": "SANTA LUZIA TVR",
      "lon": "-7.664121852579201",
      "lat": "37.103041249504955"
    },
    {
      "id": "pt.ine.add.PTCONT.1619921",
      "street": "R JOSE NASCIMENTO MENAU",
      "house": "109",
      "postcode": "8800-539",
      "city": "SANTA LUZIA TVR",
      "lon": "-7.664505383426307",
      "lat": "37.10287156469916"
    },
    {
      "id": "pt.ine.add.PTCONT.1634049",
      "street": "R JOSE DO NASCIMENTO MENAU",
      "house": "120",
      "postcode": "8800-539",
      "city": "SANTA LUZIA TVR",
      "lon": "-7.664932467840394",
      "lat": "37.10293632581654"
    },
    {
      "id": "pt.ine.add.PTCONT.1645579",
      "street": "R JOSE NASCIMENTO MENAU",
      "house": "19",
      "postcode": "8800-539",
      "city": "SANTA LUZIA TVR",
      "lon": "-7.66489910816782",
      "lat": "37.1028731200056"
    },
    {
      "id": "pt.ine.add.PTCONT.1646766",
      "street": "R JOSE DO NASCIMENTO MENAU",
      "house": "108",
      "postcode": "8800-539",
      "city": "SANTA LUZIA TVR",
      "lon": "-7.664415444717081",
      "lat": "37.10286219865193"
    },
    {
      "id": "pt.ine.add.PTCONT.1646767",
      "street": "R JOSE DO NASCIMENTO MENAU",
      "house": "19",
      "postcode": "8800-539",
      "city": "SANTA LUZIA TVR",
      "lon": "-7.663850702138598",
      "lat": "37.1032293990189"
    },
    {
      "id": "pt.ine.add.PTCONT.1654604",
      "street": "R JOSE DO NASCIMENTO MENAU",
      "house": "97",
      "postcode": "8800-539",
      "city": "SANTA LUZIA TVR",
      "lon": "-7.663883838781924",
      "lat": "37.1033286465709"
    },
    {
      "id": "pt.ine.add.PTCONT.1665533",
      "street": "R JOSE OLIVEIRA",
      "house": "7",
      "postcode": "8800-532",
      "city": "SANTA LUZIA TVR",
      "lon": "-7.663754350239426",
      "lat": "37.1024360862536"
    },
    {
      "id": "pt.ine.add.PTCONT.1665534",
      "street": "R JOSE OLIVEIRA",
      "house": "7",
      "postcode": "8800-532",
      "city": "SANTA LUZIA TVR",
      "lon": "-7.663754350239426",
      "lat": "37.1024360862536"
    },
    {
      "id": "pt.ine.add.PTCONT.1665535",
      "street": "R JOSE OLIVEIRA",
      "house": "7",
      "postcode": "8800-532",
      "city": "SANTA LUZIA TVR",
      "lon": "-7.663754350239426",
      "lat": "37.1024360862536"
    },
    {
      "id": "pt.ine.add.PTCONT.1665536",
      "street": "R JOSE OLIVEIRA",
      "house": "7",
      "postcode": "8800-532",
      "city": "SANTA LUZIA TVR",
      "lon": "-7.663754350239426",
      "lat": "37.1024360862536"
    },
    {
      "id": "pt.ine.add.PTCONT.1666278",
      "street": "R JOSE OLIVEIRA",
      "house": "7",
      "postcode": "8800-532",
      "city": "SANTA LUZIA TVR",
      "lon": "-7.663754350239426",
      "lat": "37.1024360862536"
    },
    {
      "id": "pt.ine.add.PTCONT.1700185",
      "street": "R JOSE OLIVEIRA",
      "house": "9",
      "postcode": "8800-532",
      "city": "SANTA LUZIA TVR",
      "lon": "-7.663629886035432",
      "lat": "37.10255273113436"
    },
    {
      "id": "pt.ine.add.PTCONT.1700186",
      "street": "R JOSE OLIVEIRA",
      "house": "9",
      "postcode": "8800-532",
      "city": "SANTA LUZIA TVR",
      "lon": "-7.663629886035432",
      "lat": "37.10255273113436"
    },
    {
      "id": "pt.ine.add.PTCONT.1700187",
      "street": "R JOSE OLIVEIRA",
      "house": "9",
      "postcode": "8800-532",
      "city": "SANTA LUZIA TVR",
      "lon": "-7.663629886035432",
      "lat": "37.10255273113436"
    },
    {
      "id": "pt.ine.add.PTCONT.1700188",
      "street": "R JOSE OLIVEIRA",
      "house": "9",
      "postcode": "8800-532",
      "city": "SANTA LUZIA TVR",
      "lon": "-7.663629886035432",
      "lat": "37.10255273113436"
    },
    {
      "id": "pt.ine.add.PTCONT.1700189",
      "street": "R JOSE OLIVEIRA",
      "house": "9",
      "postcode": "8800-532",
      "city": "SANTA LUZIA TVR",
      "lon": "-7.663629886035432",
      "lat": "37.10255273113436"
    },
    {
      "id": "pt.ine.add.PTCONT.1700190",
      "street": "R JOSE OLIVEIRA",
      "house": "9",
      "postcode": "8800-532",
      "city": "SANTA LUZIA TVR",
      "lon": "-7.663629886035432",
      "lat": "37.10255273113436"
    },
    {
      "id": "pt.ine.add.PTCONT.1708485",
      "street": "CAM TRINDADES",
      "house": "8",
      "postcode": "8800-532",
      "city": "SANTA LUZIA TVR",
      "lon": "-7.664158266583596",
      "lat": "37.1026088854672"
    },
    {
      "id": "pt.ine.add.PTCONT.1708486",
      "street": "CAM TRINDADES",
      "house": "8",
      "postcode": "8800-532",
      "city": "SANTA LUZIA TVR",
      "lon": "-7.664158266583596",
      "lat": "37.1026088854672"
    },
    {
      "id": "pt.ine.add.PTCONT.1708487",
      "street": "CAM TRINDADES",
      "house": "8",
      "postcode": "8800-532",
      "city": "SANTA LUZIA TVR",
      "lon": "-7.664158266583596",
      "lat": "37.1026088854672"
    },
    {
      "id": "pt.ine.add.PTCONT.1708490",
      "street": "CAM TRINDADES",
      "house": "8",
      "postcode": "8800-532",
      "city": "SANTA LUZIA TVR",
      "lon": "-7.664158266583596",
      "lat": "37.1026088854672"
    },
    {
      "id": "pt.ine.add.PTCONT.1708491",
      "street": "CAM TRINDADES",
      "house": "8",
      "postcode": "8800-532",
      "city": "SANTA LUZIA TVR",
      "lon": "-7.664158266583596",
      "lat": "37.1026088854672"
    },
    {
      "id": "pt.ine.add.PTCONT.1708492",
      "street": "CAM TRINDADES",
      "house": "8",
      "postcode": "8800-532",
      "city": "SANTA LUZIA TVR",
      "lon": "-7.664158266583596",
      "lat": "37.1026088854672"
    },
    {
      "id": "pt.ine.add.PTCONT.1708493",
      "street": "CAM TRINDADES",
      "house": "8",
      "postcode": "8800-532",
      "city": "SANTA LUZIA TVR",
      "lon": "-7.664158266583596",
      "lat": "37.1026088854672"
    },
    {
      "id": "pt.ine.add.PTCONT.1708494",
      "street": "CAM TRINDADES",
      "house": "8",
      "postcode": "8800-532",
      "city": "SANTA LUZIA TVR",
      "lon": "-7.664158266583596",
      "lat": "37.1026088854672"
    },
    {
      "id": "pt.ine.add.PTCONT.1717264",
      "street": "CAM TRINDADES",
      "house": "6",
      "postcode": "8800-532",
      "city": "SANTA LUZIA TVR",
      "lon": "-7.6640352472103395",
      "lat": "37.10249126128148"
    },
    {
      "id": "pt.ine.add.PTCONT.1717265",
      "street": "CAM TRINDADES",
      "house": "6",
      "postcode": "8800-532",
      "city": "SANTA LUZIA TVR",
      "lon": "-7.6640352472103395",
      "lat": "37.10249126128148"
    },
    {
      "id": "pt.ine.add.PTCONT.1717266",
      "street": "CAM TRINDADES",
      "house": "6",
      "postcode": "8800-532",
      "city": "SANTA LUZIA TVR",
      "lon": "-7.6640352472103395",
      "lat": "37.10249126128148"
    },
    {
      "id": "pt.ine.add.PTCONT.1717267",
      "street": "CAM TRINDADES",
      "house": "6",
      "postcode": "8800-532",
      "city": "SANTA LUZIA TVR",
      "lon": "-7.6640352472103395",
      "lat": "37.10249126128148"
    },
    {
      "id": "pt.ine.add.PTCONT.1717268",
      "street": "CAM TRINDADES",
      "house": "6",
      "postcode": "8800-532",
      "city": "SANTA LUZIA TVR",
      "lon": "-7.6640352472103395",
      "lat": "37.10249126128148"
    },
    {
      "id": "pt.ine.add.PTCONT.1717269",
      "street": "CAM TRINDADES",
      "house": "6",
      "postcode": "8800-532",
      "city": "SANTA LUZIA TVR",
      "lon": "-7.6640352472103395",
      "lat": "37.10249126128148"
    },
    {
      "id": "pt.ine.add.PTCONT.1717270",
      "street": "CAM TRINDADES",
      "house": "6",
      "postcode": "8800-532",
      "city": "SANTA LUZIA TVR",
      "lon": "-7.6640352472103395",
      "lat": "37.10249126128148"
    },
    {
      "id": "pt.ine.add.PTCONT.1717271",
      "street": "CAM TRINDADES",
      "house": "6",
      "postcode": "8800-532",
      "city": "SANTA LUZIA TVR",
      "lon": "-7.6640352472103395",
      "lat": "37.10249126128148"
    },
    {
      "id": "pt.ine.add.PTCONT.1717695",
      "street": "CAM TRINDADES",
      "house": "6",
      "postcode": "8800-532",
      "city": "SANTA LUZIA TVR",
      "lon": "-7.6640352472103395",
      "lat": "37.10249126128148"
    },
    {
      "id": "pt.ine.add.PTCONT.1717738",
      "street": "R JOSE DO NASCIMENTO MENAU",
      "house": "117",
      "postcode": "8800-539",
      "city": "SANTA LUZIA TVR",
      "lon": "-7.664696288274488",
      "lat": "37.102926382489336"
    },
    {
      "id": "pt.ine.add.PTCONT.1729135",
      "street": "R JOSE DO NASCIMENTO MENAU",
      "house": "100",
      "postcode": "8800-539",
      "city": "SANTA LUZIA TVR",
      "lon": "-7.663929669733093",
      "lat": "37.103193669166394"
    },
    {
      "id": "pt.ine.add.PTCONT.1746840",
      "street": "R JOSE DO NASCIMENTO MENAU",
      "house": "101",
      "postcode": "8800-539",
      "city": "SANTA LUZIA TVR",
      "lon": "-7.6640423296542926",
      "lat": "37.10316708313016"
    },
    {
      "id": "pt.ine.add.PTCONT.1773948",
      "street": "R JOSE DO NASCIMENTO MENAU",
      "house": "110",
      "postcode": "8800-539",
      "city": "SANTA LUZIA TVR",
      "lon": "-7.664527659982552",
      "lat": "37.102907695069774"
    },
    {
      "id": "pt.ine.add.PTCONT.1801053",
      "street": "R JOSE DO NASCIMENTO MENAU",
      "house": "118",
      "postcode": "8800-539",
      "city": "SANTA LUZIA TVR",
      "lon": "-7.664775310632393",
      "lat": "37.1028816417014"
    },
    {
      "id": "pt.ine.add.PTCONT.1814953",
      "street": "R JOSÉ DO NASCIMENTO MENAU",
      "house": "112",
      "postcode": "8800-539",
      "city": "SANTA LUZIA TVR",
      "lon": "-7.6644143899628165",
      "lat": "37.103033395585996"
    },
    {
      "id": "pt.ine.add.PTCONT.1838011",
      "street": "R JOSE DO NASCIMENTO MENAU",
      "house": "116",
      "postcode": "8800-539",
      "city": "SANTA LUZIA TVR",
      "lon": "-7.664617321313363",
      "lat": "37.102962112858414"
    },
    {
      "id": "pt.ine.add.PTCONT.1841913",
      "street": "R JOSE OLIVEIRA",
      "house": "7",
      "postcode": "8800-532",
      "city": "SANTA LUZIA TVR",
      "lon": "-7.663754350239426",
      "lat": "37.1024360862536"
    },
    {
      "id": "pt.ine.add.PTCONT.1845270",
      "street": "R JOSE DO NASCIMENTO MENAU",
      "house": "115",
      "postcode": "8800-539",
      "city": "SANTA LUZIA TVR",
      "lon": "-7.664560908367928",
      "lat": "37.10298892171299"
    }
  ]
}