{
  "data": {
    "ilha": "Ilha da Madeira (Madeira)",
    "concelho": "Ponta do Sol",
    "freguesia": "Ponta do Sol",
    "OBJECTID": 76,
    "BGRI2021": "31050300211",
    "DT21": "31",
    "DTMN21": "3105",
    "DTMNFR21": "310503",
    "DTMNFRSEC21": "310503002",
    "SECNUM21": "002",
    "SSNUM21": "11",
    "SECSSNUM21": "00211",
    "OBJECTID_1": 204680,
    "DT": "31",
    "CC": "05",
    "fr": "03",
    "SEC": "002",
    "SS": "11",
    "BGRI2021_1": "31050300211"
  },
  "addresses": [
    {
      "id": "pt.ine.add.MAD.27323",
      "street": "CAM FAIA",
      "house": "7",
      "postcode": "9360-555",
      "city": "PONTA DO SOL",
      "lon": "-17.102754506246622",
      "lat": "32.701909258163965"
    },
    {
      "id": "pt.ine.add.MAD.27324",
      "street": "CAM FAIA",
      "house": "6",
      "postcode": "9360-555",
      "city": "PONTA DO SOL",
      "lon": "-17.10256682194013",
      "lat": "32.70209277113523"
    },
    {
      "id": "pt.ine.add.MAD.27339",
      "street": "CAM PEDRAS - PEREIRINHA",
      "house": "27",
      "postcode": "9360-520",
      "city": "PONTA DO SOL",
      "lon": "-17.089464685023604",
      "lat": "32.691390658475164"
    },
    {
      "id": "pt.ine.add.MAD.27340",
      "street": "CAM PEDRAS - PEREIRINHA",
      "house": "23",
      "postcode": "9360-520",
      "city": "PONTA DO SOL",
      "lon": "-17.089715499905378",
      "lat": "32.69117003947016"
    },
    {
      "id": "pt.ine.add.MAD.27341",
      "street": "ESTR NOVA DA LOMBADA",
      "house": "283",
      "postcode": "9360-518",
      "city": "PONTA DO SOL",
      "lon": "-17.08787928432192",
      "lat": "32.694753840491714"
    },
    {
      "id": "pt.ine.add.MAD.27342",
      "street": "ESTR NOVA DA LOMBADA",
      "house": "287",
      "postcode": "9360-518",
      "city": "PONTA DO SOL",
      "lon": "-17.087784803666263",
      "lat": "32.694818541850594"
    },
    {
      "id": "pt.ine.add.MAD.27343",
      "street": "ESTR NOVA DA LOMBADA",
      "house": "285",
      "postcode": "9360-518",
      "city": "PONTA DO SOL",
      "lon": "-17.08768759382971",
      "lat": "32.694766050599654"
    },
    {
      "id": "pt.ine.add.MAD.27344",
      "street": "CAM PEDRAS - PEREIRINHA",
      "house": "4",
      "postcode": "9360-520",
      "city": "PONTA DO SOL",
      "lon": "-17.088137366626516",
      "lat": "32.693928876917035"
    },
    {
      "id": "pt.ine.add.MAD.27345",
      "street": "ESTR NOVA LOMBADA",
      "house": "",
      "postcode": "9360-518",
      "city": "PONTA DO SOL",
      "lon": "-17.08806425594154",
      "lat": "32.694453156198726"
    },
    {
      "id": "pt.ine.add.MAD.27391",
      "street": "CAM PICO MELRO",
      "house": "7",
      "postcode": "9360-528",
      "city": "PONTA DO SOL",
      "lon": "-17.099615166327794",
      "lat": "32.681264916368534"
    },
    {
      "id": "pt.ine.add.MAD.29028",
      "street": "CAM PICO MELRO",
      "house": "87",
      "postcode": "9360-528",
      "city": "PONTA DO SOL",
      "lon": "-17.09706764112046",
      "lat": "32.684959951108496"
    },
    {
      "id": "pt.ine.add.MAD.29029",
      "street": "CAM PICO MELRO",
      "house": "83",
      "postcode": "9360-528",
      "city": "PONTA DO SOL",
      "lon": "-17.09714701807001",
      "lat": "32.684706111429385"
    },
    {
      "id": "pt.ine.add.MAD.29030",
      "street": "CAM PICO MELRO",
      "house": "69",
      "postcode": "9360-528",
      "city": "PONTA DO SOL",
      "lon": "-17.097698286203563",
      "lat": "32.68411070223828"
    },
    {
      "id": "pt.ine.add.MAD.29031",
      "street": "CAM PICO MELRO",
      "house": "61",
      "postcode": "9360-528",
      "city": "PONTA DO SOL",
      "lon": "-17.097911809587917",
      "lat": "32.683665233954"
    },
    {
      "id": "pt.ine.add.MAD.29032",
      "street": "CAM PICO MELRO",
      "house": "51",
      "postcode": "9360-528",
      "city": "PONTA DO SOL",
      "lon": "-17.098182003620757",
      "lat": "32.683363109926205"
    },
    {
      "id": "pt.ine.add.MAD.29033",
      "street": "CAM PICO MELRO",
      "house": "35",
      "postcode": "9360-528",
      "city": "PONTA DO SOL",
      "lon": "-17.098674896315146",
      "lat": "32.682552234253315"
    },
    {
      "id": "pt.ine.add.MAD.29034",
      "street": "CAM PICO MELRO",
      "house": "25",
      "postcode": "9360-528",
      "city": "PONTA DO SOL",
      "lon": "-17.09873252588371",
      "lat": "32.68228072098305"
    },
    {
      "id": "pt.ine.add.MAD.29035",
      "street": "CAM PICO MELRO",
      "house": "CASA 9",
      "postcode": "9360-528",
      "city": "PONTA DO SOL",
      "lon": "-17.099180328510784",
      "lat": "32.68273315924733"
    },
    {
      "id": "pt.ine.add.MAD.29036",
      "street": "CAM PICO MELRO",
      "house": "CASA 3",
      "postcode": "9360-528",
      "city": "PONTA DO SOL",
      "lon": "-17.098997749517853",
      "lat": "32.682222172445464"
    },
    {
      "id": "pt.ine.add.MAD.29053",
      "street": "CAM PICO ANJO",
      "house": "5",
      "postcode": "9360-515",
      "city": "PONTA DO SOL",
      "lon": "-17.0878906856475",
      "lat": "32.685167185074185"
    },
    {
      "id": "pt.ine.add.MAD.29054",
      "street": "ER 222",
      "house": "68",
      "postcode": "9360-511",
      "city": "PONTA DO SOL",
      "lon": "-17.088096959182085",
      "lat": "32.68486614614956"
    },
    {
      "id": "pt.ine.add.MAD.29055",
      "street": "ESTR ESMERALDOS",
      "house": "2",
      "postcode": "9360-513",
      "city": "PONTA DO SOL",
      "lon": "-17.088447268256193",
      "lat": "32.68479718455216"
    },
    {
      "id": "pt.ine.add.MAD.29056",
      "street": "ESTR ESMERALDOS",
      "house": "14",
      "postcode": "9360-513",
      "city": "PONTA DO SOL",
      "lon": "-17.088613722633543",
      "lat": "32.6855339143239"
    },
    {
      "id": "pt.ine.add.MAD.29057",
      "street": "ESTR ESMERALDOS",
      "house": "18",
      "postcode": "9360-513",
      "city": "PONTA DO SOL",
      "lon": "-17.088572971967658",
      "lat": "32.68561575786114"
    },
    {
      "id": "pt.ine.add.MAD.29058",
      "street": "CAM PICO ANJO",
      "house": "18",
      "postcode": "9360-515",
      "city": "PONTA DO SOL",
      "lon": "-17.0871366323917",
      "lat": "32.68621684382592"
    },
    {
      "id": "pt.ine.add.MAD.29059",
      "street": "CAM PICO ANJO",
      "house": "6",
      "postcode": "9360-515",
      "city": "PONTA DO SOL",
      "lon": "-17.087374640359297",
      "lat": "32.685446325284516"
    },
    {
      "id": "pt.ine.add.MAD.29060",
      "street": "ER 222",
      "house": "54",
      "postcode": "9360-511",
      "city": "PONTA DO SOL",
      "lon": "-17.086736087117824",
      "lat": "32.685502044030855"
    },
    {
      "id": "pt.ine.add.MAD.29834",
      "street": "CAM PICO MELRO",
      "house": "19",
      "postcode": "9360-528",
      "city": "PONTA DO SOL",
      "lon": "-17.099001869305305",
      "lat": "32.681942536349915"
    },
    {
      "id": "pt.ine.add.MAD.29835",
      "street": "CAM SANTO AMARO",
      "house": "63",
      "postcode": "9360-508",
      "city": "PONTA DO SOL",
      "lon": "-17.099286190803188",
      "lat": "32.68224439935617"
    },
    {
      "id": "pt.ine.add.MAD.29849",
      "street": "CAM VOLTA DO ENGENHO",
      "house": "29",
      "postcode": "9360-522",
      "city": "PONTA DO SOL",
      "lon": "-17.092690045603774",
      "lat": "32.68838788745228"
    },
    {
      "id": "pt.ine.add.MAD.29850",
      "street": "CAM VOLTA DO ENGENHO",
      "house": "15",
      "postcode": "9360-522",
      "city": "PONTA DO SOL",
      "lon": "-17.09290149939765",
      "lat": "32.687852278646176"
    },
    {
      "id": "pt.ine.add.MAD.29851",
      "street": "CAM VOLTA DO ENGENHO",
      "house": "5",
      "postcode": "9360-522",
      "city": "PONTA DO SOL",
      "lon": "-17.092922329311563",
      "lat": "32.68737396095247"
    },
    {
      "id": "pt.ine.add.MAD.29852",
      "street": "ESTR NOVA DA LOMBADA",
      "house": "73",
      "postcode": "9360-518",
      "city": "PONTA DO SOL",
      "lon": "-17.09298769336472",
      "lat": "32.68697606468094"
    },
    {
      "id": "pt.ine.add.MAD.29853",
      "street": "CAM PICO DAS TABAIBEIRAS",
      "house": "28",
      "postcode": "9360-526",
      "city": "PONTA DO SOL",
      "lon": "-17.095173740262442",
      "lat": "32.68742654795119"
    },
    {
      "id": "pt.ine.add.MAD.29854",
      "street": "CAM PICO DAS TABAIBEIRAS",
      "house": "30",
      "postcode": "9360-526",
      "city": "PONTA DO SOL",
      "lon": "-17.095271156577397",
      "lat": "32.68748804837636"
    },
    {
      "id": "pt.ine.add.MAD.29855",
      "street": "CAM PICO DAS TABAIBEIRAS",
      "house": "32",
      "postcode": "9360-526",
      "city": "PONTA DO SOL",
      "lon": "-17.095300188390993",
      "lat": "32.6873613071296"
    },
    {
      "id": "pt.ine.add.MAD.29856",
      "street": "CAM CALÇADA",
      "house": "23",
      "postcode": "9360-517",
      "city": "PONTA DO SOL",
      "lon": "-17.093116667493653",
      "lat": "32.687019003514386"
    },
    {
      "id": "pt.ine.add.MAD.33206",
      "street": "CAM TORNADOURO",
      "house": "15",
      "postcode": "9360-556",
      "city": "PONTA DO SOL",
      "lon": "-17.103209455673504",
      "lat": "32.70129740337872"
    },
    {
      "id": "pt.ine.add.MAD.34053",
      "street": "CAM TORNADOURO",
      "house": "26",
      "postcode": "9360-556",
      "city": "PONTA DO SOL",
      "lon": "-17.104585039627224",
      "lat": "32.70128333771808"
    },
    {
      "id": "pt.ine.add.MAD.34054",
      "street": "CAM TORNADOURO",
      "house": "28",
      "postcode": "9360-556",
      "city": "PONTA DO SOL",
      "lon": "-17.1045990882843",
      "lat": "32.70142739400472"
    },
    {
      "id": "pt.ine.add.MAD.34055",
      "street": "ESTR SERRADO",
      "house": "59",
      "postcode": "9360-557",
      "city": "PONTA DO SOL",
      "lon": "-17.103586510225217",
      "lat": "32.70100249313954"
    },
    {
      "id": "pt.ine.add.MAD.34914",
      "street": "CAM TORNADOURO",
      "house": "",
      "postcode": "9360-556",
      "city": "PONTA DO SOL",
      "lon": "-17.105118068350308",
      "lat": "32.70036354487603"
    },
    {
      "id": "pt.ine.add.MAD.34915",
      "street": "ESTR LIVRAMENTO - LEVADA DO POISO",
      "house": "372",
      "postcode": "9360-537",
      "city": "PONTA DO SOL",
      "lon": "-17.106248134284247",
      "lat": "32.69943372143554"
    },
    {
      "id": "pt.ine.add.MAD.34916",
      "street": "ESTR SERRADO",
      "house": "41",
      "postcode": "9360-557",
      "city": "PONTA DO SOL",
      "lon": "-17.10568976952139",
      "lat": "32.70154435400965"
    },
    {
      "id": "pt.ine.add.MAD.34917",
      "street": "ESTR SERRADO",
      "house": "40",
      "postcode": "9360-557",
      "city": "PONTA DO SOL",
      "lon": "-17.105604335990527",
      "lat": "32.70108585788126"
    },
    {
      "id": "pt.ine.add.MAD.34920",
      "street": "ESTR NOVA DA LOMBADA",
      "house": "417",
      "postcode": "9360-518",
      "city": "PONTA DO SOL",
      "lon": "-17.083133641714927",
      "lat": "32.699819900789095"
    },
    {
      "id": "pt.ine.add.MAD.34921",
      "street": "ESTR NOVA LOMBADA",
      "house": "411",
      "postcode": "9360-518",
      "city": "PONTA DO SOL",
      "lon": "-17.083516182968506",
      "lat": "32.699299500576835"
    },
    {
      "id": "pt.ine.add.MAD.34922",
      "street": "ESTR NOVA LOMBADA",
      "house": "411",
      "postcode": "9360-518",
      "city": "PONTA DO SOL",
      "lon": "-17.083516182968506",
      "lat": "32.699299500576835"
    },
    {
      "id": "pt.ine.add.MAD.34923",
      "street": "ESTR NOVA DA LOMBADA",
      "house": "401",
      "postcode": "9360-518",
      "city": "PONTA DO SOL",
      "lon": "-17.083938432306915",
      "lat": "32.698652182928576"
    },
    {
      "id": "pt.ine.add.MAD.34924",
      "street": "ESTR NOVA DA LOMBADA",
      "house": "430",
      "postcode": "9360-518",
      "city": "PONTA DO SOL",
      "lon": "-17.081447854456837",
      "lat": "32.700713657044446"
    },
    {
      "id": "pt.ine.add.MAD.34925",
      "street": "ESTR NOVA DA LOMBADA",
      "house": "420",
      "postcode": "9360-518",
      "city": "PONTA DO SOL",
      "lon": "-17.082026091297326",
      "lat": "32.70035234173613"
    },
    {
      "id": "pt.ine.add.MAD.34926",
      "street": "ESTR NOVA DA LOMBADA",
      "house": "414",
      "postcode": "9360-518",
      "city": "PONTA DO SOL",
      "lon": "-17.082435410242468",
      "lat": "32.70006597610509"
    },
    {
      "id": "pt.ine.add.MAD.34927",
      "street": "ESTR NOVA LOMBADA",
      "house": "",
      "postcode": "9360-518",
      "city": "PONTA DO SOL",
      "lon": "-17.082936889607463",
      "lat": "32.69915581459437"
    },
    {
      "id": "pt.ine.add.MAD.34928",
      "street": "ESTR MIRADOURO",
      "house": "3B",
      "postcode": "9360-570",
      "city": "PONTA DO SOL",
      "lon": "-17.08311224958933",
      "lat": "32.698440454490445"
    },
    {
      "id": "pt.ine.add.MAD.35271",
      "street": "TV PEDRAS",
      "house": "17",
      "postcode": "9360-530",
      "city": "PONTA DO SOL",
      "lon": "-17.090377035548336",
      "lat": "32.69072613442132"
    },
    {
      "id": "pt.ine.add.MAD.35272",
      "street": "TV PEDRAS",
      "house": "15",
      "postcode": "9360-530",
      "city": "PONTA DO SOL",
      "lon": "-17.090438897678354",
      "lat": "32.69063492008805"
    },
    {
      "id": "pt.ine.add.MAD.35273",
      "street": "TV PEDRAS",
      "house": "9",
      "postcode": "9360-530",
      "city": "PONTA DO SOL",
      "lon": "-17.09096352006085",
      "lat": "32.69026544089942"
    },
    {
      "id": "pt.ine.add.MAD.35274",
      "street": "TV PEDRAS",
      "house": "7",
      "postcode": "9360-530",
      "city": "PONTA DO SOL",
      "lon": "-17.091057783444104",
      "lat": "32.690191722590114"
    },
    {
      "id": "pt.ine.add.MAD.35275",
      "street": "TV PEDRAS",
      "house": "5",
      "postcode": "9360-530",
      "city": "PONTA DO SOL",
      "lon": "-17.091033098708625",
      "lat": "32.69004784135745"
    },
    {
      "id": "pt.ine.add.MAD.35276",
      "street": "CAM CARREIRA",
      "house": "30",
      "postcode": "9360-524",
      "city": "PONTA DO SOL",
      "lon": "-17.09111165573319",
      "lat": "32.689757945619704"
    },
    {
      "id": "pt.ine.add.MAD.35789",
      "street": "ESTR MIRADOURO",
      "house": "34",
      "postcode": "9360-570",
      "city": "PONTA DO SOL",
      "lon": "-17.08267137404894",
      "lat": "32.69874538298941"
    },
    {
      "id": "pt.ine.add.MAD.35790",
      "street": "CAM JANGAO",
      "house": "249",
      "postcode": "9360-523",
      "city": "PONTA DO SOL",
      "lon": "-17.08114237545594",
      "lat": "32.699041321448654"
    },
    {
      "id": "pt.ine.add.MAD.35791",
      "street": "CAM JANGAO",
      "house": "242",
      "postcode": "9360-523",
      "city": "PONTA DO SOL",
      "lon": "-17.081039722936488",
      "lat": "32.69875443917755"
    },
    {
      "id": "pt.ine.add.MAD.35792",
      "street": "CAM JANGAO",
      "house": "234",
      "postcode": "9360-523",
      "city": "PONTA DO SOL",
      "lon": "-17.081179358192816",
      "lat": "32.69833727883317"
    },
    {
      "id": "pt.ine.add.MAD.35793",
      "street": "CAM JANGAO",
      "house": "216",
      "postcode": "9360-523",
      "city": "PONTA DO SOL",
      "lon": "-17.08135909999796",
      "lat": "32.696891364276276"
    },
    {
      "id": "pt.ine.add.MAD.35794",
      "street": "CAM JANGAO",
      "house": "200",
      "postcode": "9360-523",
      "city": "PONTA DO SOL",
      "lon": "-17.08208006550276",
      "lat": "32.6957881776435"
    },
    {
      "id": "pt.ine.add.MAD.35795",
      "street": "CAM JANGAO",
      "house": "198",
      "postcode": "9360-523",
      "city": "PONTA DO SOL",
      "lon": "-17.08222764855573",
      "lat": "32.69571358031204"
    },
    {
      "id": "pt.ine.add.MAD.35796",
      "street": "CAM JANGAO",
      "house": "192",
      "postcode": "9360-523",
      "city": "PONTA DO SOL",
      "lon": "-17.082391737710832",
      "lat": "32.69543128736161"
    },
    {
      "id": "pt.ine.add.MAD.35797",
      "street": "CAM JANGAO",
      "house": "170",
      "postcode": "9360-523",
      "city": "PONTA DO SOL",
      "lon": "-17.082990799269123",
      "lat": "32.69413171731961"
    },
    {
      "id": "pt.ine.add.MAD.35798",
      "street": "CAM JANGAO",
      "house": "168",
      "postcode": "9360-523",
      "city": "PONTA DO SOL",
      "lon": "-17.083200879066226",
      "lat": "32.69399295244587"
    },
    {
      "id": "pt.ine.add.MAD.35799",
      "street": "CAM JANGAO",
      "house": "166",
      "postcode": "9360-523",
      "city": "PONTA DO SOL",
      "lon": "-17.083316475043887",
      "lat": "32.69391888533456"
    },
    {
      "id": "pt.ine.add.MAD.36125",
      "street": "CAM PEDRAS - PEREIRINHA",
      "house": "15",
      "postcode": "9360-520",
      "city": "PONTA DO SOL",
      "lon": "-17.09010358511173",
      "lat": "32.690433088571446"
    },
    {
      "id": "pt.ine.add.MAD.36126",
      "street": "TV PEDRAS",
      "house": "28",
      "postcode": "9360-530",
      "city": "PONTA DO SOL",
      "lon": "-17.090129739470232",
      "lat": "32.690640073656596"
    },
    {
      "id": "pt.ine.add.MAD.36127",
      "street": "CAM CARREIRA",
      "house": "ZB",
      "postcode": "9360-524",
      "city": "PONTA DO SOL",
      "lon": "-17.090742951611233",
      "lat": "32.68995347801492"
    },
    {
      "id": "pt.ine.add.MAD.36128",
      "street": "TV PEDRAS",
      "house": "14",
      "postcode": "9360-530",
      "city": "PONTA DO SOL",
      "lon": "-17.090516826529516",
      "lat": "32.69031798024549"
    },
    {
      "id": "pt.ine.add.MAD.36129",
      "street": "TV PEDRAS",
      "house": "",
      "postcode": "9360-530",
      "city": "PONTA DO SOL",
      "lon": "-17.09046772698453",
      "lat": "32.69049916489956"
    },
    {
      "id": "pt.ine.add.MAD.36130",
      "street": "TV PEDRAS",
      "house": "24",
      "postcode": "9360-530",
      "city": "PONTA DO SOL",
      "lon": "-17.090267487035383",
      "lat": "32.69060170432139"
    },
    {
      "id": "pt.ine.add.MAD.36661",
      "street": "ESTR NOVA LOMBADA",
      "house": "329",
      "postcode": "9360-569",
      "city": "PONTA DO SOL",
      "lon": "-17.085913055726138",
      "lat": "32.69504809687155"
    },
    {
      "id": "pt.ine.add.MAD.36662",
      "street": "ESTR NOVA DA LOMBADA",
      "house": "311",
      "postcode": "9360-518",
      "city": "PONTA DO SOL",
      "lon": "-17.08605144131861",
      "lat": "32.69503677630872"
    },
    {
      "id": "pt.ine.add.MAD.36663",
      "street": "ESTR NOVA DA LOMBADA",
      "house": "317",
      "postcode": "9360-518",
      "city": "PONTA DO SOL",
      "lon": "-17.085971778941985",
      "lat": "32.69482166218305"
    },
    {
      "id": "pt.ine.add.MAD.39182",
      "street": "ESTR NOVA DA LOMBADA",
      "house": "385",
      "postcode": "9360-569",
      "city": "PONTA DO SOL",
      "lon": "-17.084078418065054",
      "lat": "32.69733318271387"
    },
    {
      "id": "pt.ine.add.MAD.39183",
      "street": "ESTR NOVA DA LOMBADA",
      "house": "377",
      "postcode": "9360-518",
      "city": "PONTA DO SOL",
      "lon": "-17.08417664902063",
      "lat": "32.69697081741449"
    },
    {
      "id": "pt.ine.add.MAD.39355",
      "street": "CAM PICO ANJO",
      "house": "CCI 204",
      "postcode": "9360-515",
      "city": "PONTA DO SOL",
      "lon": "-17.085241857992916",
      "lat": "32.689576125361135"
    },
    {
      "id": "pt.ine.add.MAD.39356",
      "street": "CAM PICO ANJO",
      "house": "52",
      "postcode": "9360-515",
      "city": "PONTA DO SOL",
      "lon": "-17.08551459664178",
      "lat": "32.68892227071854"
    },
    {
      "id": "pt.ine.add.MAD.39357",
      "street": "CAM PICO ANJO",
      "house": "48",
      "postcode": "9360-515",
      "city": "PONTA DO SOL",
      "lon": "-17.085560980004686",
      "lat": "32.68862389477391"
    },
    {
      "id": "pt.ine.add.MAD.39358",
      "street": "CAM PICO ANJO",
      "house": "48",
      "postcode": "9360-515",
      "city": "PONTA DO SOL",
      "lon": "-17.085560980004686",
      "lat": "32.68862389477391"
    },
    {
      "id": "pt.ine.add.MAD.39359",
      "street": "CAM PICO ANJO",
      "house": "44",
      "postcode": "9360-515",
      "city": "PONTA DO SOL",
      "lon": "-17.085726481343812",
      "lat": "32.687944768196616"
    },
    {
      "id": "pt.ine.add.MAD.39360",
      "street": "CAM PICO ANJO",
      "house": "28",
      "postcode": "9360-515",
      "city": "PONTA DO SOL",
      "lon": "-17.086775694474184",
      "lat": "32.68674591303407"
    },
    {
      "id": "pt.ine.add.MAD.39361",
      "street": "CAM PICO DO GAGO",
      "house": "7",
      "postcode": "9360-571",
      "city": "PONTA DO SOL",
      "lon": "-17.083885626617608",
      "lat": "32.692709991419996"
    },
    {
      "id": "pt.ine.add.MAD.39362",
      "street": "ESTR NOVA LOMBADA",
      "house": "",
      "postcode": "9360-518",
      "city": "PONTA DO SOL",
      "lon": "-17.085121089422216",
      "lat": "32.690344690660794"
    },
    {
      "id": "pt.ine.add.MAD.39363",
      "street": "ESTR NOVA LOMBADA",
      "house": "",
      "postcode": "9360-518",
      "city": "PONTA DO SOL",
      "lon": "-17.085154538757134",
      "lat": "32.69040726267359"
    },
    {
      "id": "pt.ine.add.MAD.39364",
      "street": "CAM JANGAO",
      "house": "146",
      "postcode": "9360-523",
      "city": "PONTA DO SOL",
      "lon": "-17.084176195597866",
      "lat": "32.69282240019821"
    },
    {
      "id": "pt.ine.add.MAD.39365",
      "street": "ER 222",
      "house": "",
      "postcode": "9360-511",
      "city": "PONTA DO SOL",
      "lon": "-17.082721171130448",
      "lat": "32.68987052998975"
    },
    {
      "id": "pt.ine.add.MAD.39926",
      "street": "CAM LOMBO S JOÃO",
      "house": "185",
      "postcode": "9360-559",
      "city": "PONTA DO SOL",
      "lon": "-17.1020473792526",
      "lat": "32.70313858163757"
    },
    {
      "id": "pt.ine.add.MAD.39931",
      "street": "CAM TORNADOURO 2 VEREDA",
      "house": "6",
      "postcode": "9360-556",
      "city": "PONTA DO SOL",
      "lon": "-17.10427703798037",
      "lat": "32.70179353010311"
    },
    {
      "id": "pt.ine.add.MAD.39932",
      "street": "CAM FAIA",
      "house": "",
      "postcode": "9360-555",
      "city": "PONTA DO SOL",
      "lon": "-17.105436418720352",
      "lat": "32.70301858434975"
    },
    {
      "id": "pt.ine.add.MAD.39933",
      "street": "CAM FAIA CCI",
      "house": "702",
      "postcode": "9360-555",
      "city": "PONTA DO SOL",
      "lon": "-17.105732269751073",
      "lat": "32.703807221679526"
    },
    {
      "id": "pt.ine.add.MAD.39934",
      "street": "CAM FAIA CCI",
      "house": "704",
      "postcode": "9360-555",
      "city": "PONTA DO SOL",
      "lon": "-17.105897284978727",
      "lat": "32.704020887917125"
    },
    {
      "id": "pt.ine.add.MAD.39935",
      "street": "CAM FAIA",
      "house": "66",
      "postcode": "9360-555",
      "city": "PONTA DO SOL",
      "lon": "-17.105417622601454",
      "lat": "32.70585063098874"
    },
    {
      "id": "pt.ine.add.MAD.39936",
      "street": "CAM FAIA",
      "house": "65",
      "postcode": "9360-555",
      "city": "PONTA DO SOL",
      "lon": "-17.105705717384442",
      "lat": "32.70585481048971"
    },
    {
      "id": "pt.ine.add.MAD.39937",
      "street": "CAM FAIA",
      "house": "3",
      "postcode": "9360-555",
      "city": "PONTA DO SOL",
      "lon": "-17.104635979531746",
      "lat": "32.70390679500954"
    },
    {
      "id": "pt.ine.add.MAD.39938",
      "street": "CAM FAIA",
      "house": "28",
      "postcode": "9360-555",
      "city": "PONTA DO SOL",
      "lon": "-17.104060545962035",
      "lat": "32.702112802619475"
    },
    {
      "id": "pt.ine.add.MAD.39939",
      "street": "CAM FAIA",
      "house": "15",
      "postcode": "9360-555",
      "city": "PONTA DO SOL",
      "lon": "-17.103210428586923",
      "lat": "32.70179339138362"
    },
    {
      "id": "pt.ine.add.MAD.39940",
      "street": "CAM FAIA",
      "house": "9",
      "postcode": "9360-555",
      "city": "PONTA DO SOL",
      "lon": "-17.102751333786273",
      "lat": "32.70177403745484"
    },
    {
      "id": "pt.ine.add.MAD.39941",
      "street": "ESTR NOVA LOMBADA",
      "house": "",
      "postcode": "9360-518",
      "city": "PONTA DO SOL",
      "lon": "-17.084261101999328",
      "lat": "32.69693334031019"
    },
    {
      "id": "pt.ine.add.MAD.39942",
      "street": "ESTR NOVA LOMBADA",
      "house": "373",
      "postcode": "9360-518",
      "city": "PONTA DO SOL",
      "lon": "-17.08428889422894",
      "lat": "32.6967525120699"
    },
    {
      "id": "pt.ine.add.MAD.39943",
      "street": "ESTR NOVA DA LOMBADA",
      "house": "329",
      "postcode": "9360-518",
      "city": "PONTA DO SOL",
      "lon": "-17.085896593675862",
      "lat": "32.69571572566806"
    },
    {
      "id": "pt.ine.add.MAD.39944",
      "street": "ESTR NOVA LOMBADA",
      "house": "",
      "postcode": "9360-518",
      "city": "PONTA DO SOL",
      "lon": "-17.086468983805688",
      "lat": "32.69602184285781"
    },
    {
      "id": "pt.ine.add.MAD.39945",
      "street": "ESTR NOVA LOMBADA",
      "house": "",
      "postcode": "9360-518",
      "city": "PONTA DO SOL",
      "lon": "-17.08687344215217",
      "lat": "32.6955281231718"
    },
    {
      "id": "pt.ine.add.MAD.39946",
      "street": "ESTR NOVA LOMBADA",
      "house": "",
      "postcode": "9360-518",
      "city": "PONTA DO SOL",
      "lon": "-17.087170487463766",
      "lat": "32.695460050725366"
    },
    {
      "id": "pt.ine.add.MAD.39947",
      "street": "ESTR NOVA DA LOMBADA",
      "house": "295",
      "postcode": "9360-518",
      "city": "PONTA DO SOL",
      "lon": "-17.087324318858602",
      "lat": "32.695195959047254"
    },
    {
      "id": "pt.ine.add.MAD.39948",
      "street": "ESTR NOVA DA LOMBADA",
      "house": "7",
      "postcode": "9360-518",
      "city": "PONTA DO SOL",
      "lon": "-17.087465853020436",
      "lat": "32.69531985910001"
    },
    {
      "id": "pt.ine.add.MAD.39949",
      "street": "ESTR NOVA DA LOMBADA",
      "house": "291",
      "postcode": "9360-518",
      "city": "PONTA DO SOL",
      "lon": "-17.087621362680235",
      "lat": "32.69512788558726"
    },
    {
      "id": "pt.ine.add.MAD.39950",
      "street": "CAM PEDRAS - PEREIRINHA",
      "house": "11",
      "postcode": "9360-520",
      "city": "PONTA DO SOL",
      "lon": "-17.08819302898923",
      "lat": "32.6944870849012"
    },
    {
      "id": "pt.ine.add.MAD.39951",
      "street": "CAM PEDRAS - PEREIRINHA",
      "house": "7",
      "postcode": "9360-520",
      "city": "PONTA DO SOL",
      "lon": "-17.088242554867094",
      "lat": "32.694323930587785"
    },
    {
      "id": "pt.ine.add.MAD.39952",
      "street": "CAM PEDRAS - PEREIRINHA",
      "house": "7",
      "postcode": "9360-520",
      "city": "PONTA DO SOL",
      "lon": "-17.088296280232385",
      "lat": "32.694341072425736"
    },
    {
      "id": "pt.ine.add.MAD.39953",
      "street": "CAM PEDRAS - PEREIRINHA",
      "house": "45",
      "postcode": "9360-520",
      "city": "PONTA DO SOL",
      "lon": "-17.088767477049462",
      "lat": "32.69259269090668"
    },
    {
      "id": "pt.ine.add.MAD.39954",
      "street": "CAM PEDRAS - PEREIRINHA",
      "house": "43",
      "postcode": "9360-520",
      "city": "PONTA DO SOL",
      "lon": "-17.08880781030457",
      "lat": "32.692492817653836"
    },
    {
      "id": "pt.ine.add.MAD.55651",
      "street": "CAM LOMBO S JOÃO",
      "house": "159",
      "postcode": "9360-559",
      "city": "PONTA DO SOL",
      "lon": "-17.102807143354482",
      "lat": "32.70097047610688"
    },
    {
      "id": "pt.ine.add.MAD.55653",
      "street": "CAM TORNADOURO",
      "house": "602",
      "postcode": "9360-556",
      "city": "PONTA DO SOL",
      "lon": "-17.10573898247119",
      "lat": "32.701823093320556"
    },
    {
      "id": "pt.ine.add.MAD.55655",
      "street": "ESTR NOVA LOMBADA",
      "house": "",
      "postcode": "9360-518",
      "city": "PONTA DO SOL",
      "lon": "-17.084460315014613",
      "lat": "32.69678573559622"
    },
    {
      "id": "pt.ine.add.MAD.55656",
      "street": "ESTR NOVA LOMBADA",
      "house": "",
      "postcode": "9360-518",
      "city": "PONTA DO SOL",
      "lon": "-17.08648611010104",
      "lat": "32.69584119170719"
    },
    {
      "id": "pt.ine.add.MAD.56072",
      "street": "CAM PICO MELRO",
      "house": "43",
      "postcode": "9360-528",
      "city": "PONTA DO SOL",
      "lon": "-17.098400373852833",
      "lat": "32.68312498056224"
    },
    {
      "id": "pt.ine.add.MAD.58254",
      "street": "ESTR NOVA DA LOMBADA",
      "house": "329",
      "postcode": "9360-518",
      "city": "PONTA DO SOL",
      "lon": "-17.086007821117295",
      "lat": "32.69591227804001"
    },
    {
      "id": "pt.ine.add.MAD.58262",
      "street": "CAM PICO DO GAGO",
      "house": "28",
      "postcode": "9360-571",
      "city": "PONTA DO SOL",
      "lon": "-17.08452208154043",
      "lat": "32.691644269343335"
    },
    {
      "id": "pt.ine.add.MAD.58530",
      "street": "CAM VOLTA DO ENGENHO",
      "house": "25",
      "postcode": "9360-522",
      "city": "PONTA DO SOL",
      "lon": "-17.092632536465256",
      "lat": "32.68820848111678"
    },
    {
      "id": "pt.ine.add.MAD.61960",
      "street": "CAM LOMBO S JOÃO",
      "house": "187",
      "postcode": "9360-559",
      "city": "PONTA DO SOL",
      "lon": "-17.102048859313467",
      "lat": "32.70320168465036"
    },
    {
      "id": "pt.ine.add.MAD.62144",
      "street": "ESTR NOVA DA LOMBADA",
      "house": "388",
      "postcode": "9360-518",
      "city": "PONTA DO SOL",
      "lon": "-17.083934004323265",
      "lat": "32.69800293813642"
    },
    {
      "id": "pt.ine.add.MAD.62147",
      "street": "ESTR NOVA DA LOMBADA ENTRADA 301",
      "house": "8",
      "postcode": "9360-518",
      "city": "PONTA DO SOL",
      "lon": "-17.08734169669784",
      "lat": "32.695484255561276"
    },
    {
      "id": "pt.ine.add.MAD.62148",
      "street": "CAM PEDRAS - PEREIRINHA",
      "house": "2",
      "postcode": "9360-520",
      "city": "PONTA DO SOL",
      "lon": "-17.088124186041405",
      "lat": "32.69382087674049"
    },
    {
      "id": "pt.ine.add.MAD.62566",
      "street": "CAM PICO ANJO",
      "house": "1",
      "postcode": "9360-515",
      "city": "PONTA DO SOL",
      "lon": "-17.087713243062016",
      "lat": "32.685332468940764"
    },
    {
      "id": "pt.ine.add.MAD.62567",
      "street": "ER 222",
      "house": "66",
      "postcode": "9360-511",
      "city": "PONTA DO SOL",
      "lon": "-17.087713410518685",
      "lat": "32.68488155023283"
    },
    {
      "id": "pt.ine.add.MAD.62568",
      "street": "CAM PICO DAS TABAIBEIRAS",
      "house": "6",
      "postcode": "9360-526",
      "city": "PONTA DO SOL",
      "lon": "-17.09384387472335",
      "lat": "32.68710606466348"
    },
    {
      "id": "pt.ine.add.MAD.64264",
      "street": "CAM FAIA",
      "house": "",
      "postcode": "9360-555",
      "city": "PONTA DO SOL",
      "lon": "-17.105916351925924",
      "lat": "32.70619396575645"
    },
    {
      "id": "pt.ine.add.MAD.64270",
      "street": "CAM TORNADOURO",
      "house": "601",
      "postcode": "9360-556",
      "city": "PONTA DO SOL",
      "lon": "-17.1049622250068",
      "lat": "32.70144835233764"
    },
    {
      "id": "pt.ine.add.MAD.64271",
      "street": "CAM JANGAO",
      "house": "158",
      "postcode": "9360-523",
      "city": "PONTA DO SOL",
      "lon": "-17.083464868891017",
      "lat": "32.693420412207615"
    },
    {
      "id": "pt.ine.add.MAD.64430",
      "street": "TV PEDRAS",
      "house": "12",
      "postcode": "9360-530",
      "city": "PONTA DO SOL",
      "lon": "-17.09063325225174",
      "lat": "32.69027996598604"
    },
    {
      "id": "pt.ine.add.MAD.64757",
      "street": "CAM VOLTA DO ENGENHO",
      "house": "17",
      "postcode": "9360-522",
      "city": "PONTA DO SOL",
      "lon": "-17.093105307170518",
      "lat": "32.687902986774695"
    },
    {
      "id": "pt.ine.add.MAD.66512",
      "street": "CAM LOMBO S JOÃO",
      "house": "15",
      "postcode": "9360-559",
      "city": "PONTA DO SOL",
      "lon": "-17.105094975622645",
      "lat": "32.700742699416544"
    },
    {
      "id": "pt.ine.add.MAD.66513",
      "street": "CAM POMAR D JOÃO",
      "house": "",
      "postcode": "9360-552",
      "city": "PONTA DO SOL",
      "lon": "-17.095616425898548",
      "lat": "32.707277412370416"
    },
    {
      "id": "pt.ine.add.MAD.66702",
      "street": "TV PEDRAS",
      "house": "10",
      "postcode": "9360-530",
      "city": "PONTA DO SOL",
      "lon": "-17.09066250155252",
      "lat": "32.69016224036352"
    },
    {
      "id": "pt.ine.add.MAD.66706",
      "street": "CAM PICO ANJO",
      "house": "46",
      "postcode": "9360-515",
      "city": "PONTA DO SOL",
      "lon": "-17.085671744764984",
      "lat": "32.68834248465465"
    },
    {
      "id": "pt.ine.add.MAD.66707",
      "street": "CAM PICO DO GAGO",
      "house": "3",
      "postcode": "9360-571",
      "city": "PONTA DO SOL",
      "lon": "-17.083856786733303",
      "lat": "32.692845745482586"
    },
    {
      "id": "pt.ine.add.MAD.66708",
      "street": "CAM PICO DO GAGO",
      "house": "10",
      "postcode": "9360-571",
      "city": "PONTA DO SOL",
      "lon": "-17.084196652701852",
      "lat": "32.69232605270439"
    },
    {
      "id": "pt.ine.add.MAD.67101",
      "street": "ESTR ESMERALDOS",
      "house": "26",
      "postcode": "9360-513",
      "city": "PONTA DO SOL",
      "lon": "-17.08835456896423",
      "lat": "32.68585387132339"
    },
    {
      "id": "pt.ine.add.MAD.70035",
      "street": "ESTR NOVA DA LOMBADA",
      "house": "425",
      "postcode": "9360-518",
      "city": "PONTA DO SOL",
      "lon": "-17.082347412458518",
      "lat": "32.700410133545944"
    },
    {
      "id": "pt.ine.add.MAD.70036",
      "street": "CAM JANGAO",
      "house": "170 C2",
      "postcode": "9360-523",
      "city": "PONTA DO SOL",
      "lon": "-17.083160329414035",
      "lat": "32.69408380931422"
    },
    {
      "id": "pt.ine.add.MAD.70037",
      "street": "ESTR NOVA DA LOMBADA",
      "house": "281",
      "postcode": "9360-518",
      "city": "PONTA DO SOL",
      "lon": "-17.0880090608598",
      "lat": "32.69437291059395"
    },
    {
      "id": "pt.ine.add.MAD.70241",
      "street": "CAM JANGAO",
      "house": "",
      "postcode": "9360-523",
      "city": "PONTA DO SOL",
      "lon": "-17.08405766810104",
      "lat": "32.69277026034175"
    },
    {
      "id": "pt.ine.add.MAD.70452",
      "street": "CAM PICO MELRO",
      "house": "79",
      "postcode": "9360-528",
      "city": "PONTA DO SOL",
      "lon": "-17.097295623898006",
      "lat": "32.68467657133615"
    },
    {
      "id": "pt.ine.add.MAD.70662",
      "street": "CAM VOLTA DO ENGENHO",
      "house": "7",
      "postcode": "9360-522",
      "city": "PONTA DO SOL",
      "lon": "-17.09330132909551",
      "lat": "32.687620147376606"
    },
    {
      "id": "pt.ine.add.MAD.72547",
      "street": "ESTR SERRADO",
      "house": "51",
      "postcode": "9360-557",
      "city": "PONTA DO SOL",
      "lon": "-17.104505962016624",
      "lat": "32.7010952817293"
    },
    {
      "id": "pt.ine.add.MAD.72548",
      "street": "CAM JANGAO",
      "house": "160",
      "postcode": "9360-523",
      "city": "PONTA DO SOL",
      "lon": "-17.083215917135284",
      "lat": "32.693722153053535"
    },
    {
      "id": "pt.ine.add.MAD.72550",
      "street": "ESTR NOVA LOMBADA",
      "house": "",
      "postcode": "9360-518",
      "city": "PONTA DO SOL",
      "lon": "-17.087276050232354",
      "lat": "32.6954132019396"
    },
    {
      "id": "pt.ine.add.MAD.72552",
      "street": "CAM CARREIRA",
      "house": "32",
      "postcode": "9360-524",
      "city": "PONTA DO SOL",
      "lon": "-17.09121657898646",
      "lat": "32.6896840494366"
    },
    {
      "id": "pt.ine.add.MAD.72559",
      "street": "CAM PICO ANJO",
      "house": "40",
      "postcode": "9360-515",
      "city": "PONTA DO SOL",
      "lon": "-17.085944896368325",
      "lat": "32.68770665889827"
    },
    {
      "id": "pt.ine.add.MAD.72997",
      "street": "ESTR ESMERALDOS",
      "house": "10",
      "postcode": "9360-513",
      "city": "PONTA DO SOL",
      "lon": "-17.088543254398452",
      "lat": "32.6852555201548"
    },
    {
      "id": "pt.ine.add.MAD.76739",
      "street": "CAM LOMBO S JOÃO",
      "house": "193",
      "postcode": "9360-559",
      "city": "PONTA DO SOL",
      "lon": "-17.10217354254541",
      "lat": "32.703515233158775"
    },
    {
      "id": "pt.ine.add.MAD.76746",
      "street": "CAM TORNADOURO",
      "house": "603",
      "postcode": "9360-556",
      "city": "PONTA DO SOL",
      "lon": "-17.105643025800845",
      "lat": "32.70182470497435"
    },
    {
      "id": "pt.ine.add.MAD.76907",
      "street": "ESTR LIVRAMENTO - LEVADA DO POISO",
      "house": "360",
      "postcode": "9360-537",
      "city": "PONTA DO SOL",
      "lon": "-17.105877241546462",
      "lat": "32.69862830853871"
    },
    {
      "id": "pt.ine.add.MAD.76908",
      "street": "CAM JANGAO",
      "house": "170-4",
      "postcode": "9360-523",
      "city": "PONTA DO SOL",
      "lon": "-17.083064798548364",
      "lat": "32.69410343303821"
    },
    {
      "id": "pt.ine.add.MAD.76909",
      "street": "CAM JANGAO",
      "house": "154",
      "postcode": "9360-523",
      "city": "PONTA DO SOL",
      "lon": "-17.083652786296582",
      "lat": "32.693245941594455"
    },
    {
      "id": "pt.ine.add.MAD.76911",
      "street": "ESTR NOVA DA LOMBADA",
      "house": "353",
      "postcode": "9360-518",
      "city": "PONTA DO SOL",
      "lon": "-17.08541211508018",
      "lat": "32.69689616481057"
    },
    {
      "id": "pt.ine.add.MAD.76918",
      "street": "CAM PICO ANJO",
      "house": "56",
      "postcode": "9360-515",
      "city": "PONTA DO SOL",
      "lon": "-17.085447101696666",
      "lat": "32.689230016061806"
    },
    {
      "id": "pt.ine.add.MAD.77296",
      "street": "CAM PICO MELRO",
      "house": "71",
      "postcode": "9360-528",
      "city": "PONTA DO SOL",
      "lon": "-17.097561606263845",
      "lat": "32.68419415308846"
    },
    {
      "id": "pt.ine.add.MAD.77297",
      "street": "CAM PICO MELRO",
      "house": "71",
      "postcode": "9360-528",
      "city": "PONTA DO SOL",
      "lon": "-17.097561606263845",
      "lat": "32.68419415308846"
    },
    {
      "id": "pt.ine.add.MAD.77298",
      "street": "ER 222",
      "house": "268",
      "postcode": "9360-511",
      "city": "PONTA DO SOL",
      "lon": "-17.099838170618348",
      "lat": "32.68122510953123"
    },
    {
      "id": "pt.ine.add.MAD.78569",
      "street": "CAM FAIA",
      "house": "4",
      "postcode": "9360-555",
      "city": "PONTA DO SOL",
      "lon": "-17.10244205109356",
      "lat": "32.70223013749989"
    },
    {
      "id": "pt.ine.add.MAD.78745",
      "street": "ESTR SERRADO",
      "house": "",
      "postcode": "9360-557",
      "city": "PONTA DO SOL",
      "lon": "-17.105542850509245",
      "lat": "32.69892250888138"
    },
    {
      "id": "pt.ine.add.MAD.78746",
      "street": "ESTR SERRADO",
      "house": "501",
      "postcode": "9360-557",
      "city": "PONTA DO SOL",
      "lon": "-17.105785027727386",
      "lat": "32.69924309886256"
    },
    {
      "id": "pt.ine.add.MAD.78747",
      "street": "ESTR SERRADO",
      "house": "36",
      "postcode": "9360-557",
      "city": "PONTA DO SOL",
      "lon": "-17.10595659781398",
      "lat": "32.701097977744865"
    },
    {
      "id": "pt.ine.add.MAD.78748",
      "street": "CAM JANGAO",
      "house": "208",
      "postcode": "9360-523",
      "city": "PONTA DO SOL",
      "lon": "-17.081654674724227",
      "lat": "32.69630026665128"
    },
    {
      "id": "pt.ine.add.MAD.78753",
      "street": "CAM CARREIRA",
      "house": "26",
      "postcode": "9360-524",
      "city": "PONTA DO SOL",
      "lon": "-17.090603103459056",
      "lat": "32.689901699814996"
    },
    {
      "id": "pt.ine.add.MAD.78915",
      "street": "TV PEDRAS",
      "house": "8",
      "postcode": "9360-530",
      "city": "PONTA DO SOL",
      "lon": "-17.090790428371484",
      "lat": "32.690160107429016"
    },
    {
      "id": "pt.ine.add.MAD.78920",
      "street": "CAM PICO ANJO",
      "house": "24",
      "postcode": "9360-515",
      "city": "PONTA DO SOL",
      "lon": "-17.086899421109102",
      "lat": "32.686563487713315"
    },
    {
      "id": "pt.ine.add.MAD.80579",
      "street": "CAM LOMBO S JOAO",
      "house": "35",
      "postcode": "9360-559",
      "city": "PONTA DO SOL",
      "lon": "-17.104922389666964",
      "lat": "32.70247710231769"
    },
    {
      "id": "pt.ine.add.MAD.80580",
      "street": "CAM FAIA",
      "house": "25",
      "postcode": "9360-555",
      "city": "PONTA DO SOL",
      "lon": "-17.103938186245802",
      "lat": "32.70189841789097"
    },
    {
      "id": "pt.ine.add.MAD.80585",
      "street": "ESTR SERRADO",
      "house": "1",
      "postcode": "9360-557",
      "city": "PONTA DO SOL",
      "lon": "-17.105642974365317",
      "lat": "32.69819034847023"
    },
    {
      "id": "pt.ine.add.MAD.80586",
      "street": "CAM JANGAO",
      "house": "220",
      "postcode": "9360-523",
      "city": "PONTA DO SOL",
      "lon": "-17.081292423411902",
      "lat": "32.69723516721373"
    },
    {
      "id": "pt.ine.add.MAD.80587",
      "street": "CAM JANGAO",
      "house": "174",
      "postcode": "9360-523",
      "city": "PONTA DO SOL",
      "lon": "-17.083090100444114",
      "lat": "32.69427436074133"
    },
    {
      "id": "pt.ine.add.MAD.80592",
      "street": "ESTR NOVA DA LOMBADA",
      "house": "331",
      "postcode": "9360-518",
      "city": "PONTA DO SOL",
      "lon": "-17.085706333692453",
      "lat": "32.695331103349226"
    },
    {
      "id": "pt.ine.add.MAD.80674",
      "street": "ESTR NOVA DA LOMBADA ENTRADA 301",
      "house": "6",
      "postcode": "9360-518",
      "city": "PONTA DO SOL",
      "lon": "-17.086982572807315",
      "lat": "32.69563452646617"
    },
    {
      "id": "pt.ine.add.MAD.80675",
      "street": "ESTR NOVA DA LOMBADA",
      "house": "297",
      "postcode": "9360-518",
      "city": "PONTA DO SOL",
      "lon": "-17.087240288643756",
      "lat": "32.6952514677333"
    },
    {
      "id": "pt.ine.add.MAD.80681",
      "street": "ER 222",
      "house": "",
      "postcode": "9360-511",
      "city": "PONTA DO SOL",
      "lon": "-17.08310243914073",
      "lat": "32.689755977004445"
    },
    {
      "id": "pt.ine.add.MAD.80682",
      "street": "ER 222",
      "house": "CCI 101",
      "postcode": "9360-511",
      "city": "PONTA DO SOL",
      "lon": "-17.08351352732719",
      "lat": "32.688170940637384"
    },
    {
      "id": "pt.ine.add.MAD.80923",
      "street": "CAM PICO MELRO",
      "house": "85",
      "postcode": "9360-528",
      "city": "PONTA DO SOL",
      "lon": "-17.09711883271227",
      "lat": "32.68486891209656"
    },
    {
      "id": "pt.ine.add.MAD.80924",
      "street": "CAM PICO MELRO",
      "house": "85",
      "postcode": "9360-528",
      "city": "PONTA DO SOL",
      "lon": "-17.09711883271227",
      "lat": "32.68486891209656"
    },
    {
      "id": "pt.ine.add.MAD.80926",
      "street": "ER 222",
      "house": "276",
      "postcode": "9360-511",
      "city": "PONTA DO SOL",
      "lon": "-17.099432470698734",
      "lat": "32.68211569453506"
    },
    {
      "id": "pt.ine.add.MAD.81014",
      "street": "CAM CALÇADA",
      "house": "21",
      "postcode": "9360-517",
      "city": "PONTA DO SOL",
      "lon": "-17.093457161830617",
      "lat": "32.68698626484256"
    },
    {
      "id": "pt.ine.add.MAD.84037",
      "street": "CAM TORNADOURO",
      "house": "5",
      "postcode": "9360-556",
      "city": "PONTA DO SOL",
      "lon": "-17.105325373172132",
      "lat": "32.70010755272054"
    },
    {
      "id": "pt.ine.add.MAD.84222",
      "street": "CAM JANGAO",
      "house": "194",
      "postcode": "9360-523",
      "city": "PONTA DO SOL",
      "lon": "-17.082298927293742",
      "lat": "32.6955681034942"
    },
    {
      "id": "pt.ine.add.MAD.84636",
      "street": "CAM PICO MELRO",
      "house": "CASA 11",
      "postcode": "9360-528",
      "city": "PONTA DO SOL",
      "lon": "-17.099090510138637",
      "lat": "32.682996193165934"
    },
    {
      "id": "pt.ine.add.MAD.84639",
      "street": "CAM VOLTA DO ENGENHO",
      "house": "21",
      "postcode": "9360-522",
      "city": "PONTA DO SOL",
      "lon": "-17.092831505969063",
      "lat": "32.68805184946056"
    },
    {
      "id": "pt.ine.add.MAD.84640",
      "street": "CAM VOLTA DO ENGENHO",
      "house": "7",
      "postcode": "9360-522",
      "city": "PONTA DO SOL",
      "lon": "-17.093075149348287",
      "lat": "32.68752472145602"
    },
    {
      "id": "pt.ine.add.MAD.84645",
      "street": "ESTR ESMERALDOS",
      "house": "",
      "postcode": "9360-513",
      "city": "PONTA DO SOL",
      "lon": "-17.088483492990118",
      "lat": "32.68543688175347"
    },
    {
      "id": "pt.ine.add.MAD.89034",
      "street": "ESTR NOVA LOMBADA",
      "house": "",
      "postcode": "9360-518",
      "city": "PONTA DO SOL",
      "lon": "-17.08116711384974",
      "lat": "32.701484874233174"
    },
    {
      "id": "pt.ine.add.MAD.89035",
      "street": "ESTR NOVA DA LOMBADA",
      "house": "431",
      "postcode": "9360-518",
      "city": "PONTA DO SOL",
      "lon": "-17.081914883408245",
      "lat": "32.700615719521814"
    },
    {
      "id": "pt.ine.add.MAD.89036",
      "street": "ESTR NOVA DA LOMBADA",
      "house": "406",
      "postcode": "9360-518",
      "city": "PONTA DO SOL",
      "lon": "-17.083397856569324",
      "lat": "32.699256375307"
    },
    {
      "id": "pt.ine.add.MAD.89176",
      "street": "ESTR NOVA DA LOMBADA",
      "house": "396",
      "postcode": "9360-518",
      "city": "PONTA DO SOL",
      "lon": "-17.08361502124994",
      "lat": "32.69850424667868"
    },
    {
      "id": "pt.ine.add.MAD.89177",
      "street": "ESTR MIRADOURO",
      "house": "36",
      "postcode": "9360-570",
      "city": "PONTA DO SOL",
      "lon": "-17.08303177497563",
      "lat": "32.698649212705455"
    },
    {
      "id": "pt.ine.add.MAD.89178",
      "street": "SIT PEREIRINHA",
      "house": "",
      "postcode": "9360-518",
      "city": "PONTA DO SOL",
      "lon": "-17.088046083143613",
      "lat": "32.69458873341617"
    },
    {
      "id": "pt.ine.add.MAD.89204",
      "street": "CAM PICO MELRO",
      "house": "81",
      "postcode": "9360-528",
      "city": "PONTA DO SOL",
      "lon": "-17.097198841848375",
      "lat": "32.68464211670335"
    },
    {
      "id": "pt.ine.add.MAD.89350",
      "street": "CAM PICO DAS TABAIBEIRAS",
      "house": "12",
      "postcode": "9360-526",
      "city": "PONTA DO SOL",
      "lon": "-17.094126723292828",
      "lat": "32.68734483568584"
    },
    {
      "id": "pt.ine.add.MAD.90166",
      "street": "ESTR SERRADO",
      "house": "34",
      "postcode": "9360-557",
      "city": "PONTA DO SOL",
      "lon": "-17.10591847006533",
      "lat": "32.70083708880819"
    },
    {
      "id": "pt.ine.add.MAD.90167",
      "street": "ESTR NOVA DA LOMBADA",
      "house": "428",
      "postcode": "9360-518",
      "city": "PONTA DO SOL",
      "lon": "-17.08154339271275",
      "lat": "32.700694034273084"
    },
    {
      "id": "pt.ine.add.MAD.90168",
      "street": "ESTR NOVA DA LOMBADA",
      "house": "309",
      "postcode": "9360-518",
      "city": "PONTA DO SOL",
      "lon": "-17.086172070704496",
      "lat": "32.695179062286755"
    },
    {
      "id": "pt.ine.add.MAD.90362",
      "street": "TV PEDRAS",
      "house": "11",
      "postcode": "9360-530",
      "city": "PONTA DO SOL",
      "lon": "-17.090827665196688",
      "lat": "32.690384944163114"
    },
    {
      "id": "pt.ine.add.MAD.90367",
      "street": "CAM PICO ANJO",
      "house": "32",
      "postcode": "9360-515",
      "city": "PONTA DO SOL",
      "lon": "-17.086546623716103",
      "lat": "32.68698420100443"
    },
    {
      "id": "pt.ine.add.MAD.90368",
      "street": "ESTR NOVA LOMBADA CCI",
      "house": "CCI 101",
      "postcode": "9360-518",
      "city": "PONTA DO SOL",
      "lon": "-17.08493404900985",
      "lat": "32.69101515624359"
    },
    {
      "id": "pt.ine.add.MAD.90370",
      "street": "ER 222",
      "house": "12",
      "postcode": "9360-511",
      "city": "PONTA DO SOL",
      "lon": "-17.084051759455274",
      "lat": "32.6879275203511"
    },
    {
      "id": "pt.ine.add.MAD.90978",
      "street": "CAM PICO MELRO",
      "house": "5",
      "postcode": "9360-528",
      "city": "PONTA DO SOL",
      "lon": "-17.099687461233952",
      "lat": "32.681164504772774"
    },
    {
      "id": "pt.ine.add.MAD.90979",
      "street": "CAM PICO MELRO",
      "house": "5",
      "postcode": "9360-528",
      "city": "PONTA DO SOL",
      "lon": "-17.099687461233952",
      "lat": "32.681164504772774"
    },
    {
      "id": "pt.ine.add.MAD.90981",
      "street": "CAM VOLTA DO ENGENHO",
      "house": "",
      "postcode": "9360-522",
      "city": "PONTA DO SOL",
      "lon": "-17.092483359774942",
      "lat": "32.68867090389586"
    },
    {
      "id": "pt.ine.add.MAD.94872",
      "street": "CAM LOMBO S JOAO",
      "house": "65",
      "postcode": "9360-559",
      "city": "PONTA DO SOL",
      "lon": "-17.10576157103352",
      "lat": "32.70596209129915"
    },
    {
      "id": "pt.ine.add.MAD.94882",
      "street": "CAM JANGAO",
      "house": "238",
      "postcode": "9360-523",
      "city": "PONTA DO SOL",
      "lon": "-17.081088426746682",
      "lat": "32.69855522779813"
    },
    {
      "id": "pt.ine.add.MAD.94883",
      "street": "ESTR NOVA DA LOMBADA",
      "house": "307",
      "postcode": "9360-518",
      "city": "PONTA DO SOL",
      "lon": "-17.086323215563997",
      "lat": "32.69525771222095"
    },
    {
      "id": "pt.ine.add.MAD.95197",
      "street": "CAM PICO MELRO",
      "house": "9",
      "postcode": "9360-528",
      "city": "PONTA DO SOL",
      "lon": "-17.09945865055973",
      "lat": "32.68141182932133"
    },
    {
      "id": "pt.ine.add.MAD.97867",
      "street": "CAM PICO ANJO",
      "house": "10",
      "postcode": "9360-515",
      "city": "PONTA DO SOL",
      "lon": "-17.08701723407501",
      "lat": "32.68566871350031"
    },
    {
      "id": "pt.ine.add.MAD.98039",
      "street": "CAM PEDRAS - PEREIRINHA",
      "house": "45",
      "postcode": "9360-520",
      "city": "PONTA DO SOL",
      "lon": "-17.088767477049462",
      "lat": "32.69259269090668"
    },
    {
      "id": "pt.ine.add.MAD.98170",
      "street": "ESTR NOVA DA LOMBADA",
      "house": "394",
      "postcode": "9360-518",
      "city": "PONTA DO SOL",
      "lon": "-17.083709718386064",
      "lat": "32.698448563048444"
    },
    {
      "id": "pt.ine.add.MAD.98564",
      "street": "CAM JANGAO",
      "house": "152",
      "postcode": "9360-523",
      "city": "PONTA DO SOL",
      "lon": "-17.083735140934436",
      "lat": "32.69311831659407"
    },
    {
      "id": "pt.ine.add.MAD.99537",
      "street": "CAM PEDRAS - PEREIRINHA",
      "house": "37",
      "postcode": "9360-520",
      "city": "PONTA DO SOL",
      "lon": "-17.089106262675326",
      "lat": "32.69202791195153"
    },
    {
      "id": "pt.ine.add.MAD.99885",
      "street": "CAM LOMBO S JOÃO",
      "house": "183",
      "postcode": "9360-559",
      "city": "PONTA DO SOL",
      "lon": "-17.10238200871724",
      "lat": "32.70285340441039"
    },
    {
      "id": "pt.ine.add.MAD.100110",
      "street": "ESTR ESMERALDOS",
      "house": "8",
      "postcode": "9360-513",
      "city": "PONTA DO SOL",
      "lon": "-17.08824687341319",
      "lat": "32.6853506390084"
    },
    {
      "id": "pt.ine.add.MAD.100696",
      "street": "ESTR NOVA DA LOMBADA",
      "house": "433",
      "postcode": "9360-518",
      "city": "PONTA DO SOL",
      "lon": "-17.081830425974587",
      "lat": "32.700653195204445"
    },
    {
      "id": "pt.ine.add.MAD.100971",
      "street": "CAM FAIA CCI",
      "house": "701",
      "postcode": "9360-555",
      "city": "PONTA DO SOL",
      "lon": "-17.10543994590354",
      "lat": "32.70362274805618"
    },
    {
      "id": "pt.ine.add.MAD.101183",
      "street": "CAM PICO MELRO",
      "house": "75",
      "postcode": "9360-528",
      "city": "PONTA DO SOL",
      "lon": "-17.097364550962276",
      "lat": "32.68443192459007"
    },
    {
      "id": "pt.ine.add.MAD.102638",
      "street": "CAM CARREIRA",
      "house": "34",
      "postcode": "9360-524",
      "city": "PONTA DO SOL",
      "lon": "-17.091332372814414",
      "lat": "32.68961899017651"
    },
    {
      "id": "pt.ine.add.MAD.103273",
      "street": "CAM PICO ANJO",
      "house": "22",
      "postcode": "9360-515",
      "city": "PONTA DO SOL",
      "lon": "-17.086938705229926",
      "lat": "32.6864185408605"
    },
    {
      "id": "pt.ine.add.MAD.103327",
      "street": "CAM PICO DO GAGO",
      "house": "24",
      "postcode": "9360-571",
      "city": "PONTA DO SOL",
      "lon": "-17.084376183609837",
      "lat": "32.69179098774942"
    },
    {
      "id": "pt.ine.add.MAD.103527",
      "street": "CAM FAIA CCI",
      "house": "703",
      "postcode": "9360-555",
      "city": "PONTA DO SOL",
      "lon": "-17.105317230877386",
      "lat": "32.70293942164276"
    },
    {
      "id": "pt.ine.add.MAD.103610",
      "street": "CAM JANGAO",
      "house": "",
      "postcode": "9360-523",
      "city": "PONTA DO SOL",
      "lon": "-17.083341335876586",
      "lat": "32.69361184945574"
    },
    {
      "id": "pt.ine.add.MAD.103910",
      "street": "ESTR NOVA DA LOMBADA",
      "house": "329",
      "postcode": "9360-518",
      "city": "PONTA DO SOL",
      "lon": "-17.08579557298236",
      "lat": "32.6950410329435"
    },
    {
      "id": "pt.ine.add.MAD.104417",
      "street": "CAM PICO MELRO",
      "house": "67",
      "postcode": "9360-528",
      "city": "PONTA DO SOL",
      "lon": "-17.097662933328667",
      "lat": "32.68396700085359"
    },
    {
      "id": "pt.ine.add.MAD.104497",
      "street": "ESTR ESMERALDOS",
      "house": "16",
      "postcode": "9360-513",
      "city": "PONTA DO SOL",
      "lon": "-17.088506702433314",
      "lat": "32.68551766006716"
    },
    {
      "id": "pt.ine.add.MAD.104658",
      "street": "CAM JANGAO",
      "house": "172",
      "postcode": "9360-523",
      "city": "PONTA DO SOL",
      "lon": "-17.08311998914606",
      "lat": "32.694183681009804"
    },
    {
      "id": "pt.ine.add.MAD.105060",
      "street": "CAM TERCAS",
      "house": "47",
      "postcode": "9360-538",
      "city": "PONTA DO SOL",
      "lon": "-17.09826496143445",
      "lat": "32.68326252070247"
    },
    {
      "id": "pt.ine.add.MAD.105446",
      "street": "ESTR NOVA LOMBADA",
      "house": "1102",
      "postcode": "9360-518",
      "city": "PONTA DO SOL",
      "lon": "-17.08464788655135",
      "lat": "32.691092060508275"
    },
    {
      "id": "pt.ine.add.MAD.105914",
      "street": "CAM PEDRAS - PEREIRINHA",
      "house": "7",
      "postcode": "9360-520",
      "city": "PONTA DO SOL",
      "lon": "-17.09028580904626",
      "lat": "32.6900152090292"
    },
    {
      "id": "pt.ine.add.MAD.106161",
      "street": "",
      "house": "",
      "postcode": "9360-000",
      "city": "",
      "lon": "-17.058247513109084",
      "lat": "32.75633397385905"
    },
    {
      "id": "pt.ine.add.MAD.106418",
      "street": "ESTR V CENTENARIO APARTAMENTOS VILA SOL",
      "house": "",
      "postcode": "9360-511",
      "city": "PONTA DO SOL",
      "lon": "-17.082921382238553",
      "lat": "32.72143126939313"
    },
    {
      "id": "pt.ine.add.MAD.106612",
      "street": "ESTR NOVA LOMBADA",
      "house": "373",
      "postcode": "9360-518",
      "city": "PONTA DO SOL",
      "lon": "-17.08428889422894",
      "lat": "32.6967525120699"
    },
    {
      "id": "pt.ine.add.MAD.106854",
      "street": "CAM PICO MELRO",
      "house": "1",
      "postcode": "9360-528",
      "city": "PONTA DO SOL",
      "lon": "-17.09990413396391",
      "lat": "32.680854255005315"
    },
    {
      "id": "pt.ine.add.MAD.106917",
      "street": "CAM PICO DO GAGO",
      "house": "6",
      "postcode": "9360-571",
      "city": "PONTA DO SOL",
      "lon": "-17.084062252230872",
      "lat": "32.69250865293547"
    },
    {
      "id": "pt.ine.add.MAD.109971",
      "street": "CAM SANTO AMARO",
      "house": "68",
      "postcode": "9360-508",
      "city": "PONTA DO SOL",
      "lon": "-17.09945558714235",
      "lat": "32.68173653920479"
    },
    {
      "id": "pt.ine.add.MAD.110123",
      "street": "CAM PICO MELRO",
      "house": "62",
      "postcode": "9360-528",
      "city": "PONTA DO SOL",
      "lon": "-17.09701708178384",
      "lat": "32.68507803441636"
    },
    {
      "id": "pt.ine.add.MAD.110124",
      "street": "CAM PICO MELRO",
      "house": "39",
      "postcode": "9360-528",
      "city": "PONTA DO SOL",
      "lon": "-17.098523649760637",
      "lat": "32.68292451530384"
    },
    {
      "id": "pt.ine.add.MAD.110125",
      "street": "CAM PICO MELRO",
      "house": "37",
      "postcode": "9360-528",
      "city": "PONTA DO SOL",
      "lon": "-17.098595525306624",
      "lat": "32.68280607472717"
    },
    {
      "id": "pt.ine.add.MAD.110216",
      "street": "CAM SANTO AMARO",
      "house": "67",
      "postcode": "9360-508",
      "city": "PONTA DO SOL",
      "lon": "-17.099236590040825",
      "lat": "32.681947625915285"
    },
    {
      "id": "pt.ine.add.MAD.110217",
      "street": "CAM STO AMARO",
      "house": "63",
      "postcode": "9360-508",
      "city": "PONTA DO SOL",
      "lon": "-17.09923057212825",
      "lat": "32.68214612912502"
    },
    {
      "id": "pt.ine.add.MAD.110218",
      "street": "CAM SANTO AMARO",
      "house": "61",
      "postcode": "9360-508",
      "city": "PONTA DO SOL",
      "lon": "-17.099405235708126",
      "lat": "32.68277448588276"
    },
    {
      "id": "pt.ine.add.MAD.110219",
      "street": "ER 222",
      "house": "288",
      "postcode": "9360-511",
      "city": "PONTA DO SOL",
      "lon": "-17.099111075895305",
      "lat": "32.68433055625381"
    },
    {
      "id": "pt.ine.add.MAD.110220",
      "street": "ESTR CHÃO DA RIBEIRA",
      "house": "10",
      "postcode": "9360-510",
      "city": "PONTA DO SOL",
      "lon": "-17.0982719644008",
      "lat": "32.686752482940726"
    },
    {
      "id": "pt.ine.add.MAD.111801",
      "street": "CAM PICO MELRO",
      "house": "27",
      "postcode": "9360-528",
      "city": "PONTA DO SOL",
      "lon": "-17.09882635263479",
      "lat": "32.68218896781586"
    },
    {
      "id": "pt.ine.add.MAD.111918",
      "street": "CAM PICO MELRO",
      "house": "45",
      "postcode": "9360-528",
      "city": "PONTA DO SOL",
      "lon": "-17.09833810299067",
      "lat": "32.68319816885327"
    },
    {
      "id": "pt.ine.add.MAD.112868",
      "street": "CAM PICO MELRO",
      "house": "17",
      "postcode": "9360-528",
      "city": "PONTA DO SOL",
      "lon": "-17.099074165421698",
      "lat": "32.68184212506766"
    },
    {
      "id": "pt.ine.add.MAD.114235",
      "street": "CAM SANTO AMARO",
      "house": "59",
      "postcode": "9360-508",
      "city": "PONTA DO SOL",
      "lon": "-17.099389300971104",
      "lat": "32.68254929530389"
    },
    {
      "id": "pt.ine.add.MAD.114495",
      "street": "CAM VOLTA ENGENHO ENT32",
      "house": "4",
      "postcode": "9360-522",
      "city": "PONTA DO SOL",
      "lon": "-17.09283914973832",
      "lat": "32.688836314154926"
    },
    {
      "id": "pt.ine.add.MAD.115042",
      "street": "CAM PICO MELRO",
      "house": "5",
      "postcode": "9360-528",
      "city": "PONTA DO SOL",
      "lon": "-17.099687461233952",
      "lat": "32.681164504772774"
    },
    {
      "id": "pt.ine.add.MAD.120000",
      "street": "CAM PICO MELRO",
      "house": "3",
      "postcode": "9360-528",
      "city": "PONTA DO SOL",
      "lon": "-17.099792156322028",
      "lat": "32.68108158725347"
    },
    {
      "id": "pt.ine.add.MAD.120037",
      "street": "ESTR ESMERALDOS",
      "house": "34",
      "postcode": "9360-513",
      "city": "PONTA DO SOL",
      "lon": "-17.08803178416444",
      "lat": "32.685273055637595"
    },
    {
      "id": "pt.ine.add.MAD.120419",
      "street": "TV PEDRAS",
      "house": "3",
      "postcode": "9360-530",
      "city": "PONTA DO SOL",
      "lon": "-17.091041867239415",
      "lat": "32.68996653039908"
    },
    {
      "id": "pt.ine.add.MAD.120427",
      "street": "CAM CARREIRA",
      "house": "24",
      "postcode": "9360-524",
      "city": "PONTA DO SOL",
      "lon": "-17.09046241480148",
      "lat": "32.68981386224309"
    },
    {
      "id": "pt.ine.add.MAD.120447",
      "street": "CAM PICO DO GAGO",
      "house": "13",
      "postcode": "9360-571",
      "city": "PONTA DO SOL",
      "lon": "-17.083944353812775",
      "lat": "32.69248355745717"
    },
    {
      "id": "pt.ine.add.MAD.120448",
      "street": "ER 222",
      "house": "38",
      "postcode": "9360-511",
      "city": "PONTA DO SOL",
      "lon": "-17.084917885957115",
      "lat": "32.686650557877215"
    },
    {
      "id": "pt.ine.add.MAD.120452",
      "street": "ESTR NOVA LOMBADA",
      "house": "",
      "postcode": "9360-518",
      "city": "PONTA DO SOL",
      "lon": "-17.085800606717086",
      "lat": "32.69525738865827"
    },
    {
      "id": "pt.ine.add.MAD.120536",
      "street": "ER 222",
      "house": "CCI 101",
      "postcode": "9360-511",
      "city": "PONTA DO SOL",
      "lon": "-17.082926006601976",
      "lat": "32.68950639471993"
    },
    {
      "id": "pt.ine.add.MAD.120975",
      "street": "CAM PEDRAS - PEREIRINHA",
      "house": "39",
      "postcode": "9360-520",
      "city": "PONTA DO SOL",
      "lon": "-17.088970612715542",
      "lat": "32.69215642818715"
    },
    {
      "id": "pt.ine.add.MAD.122614",
      "street": "CAM PICO ANJO",
      "house": "3",
      "postcode": "9360-515",
      "city": "PONTA DO SOL",
      "lon": "-17.08780666485521",
      "lat": "32.68522269382727"
    },
    {
      "id": "pt.ine.add.MAD.124756",
      "street": "CAM PICO MELRO",
      "house": "77",
      "postcode": "9360-528",
      "city": "PONTA DO SOL",
      "lon": "-17.097261325414415",
      "lat": "32.68457794368578"
    },
    {
      "id": "pt.ine.add.MAD.124768",
      "street": "ESTR CHÃO DA RIBEIRA",
      "house": "8",
      "postcode": "9360-510",
      "city": "PONTA DO SOL",
      "lon": "-17.09839693261662",
      "lat": "32.68662413579056"
    },
    {
      "id": "pt.ine.add.MAD.127299",
      "street": "CAM PICO MELRO",
      "house": "3",
      "postcode": "9360-528",
      "city": "PONTA DO SOL",
      "lon": "-17.099792156322028",
      "lat": "32.68108158725347"
    },
    {
      "id": "pt.ine.add.MAD.127598",
      "street": "CAM PICO MELRO",
      "house": "85",
      "postcode": "9360-528",
      "city": "PONTA DO SOL",
      "lon": "-17.09711883271227",
      "lat": "32.68486891209656"
    },
    {
      "id": "pt.ine.add.MAD.127657",
      "street": "CAM PICO MELRO",
      "house": "5",
      "postcode": "9360-528",
      "city": "PONTA DO SOL",
      "lon": "-17.099687461233952",
      "lat": "32.681164504772774"
    },
    {
      "id": "pt.ine.add.MAD.128240",
      "street": "VR TORNADOURO",
      "house": "",
      "postcode": "9360-555",
      "city": "PONTA DO SOL",
      "lon": "-17.10434659122919",
      "lat": "32.701575924496915"
    },
    {
      "id": "pt.ine.add.MAD.128608",
      "street": "ESTR SERRADO",
      "house": "15",
      "postcode": "9360-557",
      "city": "PONTA DO SOL",
      "lon": "-17.105656030343358",
      "lat": "32.6992001741108"
    },
    {
      "id": "pt.ine.add.MAD.129535",
      "street": "CAM VOLTA DO ENGENHO",
      "house": "37",
      "postcode": "9360-522",
      "city": "PONTA DO SOL",
      "lon": "-17.092419465148957",
      "lat": "32.689131903489404"
    }
  ]
}