{
  "data": {
    "distrito": "Porto",
    "concelho": "Maia",
    "freguesia": "Milheirós",
    "OBJECTID": 374,
    "BGRI2021": "13060800404",
    "DT21": "13",
    "DTMN21": "1306",
    "DTMNFR21": "130608",
    "DTMNFRSEC21": "130608004",
    "SECNUM21": "004",
    "SSNUM21": "04",
    "SECSSNUM21": "00404",
    "OBJECTID_1": 130204,
    "DT": "13",
    "CC": "06",
    "fr": "08",
    "SEC": "004",
    "SS": "04"
  },
  "addresses": [
    {
      "id": "pt.ine.add.PTCONT.3582826",
      "street": "R PAIOL",
      "house": "243",
      "postcode": "4475-367",
      "city": "MAIA",
      "lon": "-8.584081238180532",
      "lat": "41.22051854274923"
    },
    {
      "id": "pt.ine.add.PTCONT.3618730",
      "street": "TV ALDEIA NOVA",
      "house": "2",
      "postcode": "4475-308",
      "city": "MAIA",
      "lon": "-8.584223163796528",
      "lat": "41.22034690604248"
    },
    {
      "id": "pt.ine.add.PTCONT.3687369",
      "street": "TV MANUEL VIEIRA NEVES DA CRUZ",
      "house": "43",
      "postcode": "4475-035",
      "city": "MAIA",
      "lon": "-8.579828457145144",
      "lat": "41.22645091060311"
    },
    {
      "id": "pt.ine.add.PTCONT.3687370",
      "street": "TV MANUEL VIEIRA NEVES DA CRUZ",
      "house": "43",
      "postcode": "4475-035",
      "city": "MAIA",
      "lon": "-8.579828457145144",
      "lat": "41.22645091060311"
    },
    {
      "id": "pt.ine.add.PTCONT.3687371",
      "street": "TV MANUEL VIEIRA NEVES DA CRUZ",
      "house": "43",
      "postcode": "4475-035",
      "city": "MAIA",
      "lon": "-8.579828457145144",
      "lat": "41.22645091060311"
    },
    {
      "id": "pt.ine.add.PTCONT.3687372",
      "street": "TV MANUEL VIEIRA NEVES DA CRUZ",
      "house": "43",
      "postcode": "4475-035",
      "city": "MAIA",
      "lon": "-8.579828457145144",
      "lat": "41.22645091060311"
    },
    {
      "id": "pt.ine.add.PTCONT.3687373",
      "street": "TV MANUEL VIEIRA NEVES DA CRUZ",
      "house": "43",
      "postcode": "4475-035",
      "city": "MAIA",
      "lon": "-8.579828457145144",
      "lat": "41.22645091060311"
    },
    {
      "id": "pt.ine.add.PTCONT.3687374",
      "street": "TV MANUEL VIEIRA NEVES DA CRUZ",
      "house": "43",
      "postcode": "4475-035",
      "city": "MAIA",
      "lon": "-8.579828457145144",
      "lat": "41.22645091060311"
    },
    {
      "id": "pt.ine.add.PTCONT.3687377",
      "street": "TV MANUEL VIEIRA NEVES DA CRUZ",
      "house": "43",
      "postcode": "4475-035",
      "city": "MAIA",
      "lon": "-8.579828457145144",
      "lat": "41.22645091060311"
    },
    {
      "id": "pt.ine.add.PTCONT.3687378",
      "street": "TV MANUEL VIEIRA NEVES DA CRUZ",
      "house": "43",
      "postcode": "4475-035",
      "city": "MAIA",
      "lon": "-8.579828457145144",
      "lat": "41.22645091060311"
    },
    {
      "id": "pt.ine.add.PTCONT.3754738",
      "street": "TV ALDEIA NOVA",
      "house": "30",
      "postcode": "4475-308",
      "city": "MAIA",
      "lon": "-8.58454569784264",
      "lat": "41.220426680349924"
    },
    {
      "id": "pt.ine.add.PTCONT.3789240",
      "street": "AV MONTE DO PENEDO",
      "house": "304",
      "postcode": "4475-364",
      "city": "MAIA",
      "lon": "-8.579647849195126",
      "lat": "41.226199492269444"
    },
    {
      "id": "pt.ine.add.PTCONT.3804108",
      "street": "TV MANUEL VIEIRA NEVES DA CRUZ",
      "house": "56",
      "postcode": "4475-035",
      "city": "MAIA",
      "lon": "-8.579901485255625",
      "lat": "41.226666729130834"
    },
    {
      "id": "pt.ine.add.PTCONT.3804109",
      "street": "TV MANUEL VIEIRA NEVES DA CRUZ",
      "house": "56",
      "postcode": "4475-035",
      "city": "MAIA",
      "lon": "-8.579901485255625",
      "lat": "41.226666729130834"
    },
    {
      "id": "pt.ine.add.PTCONT.3804110",
      "street": "TV MANUEL VIEIRA NEVES DA CRUZ",
      "house": "56",
      "postcode": "4475-035",
      "city": "MAIA",
      "lon": "-8.579901485255625",
      "lat": "41.226666729130834"
    },
    {
      "id": "pt.ine.add.PTCONT.3804111",
      "street": "TV MANUEL VIEIRA NEVES DA CRUZ",
      "house": "56",
      "postcode": "4475-035",
      "city": "MAIA",
      "lon": "-8.579901485255625",
      "lat": "41.226666729130834"
    },
    {
      "id": "pt.ine.add.PTCONT.3804112",
      "street": "TV MANUEL VIEIRA NEVES DA CRUZ",
      "house": "56",
      "postcode": "4475-035",
      "city": "MAIA",
      "lon": "-8.579901485255625",
      "lat": "41.226666729130834"
    },
    {
      "id": "pt.ine.add.PTCONT.3804929",
      "street": "TV MANUEL VIEIRA NEVES DA CRUZ",
      "house": "56",
      "postcode": "4475-035",
      "city": "MAIA",
      "lon": "-8.579901485255625",
      "lat": "41.226666729130834"
    },
    {
      "id": "pt.ine.add.PTCONT.3804972",
      "street": "TV MANUEL VIEIRA NEVES DA CRUZ",
      "house": "56",
      "postcode": "4475-035",
      "city": "MAIA",
      "lon": "-8.579901485255625",
      "lat": "41.226666729130834"
    },
    {
      "id": "pt.ine.add.PTCONT.3823925",
      "street": "AV MONTE DO PENEDO",
      "house": "316",
      "postcode": "4475-364",
      "city": "MAIA",
      "lon": "-8.580029608211472",
      "lat": "41.2262160197264"
    },
    {
      "id": "pt.ine.add.PTCONT.3825413",
      "street": "TV MANUEL VIEIRA NEVES DA CRUZ",
      "house": "",
      "postcode": "4475-035",
      "city": "MAIA",
      "lon": "-8.579472141232134",
      "lat": "41.22666839420585"
    },
    {
      "id": "pt.ine.add.PTCONT.3825414",
      "street": "TV MANUEL VIEIRA NEVES DA CRUZ",
      "house": "",
      "postcode": "4475-035",
      "city": "MAIA",
      "lon": "-8.579472141232134",
      "lat": "41.22666839420585"
    },
    {
      "id": "pt.ine.add.PTCONT.3825415",
      "street": "TV MANUEL VIEIRA NEVES DA CRUZ",
      "house": "",
      "postcode": "4475-035",
      "city": "MAIA",
      "lon": "-8.579472141232134",
      "lat": "41.22666839420585"
    },
    {
      "id": "pt.ine.add.PTCONT.3825416",
      "street": "TV MANUEL VIEIRA NEVES DA CRUZ",
      "house": "",
      "postcode": "4475-035",
      "city": "MAIA",
      "lon": "-8.579472141232134",
      "lat": "41.22666839420585"
    },
    {
      "id": "pt.ine.add.PTCONT.3825427",
      "street": "TV MANUEL VIEIRA NEVES DA CRUZ",
      "house": "",
      "postcode": "4475-035",
      "city": "MAIA",
      "lon": "-8.579472141232134",
      "lat": "41.22666839420585"
    },
    {
      "id": "pt.ine.add.PTCONT.3829293",
      "street": "TV MANUEL VIEIRA NEVES DA CRUZ",
      "house": "",
      "postcode": "4475-035",
      "city": "MAIA",
      "lon": "-8.579472141232134",
      "lat": "41.22666839420585"
    },
    {
      "id": "pt.ine.add.PTCONT.3893627",
      "street": "TV ALDEIA NOVA",
      "house": "80",
      "postcode": "4475-308",
      "city": "MAIA",
      "lon": "-8.584641470065703",
      "lat": "41.22048033037371"
    },
    {
      "id": "pt.ine.add.PTCONT.3909234",
      "street": "AV MONTE DO PENEDO",
      "house": "",
      "postcode": "4475-364",
      "city": "MAIA",
      "lon": "-8.579555302240909",
      "lat": "41.22486722275202"
    },
    {
      "id": "pt.ine.add.PTCONT.3916081",
      "street": "R PAIOL",
      "house": "279",
      "postcode": "4475-367",
      "city": "MAIA",
      "lon": "-8.5839996795753",
      "lat": "41.220797993952736"
    },
    {
      "id": "pt.ine.add.PTCONT.3933700",
      "street": "TV MANUEL VIEIRA NEVES DA CRUZ",
      "house": "38",
      "postcode": "4475-035",
      "city": "MAIA",
      "lon": "-8.579698739471242",
      "lat": "41.22666751561573"
    },
    {
      "id": "pt.ine.add.PTCONT.3933701",
      "street": "TV MANUEL VIEIRA NEVES DA CRUZ",
      "house": "38",
      "postcode": "4475-035",
      "city": "MAIA",
      "lon": "-8.579698739471242",
      "lat": "41.22666751561573"
    },
    {
      "id": "pt.ine.add.PTCONT.3933702",
      "street": "TV MANUEL VIEIRA NEVES DA CRUZ",
      "house": "38",
      "postcode": "4475-035",
      "city": "MAIA",
      "lon": "-8.579698739471242",
      "lat": "41.22666751561573"
    },
    {
      "id": "pt.ine.add.PTCONT.3933703",
      "street": "TV MANUEL VIEIRA NEVES DA CRUZ",
      "house": "38",
      "postcode": "4475-035",
      "city": "MAIA",
      "lon": "-8.579698739471242",
      "lat": "41.22666751561573"
    },
    {
      "id": "pt.ine.add.PTCONT.3933704",
      "street": "TV MANUEL VIEIRA NEVES DA CRUZ",
      "house": "38",
      "postcode": "4475-035",
      "city": "MAIA",
      "lon": "-8.579698739471242",
      "lat": "41.22666751561573"
    },
    {
      "id": "pt.ine.add.PTCONT.3933705",
      "street": "TV MANUEL VIEIRA NEVES DA CRUZ",
      "house": "38",
      "postcode": "4475-035",
      "city": "MAIA",
      "lon": "-8.579698739471242",
      "lat": "41.22666751561573"
    },
    {
      "id": "pt.ine.add.PTCONT.3955695",
      "street": "R SALGUEIROS",
      "house": "456",
      "postcode": "4475-380",
      "city": "MAIA",
      "lon": "-8.585134304583525",
      "lat": "41.22104566475338"
    },
    {
      "id": "pt.ine.add.PTCONT.3958499",
      "street": "AV MONTE PENEDO",
      "house": "196-200",
      "postcode": "4475-854",
      "city": "MAIA",
      "lon": "-8.579712626229801",
      "lat": "41.22695559755555"
    },
    {
      "id": "pt.ine.add.PTCONT.3967135",
      "street": "R SALGUEIROS",
      "house": "420",
      "postcode": "4475-380",
      "city": "MAIA",
      "lon": "-8.585157100950125",
      "lat": "41.22089250298437"
    },
    {
      "id": "pt.ine.add.PTCONT.3979329",
      "street": "AV MONTE DO PENEDO",
      "house": "300",
      "postcode": "4475-364",
      "city": "MAIA",
      "lon": "-8.579492931871073",
      "lat": "41.226218101398686"
    },
    {
      "id": "pt.ine.add.PTCONT.3999085",
      "street": "R PAIOL",
      "house": "251",
      "postcode": "4475-367",
      "city": "MAIA",
      "lon": "-8.58401067707484",
      "lat": "41.220662887104396"
    },
    {
      "id": "pt.ine.add.PTCONT.3999086",
      "street": "R SALGUEIROS",
      "house": "462",
      "postcode": "4475-380",
      "city": "MAIA",
      "lon": "-8.585146787774503",
      "lat": "41.22112665401662"
    },
    {
      "id": "pt.ine.add.PTCONT.3999087",
      "street": "R SALGUEIROS",
      "house": "474",
      "postcode": "4475-380",
      "city": "MAIA",
      "lon": "-8.585135482551728",
      "lat": "41.2212167409105"
    },
    {
      "id": "pt.ine.add.PTCONT.3999088",
      "street": "R SALGUEIROS",
      "house": "474",
      "postcode": "4475-380",
      "city": "MAIA",
      "lon": "-8.585135482551728",
      "lat": "41.2212167409105"
    },
    {
      "id": "pt.ine.add.PTCONT.3999089",
      "street": "R SALGUEIROS",
      "house": "474",
      "postcode": "4475-380",
      "city": "MAIA",
      "lon": "-8.585135482551728",
      "lat": "41.2212167409105"
    },
    {
      "id": "pt.ine.add.PTCONT.4003242",
      "street": "R SALGUEIROS",
      "house": "462",
      "postcode": "4475-380",
      "city": "MAIA",
      "lon": "-8.585146787774503",
      "lat": "41.22112665401662"
    },
    {
      "id": "pt.ine.add.PTCONT.4031786",
      "street": "TV ALDEIA NOVA",
      "house": "6",
      "postcode": "4475-308",
      "city": "MAIA",
      "lon": "-8.584318688102371",
      "lat": "41.220364540295364"
    },
    {
      "id": "pt.ine.add.PTCONT.4050888",
      "street": "AV MONTE DO PENEDO",
      "house": "306",
      "postcode": "4475-364",
      "city": "MAIA",
      "lon": "-8.57970778620883",
      "lat": "41.22624428105081"
    },
    {
      "id": "pt.ine.add.PTCONT.4058049",
      "street": "TV MANUEL VIEIRA NEVES DA CRUZ",
      "house": "25",
      "postcode": "4475-035",
      "city": "MAIA",
      "lon": "-8.579578191033182",
      "lat": "41.2264788939487"
    },
    {
      "id": "pt.ine.add.PTCONT.4058050",
      "street": "TV MANUEL VIEIRA NEVES DA CRUZ",
      "house": "25",
      "postcode": "4475-035",
      "city": "MAIA",
      "lon": "-8.579578191033182",
      "lat": "41.2264788939487"
    },
    {
      "id": "pt.ine.add.PTCONT.4058051",
      "street": "TV MANUEL VIEIRA NEVES DA CRUZ",
      "house": "25",
      "postcode": "4475-035",
      "city": "MAIA",
      "lon": "-8.579578191033182",
      "lat": "41.2264788939487"
    },
    {
      "id": "pt.ine.add.PTCONT.4058052",
      "street": "TV MANUEL VIEIRA NEVES DA CRUZ",
      "house": "25",
      "postcode": "4475-035",
      "city": "MAIA",
      "lon": "-8.579578191033182",
      "lat": "41.2264788939487"
    },
    {
      "id": "pt.ine.add.PTCONT.4058053",
      "street": "TV MANUEL VIEIRA NEVES DA CRUZ",
      "house": "25",
      "postcode": "4475-035",
      "city": "MAIA",
      "lon": "-8.579578191033182",
      "lat": "41.2264788939487"
    },
    {
      "id": "pt.ine.add.PTCONT.4063617",
      "street": "TV MANUEL VIEIRA NEVES DA CRUZ",
      "house": "25",
      "postcode": "4475-035",
      "city": "MAIA",
      "lon": "-8.579578191033182",
      "lat": "41.2264788939487"
    },
    {
      "id": "pt.ine.add.PTCONT.4064960",
      "street": "R SALGUEIROS",
      "house": "84",
      "postcode": "4475-380",
      "city": "MAIA",
      "lon": "-8.585178533140148",
      "lat": "41.220541253009635"
    },
    {
      "id": "pt.ine.add.PTCONT.4071423",
      "street": "AV MONTE DO PENEDO",
      "house": "",
      "postcode": "4475-364",
      "city": "MAIA",
      "lon": "-8.579531083022376",
      "lat": "41.224813291166946"
    },
    {
      "id": "pt.ine.add.PTCONT.4084272",
      "street": "TV ALDEIA NOVA",
      "house": "60",
      "postcode": "4475-308",
      "city": "MAIA",
      "lon": "-8.584963633425206",
      "lat": "41.2205060794452"
    },
    {
      "id": "pt.ine.add.PTCONT.4114805",
      "street": "AV MONTE DO PENEDO",
      "house": "310",
      "postcode": "4475-364",
      "city": "MAIA",
      "lon": "-8.579827047666747",
      "lat": "41.226243818450364"
    },
    {
      "id": "pt.ine.add.PTCONT.4163049",
      "street": "AV MONTE DO PENEDO",
      "house": "308",
      "postcode": "4475-364",
      "city": "MAIA",
      "lon": "-8.579779036710235",
      "lat": "41.22619898347089"
    },
    {
      "id": "pt.ine.add.PTCONT.4163050",
      "street": "VIA CENTRAL MILHEIROS",
      "house": "766",
      "postcode": "4475-330",
      "city": "MAIA",
      "lon": "-8.579867949464315",
      "lat": "41.22524418853931"
    },
    {
      "id": "pt.ine.add.PTCONT.4175952",
      "street": "R SALGUEIROS",
      "house": "634",
      "postcode": "4475-380",
      "city": "MAIA",
      "lon": "-8.584941925730085",
      "lat": "41.22255012961041"
    },
    {
      "id": "pt.ine.add.PTCONT.4180825",
      "street": "TV MANUEL VIEIRA NEVES DA CRUZ",
      "house": "61",
      "postcode": "4475-035",
      "city": "MAIA",
      "lon": "-8.580019459998654",
      "lat": "41.2264771821988"
    },
    {
      "id": "pt.ine.add.PTCONT.4180826",
      "street": "TV MANUEL VIEIRA NEVES DA CRUZ",
      "house": "61",
      "postcode": "4475-035",
      "city": "MAIA",
      "lon": "-8.580019459998654",
      "lat": "41.2264771821988"
    },
    {
      "id": "pt.ine.add.PTCONT.4180827",
      "street": "TV MANUEL VIEIRA NEVES DA CRUZ",
      "house": "61",
      "postcode": "4475-035",
      "city": "MAIA",
      "lon": "-8.580019459998654",
      "lat": "41.2264771821988"
    },
    {
      "id": "pt.ine.add.PTCONT.4180828",
      "street": "TV MANUEL VIEIRA NEVES DA CRUZ",
      "house": "61",
      "postcode": "4475-035",
      "city": "MAIA",
      "lon": "-8.580019459998654",
      "lat": "41.2264771821988"
    },
    {
      "id": "pt.ine.add.PTCONT.4180829",
      "street": "TV MANUEL VIEIRA NEVES DA CRUZ",
      "house": "61",
      "postcode": "4475-035",
      "city": "MAIA",
      "lon": "-8.580019459998654",
      "lat": "41.2264771821988"
    },
    {
      "id": "pt.ine.add.PTCONT.4181081",
      "street": "TV MANUEL VIEIRA NEVES DA CRUZ",
      "house": "61",
      "postcode": "4475-035",
      "city": "MAIA",
      "lon": "-8.580019459998654",
      "lat": "41.2264771821988"
    },
    {
      "id": "pt.ine.add.PTCONT.4214120",
      "street": "AV MONTE DO PENEDO",
      "house": "314",
      "postcode": "4475-364",
      "city": "MAIA",
      "lon": "-8.579958296566604",
      "lat": "41.22625231345386"
    },
    {
      "id": "pt.ine.add.PTCONT.4232206",
      "street": "R PROF ANTÓNIO MARQUES",
      "house": "",
      "postcode": "4475-330",
      "city": "MAIA",
      "lon": "-8.579376230148517",
      "lat": "41.22484090413678"
    },
    {
      "id": "pt.ine.add.PTCONT.4241522",
      "street": "AV MONTE DO PENEDO",
      "house": "312",
      "postcode": "4475-364",
      "city": "MAIA",
      "lon": "-8.579922150359245",
      "lat": "41.22619842824746"
    },
    {
      "id": "pt.ine.add.PTCONT.4241523",
      "street": "R MANUEL VIEIRA NEVES DA CRUZ",
      "house": "",
      "postcode": "4475-035",
      "city": "MAIA",
      "lon": "-8.580013329313024",
      "lat": "41.225576781507584"
    },
    {
      "id": "pt.ine.add.PTCONT.4241524",
      "street": "R MANUEL VIEIRA NEVES DA CRUZ",
      "house": "",
      "postcode": "4475-035",
      "city": "MAIA",
      "lon": "-8.580013329313024",
      "lat": "41.225576781507584"
    },
    {
      "id": "pt.ine.add.PTCONT.4241525",
      "street": "R MANUEL VIEIRA NEVES DA CRUZ",
      "house": "",
      "postcode": "4475-035",
      "city": "MAIA",
      "lon": "-8.580013329313024",
      "lat": "41.225576781507584"
    },
    {
      "id": "pt.ine.add.PTCONT.4241526",
      "street": "R MANUEL VIEIRA NEVES DA CRUZ",
      "house": "",
      "postcode": "4475-035",
      "city": "MAIA",
      "lon": "-8.580013329313024",
      "lat": "41.225576781507584"
    },
    {
      "id": "pt.ine.add.PTCONT.4241527",
      "street": "R MANUEL VIEIRA NEVES DA CRUZ",
      "house": "",
      "postcode": "4475-035",
      "city": "MAIA",
      "lon": "-8.580013329313024",
      "lat": "41.225576781507584"
    },
    {
      "id": "pt.ine.add.PTCONT.4261061",
      "street": "TV ALDEIA NOVA",
      "house": "28",
      "postcode": "4475-308",
      "city": "MAIA",
      "lon": "-8.584378932383421",
      "lat": "41.220454346753435"
    },
    {
      "id": "pt.ine.add.PTCONT.4287907",
      "street": "TV ALDEIA NOVA",
      "house": "36",
      "postcode": "4475-308",
      "city": "MAIA",
      "lon": "-8.584702086521139",
      "lat": "41.22062416071616"
    },
    {
      "id": "pt.ine.add.PTCONT.4295580",
      "street": "AV MONTE DO PENEDO",
      "house": "318",
      "postcode": "4475-364",
      "city": "MAIA",
      "lon": "-8.580089484181734",
      "lat": "41.226251804301086"
    },
    {
      "id": "pt.ine.add.PTCONT.4314652",
      "street": "AV MONTE DO PENEDO",
      "house": "302",
      "postcode": "4475-364",
      "city": "MAIA",
      "lon": "-8.579564672455662",
      "lat": "41.226244836008306"
    }
  ]
}