{
  "data": {
    "ilha": "Ilha da Madeira (Madeira)",
    "concelho": "Calheta",
    "freguesia": "Paúl do Mar",
    "OBJECTID": 133,
    "BGRI2021": "31010600102",
    "DT21": "31",
    "DTMN21": "3101",
    "DTMNFR21": "310106",
    "DTMNFRSEC21": "310106001",
    "SECNUM21": "001",
    "SSNUM21": "02",
    "SECSSNUM21": "00102",
    "OBJECTID_1": 203416,
    "DT": "31",
    "CC": "01",
    "fr": "06",
    "SEC": "001",
    "SS": "02",
    "BGRI2021_1": "31010600102"
  },
  "addresses": [
    {
      "id": "pt.ine.add.MAD.25200",
      "street": "VR QUINTA",
      "house": "4",
      "postcode": "9370-571",
      "city": "PAUL DO MAR",
      "lon": "-17.23199491014444",
      "lat": "32.7618894852861"
    },
    {
      "id": "pt.ine.add.MAD.25192",
      "street": "VR CASCALHO",
      "house": "",
      "postcode": "9370-568",
      "city": "PAUL DO MAR",
      "lon": "-17.230750437220852",
      "lat": "32.761632102946386"
    },
    {
      "id": "pt.ine.add.MAD.25193",
      "street": "VR CASCALHO",
      "house": "19",
      "postcode": "9370-568",
      "city": "PAUL DO MAR",
      "lon": "-17.23103195329407",
      "lat": "32.761365570370174"
    },
    {
      "id": "pt.ine.add.MAD.25194",
      "street": "2 VEREDA SERRADO DA CRUZ",
      "house": "20",
      "postcode": "9370-569",
      "city": "PAUL DO MAR",
      "lon": "-17.231077549358545",
      "lat": "32.76148199043757"
    },
    {
      "id": "pt.ine.add.MAD.25195",
      "street": "R SERRADO DA CRUZ",
      "house": "16",
      "postcode": "9370-566",
      "city": "PAUL DO MAR",
      "lon": "-17.232144090371655",
      "lat": "32.760597271863816"
    },
    {
      "id": "pt.ine.add.MAD.25196",
      "street": "R SERRADO DA CRUZ",
      "house": "18",
      "postcode": "9370-566",
      "city": "PAUL DO MAR",
      "lon": "-17.232168576483026",
      "lat": "32.76072308560217"
    },
    {
      "id": "pt.ine.add.MAD.25197",
      "street": "R SERRADO DA CRUZ",
      "house": "22",
      "postcode": "9370-566",
      "city": "PAUL DO MAR",
      "lon": "-17.232293350095368",
      "lat": "32.76101845138463"
    },
    {
      "id": "pt.ine.add.MAD.25198",
      "street": "R SERRADO DA CRUZ",
      "house": "32",
      "postcode": "9370-566",
      "city": "PAUL DO MAR",
      "lon": "-17.232377702838136",
      "lat": "32.7614047161237"
    },
    {
      "id": "pt.ine.add.MAD.25199",
      "street": "R SERRADO DA CRUZ",
      "house": "38",
      "postcode": "9370-566",
      "city": "PAUL DO MAR",
      "lon": "-17.232509995499104",
      "lat": "32.761573697501646"
    },
    {
      "id": "pt.ine.add.MAD.25201",
      "street": "VR QUINTA",
      "house": "8",
      "postcode": "9370-571",
      "city": "PAUL DO MAR",
      "lon": "-17.231757511869805",
      "lat": "32.76178550134831"
    },
    {
      "id": "pt.ine.add.MAD.25202",
      "street": "VR QUINTA",
      "house": "10",
      "postcode": "9370-571",
      "city": "PAUL DO MAR",
      "lon": "-17.23163264424042",
      "lat": "32.76191397644066"
    },
    {
      "id": "pt.ine.add.MAD.25203",
      "street": "VR QUINTA",
      "house": "15",
      "postcode": "9370-571",
      "city": "PAUL DO MAR",
      "lon": "-17.231616482320735",
      "lat": "32.7621216753343"
    },
    {
      "id": "pt.ine.add.MAD.25204",
      "street": "VR QUINTA",
      "house": "14",
      "postcode": "9370-571",
      "city": "PAUL DO MAR",
      "lon": "-17.231350003687396",
      "lat": "32.76213544104863"
    },
    {
      "id": "pt.ine.add.MAD.25205",
      "street": "VR QUINTA",
      "house": "21",
      "postcode": "9370-571",
      "city": "PAUL DO MAR",
      "lon": "-17.231497463030188",
      "lat": "32.762484510610996"
    },
    {
      "id": "pt.ine.add.MAD.25206",
      "street": "VR QUINTA",
      "house": "",
      "postcode": "9370-571",
      "city": "PAUL DO MAR",
      "lon": "-17.231208522238465",
      "lat": "32.7624535869293"
    },
    {
      "id": "pt.ine.add.MAD.25207",
      "street": "VR QUINTA",
      "house": "3",
      "postcode": "9370-571",
      "city": "PAUL DO MAR",
      "lon": "-17.23251517182873",
      "lat": "32.76178101610947"
    },
    {
      "id": "pt.ine.add.MAD.25208",
      "street": "VR QUINTA",
      "house": "1",
      "postcode": "9370-571",
      "city": "PAUL DO MAR",
      "lon": "-17.232608708928122",
      "lat": "32.761680152259636"
    },
    {
      "id": "pt.ine.add.MAD.25209",
      "street": "AV PESCADORES PAULENSES",
      "house": "104",
      "postcode": "9370-545",
      "city": "PAUL DO MAR",
      "lon": "-17.232740552286",
      "lat": "32.761831105648355"
    },
    {
      "id": "pt.ine.add.MAD.25210",
      "street": "R SERRADO DA CRUZ",
      "house": "1",
      "postcode": "9370-566",
      "city": "PAUL DO MAR",
      "lon": "-17.232199997531076",
      "lat": "32.76027163228826"
    },
    {
      "id": "pt.ine.add.MAD.25211",
      "street": "R SERRADO DA CRUZ",
      "house": "3",
      "postcode": "9370-566",
      "city": "PAUL DO MAR",
      "lon": "-17.232267830396626",
      "lat": "32.76042372706853"
    },
    {
      "id": "pt.ine.add.MAD.25212",
      "street": "R SERRADO DA CRUZ",
      "house": "5",
      "postcode": "9370-566",
      "city": "PAUL DO MAR",
      "lon": "-17.232346556490352",
      "lat": "32.76058464551447"
    },
    {
      "id": "pt.ine.add.MAD.25213",
      "street": "R SERRADO DA CRUZ",
      "house": "11",
      "postcode": "9370-566",
      "city": "PAUL DO MAR",
      "lon": "-17.232440226671113",
      "lat": "32.76091663697666"
    },
    {
      "id": "pt.ine.add.MAD.25214",
      "street": "AV PESCADORES PAULENSES",
      "house": "98",
      "postcode": "9370-545",
      "city": "PAUL DO MAR",
      "lon": "-17.23255230792932",
      "lat": "32.761131067913716"
    },
    {
      "id": "pt.ine.add.MAD.25215",
      "street": "AV PESCADORES PAULENSES",
      "house": "",
      "postcode": "9370-545",
      "city": "PAUL DO MAR",
      "lon": "-17.23262171758296",
      "lat": "32.76134625939631"
    },
    {
      "id": "pt.ine.add.MAD.25216",
      "street": "AV PESCADORES PAULENSES",
      "house": "19",
      "postcode": "9370-545",
      "city": "PAUL DO MAR",
      "lon": "-17.232665740173726",
      "lat": "32.7613995818325"
    },
    {
      "id": "pt.ine.add.MAD.25217",
      "street": "AV PESCADORES PAULENSES",
      "house": "23",
      "postcode": "9370-545",
      "city": "PAUL DO MAR",
      "lon": "-17.232723581957377",
      "lat": "32.76157890799528"
    },
    {
      "id": "pt.ine.add.MAD.25218",
      "street": "2 VEREDA SERRADO DA CRUZ",
      "house": "14",
      "postcode": "9370-569",
      "city": "PAUL DO MAR",
      "lon": "-17.230156374794202",
      "lat": "32.760921252724955"
    },
    {
      "id": "pt.ine.add.MAD.25219",
      "street": "IMP ENTULHO",
      "house": "5",
      "postcode": "9370-564",
      "city": "PAUL DO MAR",
      "lon": "-17.231417415427597",
      "lat": "32.76013227340756"
    },
    {
      "id": "pt.ine.add.MAD.25220",
      "street": "IMP ENTULHO",
      "house": "7",
      "postcode": "9370-564",
      "city": "PAUL DO MAR",
      "lon": "-17.231626274436923",
      "lat": "32.75994819485163"
    },
    {
      "id": "pt.ine.add.MAD.25317",
      "street": "R SERRADO DA CRUZ",
      "house": "",
      "postcode": "9370-566",
      "city": "PAUL DO MAR",
      "lon": "-17.23182806429324",
      "lat": "32.75990852782122"
    },
    {
      "id": "pt.ine.add.MAD.25318",
      "street": "1 VEREDA SERRADO DA CRUZ",
      "house": "",
      "postcode": "9370-567",
      "city": "PAUL DO MAR",
      "lon": "-17.231655033796464",
      "lat": "32.76024527208225"
    },
    {
      "id": "pt.ine.add.MAD.25319",
      "street": "VR CASCALHO CASA PETIM",
      "house": "6",
      "postcode": "9370-568",
      "city": "PAUL DO MAR",
      "lon": "-17.231378021673404",
      "lat": "32.76069208309245"
    },
    {
      "id": "pt.ine.add.MAD.25320",
      "street": "VR CASCALHO",
      "house": "",
      "postcode": "9370-568",
      "city": "PAUL DO MAR",
      "lon": "-17.231063829941544",
      "lat": "32.76093214485182"
    },
    {
      "id": "pt.ine.add.MAD.25321",
      "street": "VR CASCALHO",
      "house": "16",
      "postcode": "9370-568",
      "city": "PAUL DO MAR",
      "lon": "-17.231023631843026",
      "lat": "32.76103205746371"
    },
    {
      "id": "pt.ine.add.MAD.25322",
      "street": "2 VEREDA SERRADO DA CRUZ",
      "house": "2",
      "postcode": "9370-569",
      "city": "PAUL DO MAR",
      "lon": "-17.230908532567536",
      "lat": "32.76112428636579"
    },
    {
      "id": "pt.ine.add.MAD.25323",
      "street": "2 VEREDA SERRADO DA CRUZ",
      "house": "6",
      "postcode": "9370-569",
      "city": "PAUL DO MAR",
      "lon": "-17.230639133466376",
      "lat": "32.76102087020781"
    },
    {
      "id": "pt.ine.add.MAD.25325",
      "street": "ER 223",
      "house": "58",
      "postcode": "9370-529",
      "city": "PAUL DO MAR",
      "lon": "-17.228781982791144",
      "lat": "32.759304464308215"
    },
    {
      "id": "pt.ine.add.MAD.25326",
      "street": "VR CASTELHANA",
      "house": "",
      "postcode": "9370-556",
      "city": "PAUL DO MAR",
      "lon": "-17.22886338981239",
      "lat": "32.75871685368457"
    },
    {
      "id": "pt.ine.add.MAD.25327",
      "street": "VR CASTELHANA",
      "house": "1",
      "postcode": "9370-556",
      "city": "PAUL DO MAR",
      "lon": "-17.22902520358864",
      "lat": "32.75878611710185"
    },
    {
      "id": "pt.ine.add.MAD.25328",
      "street": "R LAGOA",
      "house": "7",
      "postcode": "9370-552",
      "city": "PAUL DO MAR",
      "lon": "-17.22905148217982",
      "lat": "32.75898404271659"
    },
    {
      "id": "pt.ine.add.MAD.25329",
      "street": "3 VEREDA LAGOA",
      "house": "",
      "postcode": "9370-557",
      "city": "PAUL DO MAR",
      "lon": "-17.229212847178033",
      "lat": "32.75903527810768"
    },
    {
      "id": "pt.ine.add.MAD.25330",
      "street": "4 IMPASSE LAGOA",
      "house": "8",
      "postcode": "9370-558",
      "city": "PAUL DO MAR",
      "lon": "-17.22986538040959",
      "lat": "32.75909580562831"
    },
    {
      "id": "pt.ine.add.MAD.25331",
      "street": "4 IMPASSE LAGOA",
      "house": "1",
      "postcode": "9370-558",
      "city": "PAUL DO MAR",
      "lon": "-17.230002937807598",
      "lat": "32.75904826722048"
    },
    {
      "id": "pt.ine.add.MAD.25332",
      "street": "4 IMPASSE LAGOA",
      "house": "10",
      "postcode": "9370-558",
      "city": "PAUL DO MAR",
      "lon": "-17.230018101282283",
      "lat": "32.75922835471808"
    },
    {
      "id": "pt.ine.add.MAD.25333",
      "street": "4 IMPASSE LAGOA",
      "house": "12",
      "postcode": "9370-558",
      "city": "PAUL DO MAR",
      "lon": "-17.230150161361795",
      "lat": "32.759388325105334"
    },
    {
      "id": "pt.ine.add.MAD.25334",
      "street": "1 IMPASSE SALINAS",
      "house": "4",
      "postcode": "9370-561",
      "city": "PAUL DO MAR",
      "lon": "-17.230309627704884",
      "lat": "32.759791289871984"
    },
    {
      "id": "pt.ine.add.MAD.25335",
      "street": "1 IMPASSE SALINAS",
      "house": "6",
      "postcode": "9370-561",
      "city": "PAUL DO MAR",
      "lon": "-17.230163199934253",
      "lat": "32.75991112956086"
    },
    {
      "id": "pt.ine.add.MAD.25336",
      "street": "AV PESCADORES PAULENSES",
      "house": "100",
      "postcode": "9370-545",
      "city": "PAUL DO MAR",
      "lon": "-17.231576854471363",
      "lat": "32.75967853931739"
    },
    {
      "id": "pt.ine.add.MAD.25337",
      "street": "AV PESCADORES PAULENSES",
      "house": "88",
      "postcode": "9370-545",
      "city": "PAUL DO MAR",
      "lon": "-17.231636137588957",
      "lat": "32.75948810780405"
    },
    {
      "id": "pt.ine.add.MAD.25338",
      "street": "AV PESCADORES PAULENSES",
      "house": "96",
      "postcode": "9370-545",
      "city": "PAUL DO MAR",
      "lon": "-17.231371562622673",
      "lat": "32.75915014252213"
    },
    {
      "id": "pt.ine.add.MAD.25339",
      "street": "AV PESCADORES PAULENSES",
      "house": "84",
      "postcode": "9370-545",
      "city": "PAUL DO MAR",
      "lon": "-17.231333711424085",
      "lat": "32.75891635221404"
    },
    {
      "id": "pt.ine.add.MAD.25340",
      "street": "R LAGOA",
      "house": "6",
      "postcode": "9370-552",
      "city": "PAUL DO MAR",
      "lon": "-17.229808878168896",
      "lat": "32.75811386317681"
    },
    {
      "id": "pt.ine.add.MAD.25341",
      "street": "2 IMPASSE LAGOA",
      "house": "2",
      "postcode": "9370-554",
      "city": "PAUL DO MAR",
      "lon": "-17.22953466471504",
      "lat": "32.758244994821965"
    },
    {
      "id": "pt.ine.add.MAD.25342",
      "street": "VR CASTELHANA",
      "house": "",
      "postcode": "9370-556",
      "city": "PAUL DO MAR",
      "lon": "-17.228629932036313",
      "lat": "32.75834225699584"
    },
    {
      "id": "pt.ine.add.MAD.25343",
      "street": "VR CASTELHANA",
      "house": "8",
      "postcode": "9370-556",
      "city": "PAUL DO MAR",
      "lon": "-17.22860219697414",
      "lat": "32.75851409017128"
    },
    {
      "id": "pt.ine.add.MAD.56919",
      "street": "VR CASCALHO",
      "house": "4",
      "postcode": "9370-568",
      "city": "PAUL DO MAR",
      "lon": "-17.23167492516424",
      "lat": "32.76061465024178"
    },
    {
      "id": "pt.ine.add.MAD.56920",
      "street": "R LAGOA",
      "house": "5",
      "postcode": "9370-552",
      "city": "PAUL DO MAR",
      "lon": "-17.22941014187227",
      "lat": "32.75881533749375"
    },
    {
      "id": "pt.ine.add.MAD.59636",
      "street": "VR QUINTA",
      "house": "",
      "postcode": "9370-571",
      "city": "PAUL DO MAR",
      "lon": "-17.23202007154519",
      "lat": "32.7620423405885"
    },
    {
      "id": "pt.ine.add.MAD.59637",
      "street": "R SERRADO DA CRUZ",
      "house": "14",
      "postcode": "9370-566",
      "city": "PAUL DO MAR",
      "lon": "-17.23185637434212",
      "lat": "32.76018757726143"
    },
    {
      "id": "pt.ine.add.MAD.59666",
      "street": "1 VEREDA SERRADO DA CRUZ",
      "house": "8",
      "postcode": "9370-567",
      "city": "PAUL DO MAR",
      "lon": "-17.23131086484279",
      "lat": "32.760567029364005"
    },
    {
      "id": "pt.ine.add.MAD.62229",
      "street": "VR CASCALHO",
      "house": "",
      "postcode": "9370-568",
      "city": "PAUL DO MAR",
      "lon": "-17.231412724858234",
      "lat": "32.76079967924217"
    },
    {
      "id": "pt.ine.add.MAD.62230",
      "street": "VR 4 LAGOA",
      "house": "",
      "postcode": "9370-558",
      "city": "PAUL DO MAR",
      "lon": "-17.229436315668323",
      "lat": "32.75943710499801"
    },
    {
      "id": "pt.ine.add.MAD.62231",
      "street": "2 IMPASSE LAGOA",
      "house": "4",
      "postcode": "9370-554",
      "city": "PAUL DO MAR",
      "lon": "-17.229308845460967",
      "lat": "32.75817687126215"
    },
    {
      "id": "pt.ine.add.MAD.62917",
      "street": "AV PESCADORES PAULENSES",
      "house": "106",
      "postcode": "9370-545",
      "city": "PAUL DO MAR",
      "lon": "-17.23281815515023",
      "lat": "32.7619469544222"
    },
    {
      "id": "pt.ine.add.MAD.62918",
      "street": "R SERRADO DA CRUZ",
      "house": "",
      "postcode": "9370-566",
      "city": "PAUL DO MAR",
      "lon": "-17.23259835592842",
      "lat": "32.76126551505619"
    },
    {
      "id": "pt.ine.add.MAD.62919",
      "street": "VR 4 LAGOA",
      "house": "3",
      "postcode": "9370-558",
      "city": "PAUL DO MAR",
      "lon": "-17.230187335343214",
      "lat": "32.759595074270585"
    },
    {
      "id": "pt.ine.add.MAD.68191",
      "street": "2 IMPASSE SALINAS",
      "house": "1",
      "postcode": "9370-562",
      "city": "PAUL DO MAR",
      "lon": "-17.23095442251939",
      "lat": "32.75996918165652"
    },
    {
      "id": "pt.ine.add.MAD.70948",
      "street": "VR CASCALHO",
      "house": "",
      "postcode": "9370-568",
      "city": "PAUL DO MAR",
      "lon": "-17.230934141619425",
      "lat": "32.761295169718935"
    },
    {
      "id": "pt.ine.add.MAD.70949",
      "street": "VR 4 LAGOA",
      "house": "14",
      "postcode": "9370-558",
      "city": "PAUL DO MAR",
      "lon": "-17.229950170001707",
      "lat": "32.75950010038716"
    },
    {
      "id": "pt.ine.add.MAD.70950",
      "street": "1 IMPASSE LAGOA",
      "house": "4",
      "postcode": "9370-553",
      "city": "PAUL DO MAR",
      "lon": "-17.229414280182574",
      "lat": "32.757697047172854"
    },
    {
      "id": "pt.ine.add.MAD.70951",
      "street": "R LAGOA",
      "house": "4",
      "postcode": "9370-552",
      "city": "PAUL DO MAR",
      "lon": "-17.229919479660854",
      "lat": "32.75784135788634"
    },
    {
      "id": "pt.ine.add.MAD.73707",
      "street": "R SERRADO DA CRUZ",
      "house": "26",
      "postcode": "9370-566",
      "city": "PAUL DO MAR",
      "lon": "-17.23239251270531",
      "lat": "32.7611429340679"
    },
    {
      "id": "pt.ine.add.MAD.79913",
      "street": "R SERRADO DA CRUZ",
      "house": "40",
      "postcode": "9370-566",
      "city": "PAUL DO MAR",
      "lon": "-17.232663849923092",
      "lat": "32.76175131222175"
    },
    {
      "id": "pt.ine.add.MAD.79914",
      "street": "VR HOSPITAL",
      "house": "4",
      "postcode": "9370-573",
      "city": "PAUL DO MAR",
      "lon": "-17.2318899358265",
      "lat": "32.76238733857809"
    },
    {
      "id": "pt.ine.add.MAD.79915",
      "street": "R SERRADO DA CRUZ",
      "house": "15",
      "postcode": "9370-566",
      "city": "PAUL DO MAR",
      "lon": "-17.232564551355882",
      "lat": "32.76119397472372"
    },
    {
      "id": "pt.ine.add.MAD.79916",
      "street": "IMP ENTULHO",
      "house": "2",
      "postcode": "9370-564",
      "city": "PAUL DO MAR",
      "lon": "-17.230953424778136",
      "lat": "32.76035696783976"
    },
    {
      "id": "pt.ine.add.MAD.80081",
      "street": "1 IMPASSE LAGOA",
      "house": "1",
      "postcode": "9370-553",
      "city": "PAUL DO MAR",
      "lon": "-17.22963729637277",
      "lat": "32.75808084613753"
    },
    {
      "id": "pt.ine.add.MAD.80079",
      "street": "VR CASTELHANA",
      "house": "3",
      "postcode": "9370-556",
      "city": "PAUL DO MAR",
      "lon": "-17.22892896904598",
      "lat": "32.75877881181721"
    },
    {
      "id": "pt.ine.add.MAD.80080",
      "street": "1 IMPASSE LAGOA",
      "house": "2",
      "postcode": "9370-553",
      "city": "PAUL DO MAR",
      "lon": "-17.22970410408994",
      "lat": "32.757764031209895"
    },
    {
      "id": "pt.ine.add.MAD.80082",
      "street": "3 IMPASSE LAGOA",
      "house": "3",
      "postcode": "9370-555",
      "city": "PAUL DO MAR",
      "lon": "-17.22895928306366",
      "lat": "32.75828228911434"
    },
    {
      "id": "pt.ine.add.MAD.83032",
      "street": "R SERRADO DA CRUZ",
      "house": "34",
      "postcode": "9370-566",
      "city": "PAUL DO MAR",
      "lon": "-17.232472364984087",
      "lat": "32.76134892164764"
    },
    {
      "id": "pt.ine.add.MAD.83033",
      "street": "R SERRADO DA CRUZ",
      "house": "36",
      "postcode": "9370-566",
      "city": "PAUL DO MAR",
      "lon": "-17.232560635110858",
      "lat": "32.761464580466985"
    },
    {
      "id": "pt.ine.add.MAD.83190",
      "street": "AV PESCADORES PAULENSES",
      "house": "21",
      "postcode": "9370-545",
      "city": "PAUL DO MAR",
      "lon": "-17.232688876856912",
      "lat": "32.76147131230261"
    },
    {
      "id": "pt.ine.add.MAD.83191",
      "street": "4 IMPASSE LAGOA",
      "house": "2",
      "postcode": "9370-558",
      "city": "PAUL DO MAR",
      "lon": "-17.229769699189674",
      "lat": "32.75868268679237"
    },
    {
      "id": "pt.ine.add.MAD.83192",
      "street": "4 IMPASSE LAGOA",
      "house": "",
      "postcode": "9370-558",
      "city": "PAUL DO MAR",
      "lon": "-17.229818663487734",
      "lat": "32.75893431559273"
    },
    {
      "id": "pt.ine.add.MAD.83193",
      "street": "R LAGOA",
      "house": "12",
      "postcode": "9370-552",
      "city": "PAUL DO MAR",
      "lon": "-17.229213852804314",
      "lat": "32.758647491537474"
    },
    {
      "id": "pt.ine.add.MAD.85974",
      "street": "R SERRADO DA CRUZ",
      "house": "9",
      "postcode": "9370-566",
      "city": "PAUL DO MAR",
      "lon": "-17.232360824980187",
      "lat": "32.76072867705305"
    },
    {
      "id": "pt.ine.add.MAD.85975",
      "street": "1 IMPASSE LAGOA",
      "house": "3",
      "postcode": "9370-553",
      "city": "PAUL DO MAR",
      "lon": "-17.229442132177034",
      "lat": "32.757958069852016"
    },
    {
      "id": "pt.ine.add.MAD.85976",
      "street": "R LAGOA",
      "house": "10",
      "postcode": "9370-552",
      "city": "PAUL DO MAR",
      "lon": "-17.229698276046793",
      "lat": "32.7583863683877"
    },
    {
      "id": "pt.ine.add.MAD.86923",
      "street": "1 VEREDA SERRADO DA CRUZ",
      "house": "10",
      "postcode": "9370-567",
      "city": "PAUL DO MAR",
      "lon": "-17.23119396712195",
      "lat": "32.76058714760078"
    },
    {
      "id": "pt.ine.add.MAD.86924",
      "street": "VR CASCALHO",
      "house": "",
      "postcode": "9370-568",
      "city": "PAUL DO MAR",
      "lon": "-17.231025880870305",
      "lat": "32.76112219608902"
    },
    {
      "id": "pt.ine.add.MAD.90440",
      "street": "4 IMPASSE LAGOA",
      "house": "4",
      "postcode": "9370-558",
      "city": "PAUL DO MAR",
      "lon": "-17.229794181299035",
      "lat": "32.758808501197606"
    },
    {
      "id": "pt.ine.add.MAD.90441",
      "street": "2 IMPASSE LAGOA",
      "house": "",
      "postcode": "9370-554",
      "city": "PAUL DO MAR",
      "lon": "-17.229360504660175",
      "lat": "32.758536666847554"
    },
    {
      "id": "pt.ine.add.MAD.93640",
      "street": "IMP ENTULHO",
      "house": "9",
      "postcode": "9370-564",
      "city": "PAUL DO MAR",
      "lon": "-17.23119586341159",
      "lat": "32.760235416924615"
    },
    {
      "id": "pt.ine.add.MAD.93641",
      "street": "IMP ENTULHO",
      "house": "3",
      "postcode": "9370-564",
      "city": "PAUL DO MAR",
      "lon": "-17.231651659421782",
      "lat": "32.760110064182875"
    },
    {
      "id": "pt.ine.add.MAD.93642",
      "street": "VR CASCALHO",
      "house": "12",
      "postcode": "9370-568",
      "city": "PAUL DO MAR",
      "lon": "-17.231213631829274",
      "lat": "32.76094751203234"
    },
    {
      "id": "pt.ine.add.MAD.98799",
      "street": "2 VEREDA SERRADO DA CRUZ",
      "house": "12",
      "postcode": "9370-569",
      "city": "PAUL DO MAR",
      "lon": "-17.230348174112898",
      "lat": "32.76090881951929"
    },
    {
      "id": "pt.ine.add.MAD.100318",
      "street": "3 VEREDA LAGOA",
      "house": "",
      "postcode": "9370-557",
      "city": "PAUL DO MAR",
      "lon": "-17.229166805548726",
      "lat": "32.75890082940623"
    },
    {
      "id": "pt.ine.add.MAD.100724",
      "street": "R SERRADO DA CRUZ",
      "house": "28",
      "postcode": "9370-566",
      "city": "PAUL DO MAR",
      "lon": "-17.23241519900542",
      "lat": "32.76119663689596"
    },
    {
      "id": "pt.ine.add.MAD.104320",
      "street": "R SERRADO DA CRUZ",
      "house": "30",
      "postcode": "9370-566",
      "city": "PAUL DO MAR",
      "lon": "-17.232448778414152",
      "lat": "32.76125916342037"
    },
    {
      "id": "pt.ine.add.MAD.105465",
      "street": "2 IMPASSE LAGOA",
      "house": "3",
      "postcode": "9370-554",
      "city": "PAUL DO MAR",
      "lon": "-17.229239789106057",
      "lat": "32.75840354726047"
    },
    {
      "id": "pt.ine.add.MAD.106095",
      "street": "VR 3ª VEREDA DO SERRADO DA CRUZ",
      "house": "12",
      "postcode": "9370-570",
      "city": "PAUL DO MAR",
      "lon": "-17.231689997994323",
      "lat": "32.761218578775804"
    },
    {
      "id": "pt.ine.add.MAD.106170",
      "street": "R DO SERRADO DA CRUZ",
      "house": "13",
      "postcode": "9370-566",
      "city": "PAUL DO MAR",
      "lon": "-17.232571618433763",
      "lat": "32.761049562914714"
    },
    {
      "id": "pt.ine.add.MAD.129683",
      "street": "1 IMPASSE SALINAS",
      "house": "2",
      "postcode": "9370-561",
      "city": "PAUL DO MAR",
      "lon": "-17.230443588569205",
      "lat": "32.75959952905497"
    }
  ]
}