{
  "data": {
    "distrito": "Faro",
    "concelho": "Vila Real de Santo António",
    "freguesia": "Monte Gordo",
    "OBJECTID": 46,
    "BGRI2021": "08160300607",
    "DT21": "08",
    "DTMN21": "0816",
    "DTMNFR21": "081603",
    "DTMNFRSEC21": "081603006",
    "SECNUM21": "006",
    "SSNUM21": "07",
    "SECSSNUM21": "00607",
    "OBJECTID_1": 74544,
    "DT": "08",
    "CC": "16",
    "fr": "03",
    "SEC": "006",
    "SS": "07"
  },
  "addresses": [
    {
      "id": "pt.ine.add.PTCONT.1468707",
      "street": "R NOVA LISBOA",
      "house": "",
      "postcode": "8900-438",
      "city": "MONTE GORDO",
      "lon": "-7.45762266855109",
      "lat": "37.18057967464934"
    },
    {
      "id": "pt.ine.add.PTCONT.1483392",
      "street": "ZN EXPANSAO POENTE",
      "house": "50",
      "postcode": "8900-431",
      "city": "MONTE GORDO",
      "lon": "-7.458456776341541",
      "lat": "37.17922385964105"
    },
    {
      "id": "pt.ine.add.PTCONT.1494787",
      "street": "R BEIRA MAR",
      "house": "",
      "postcode": "8900-431",
      "city": "MONTE GORDO",
      "lon": "-7.4582717242360435",
      "lat": "37.17977243902683"
    },
    {
      "id": "pt.ine.add.PTCONT.1498428",
      "street": "ZN EXPANSAO POENTE",
      "house": "28",
      "postcode": "8900-431",
      "city": "MONTE GORDO",
      "lon": "-7.457938600852954",
      "lat": "37.180509392345556"
    },
    {
      "id": "pt.ine.add.PTCONT.1501125",
      "street": "R NOVA LISBOA",
      "house": "",
      "postcode": "8900-438",
      "city": "MONTE GORDO",
      "lon": "-7.457843352964729",
      "lat": "37.17982406072938"
    },
    {
      "id": "pt.ine.add.PTCONT.1509770",
      "street": "R NOVA LISBOA",
      "house": "",
      "postcode": "8900-438",
      "city": "MONTE GORDO",
      "lon": "-7.458014582318705",
      "lat": "37.17956373544743"
    },
    {
      "id": "pt.ine.add.PTCONT.1514732",
      "street": "R NOVA LISBOA",
      "house": "",
      "postcode": "8900-438",
      "city": "MONTE GORDO",
      "lon": "-7.457624914996197",
      "lat": "37.18032739685406"
    },
    {
      "id": "pt.ine.add.PTCONT.1517901",
      "street": "R NOVA LISBOA",
      "house": "",
      "postcode": "8900-438",
      "city": "MONTE GORDO",
      "lon": "-7.458095167727696",
      "lat": "37.1793659662023"
    },
    {
      "id": "pt.ine.add.PTCONT.1528379",
      "street": "R NOVA LISBOA",
      "house": "",
      "postcode": "8900-438",
      "city": "MONTE GORDO",
      "lon": "-7.45751947950747",
      "lat": "37.18078632501808"
    },
    {
      "id": "pt.ine.add.PTCONT.1530721",
      "street": "R BEIRA MAR",
      "house": "",
      "postcode": "8900-431",
      "city": "MONTE GORDO",
      "lon": "-7.458318368208755",
      "lat": "37.17959249707652"
    },
    {
      "id": "pt.ine.add.PTCONT.1530751",
      "street": "R BEIRA MAR",
      "house": "",
      "postcode": "8900-431",
      "city": "MONTE GORDO",
      "lon": "-7.45762297564619",
      "lat": "37.18118014330853"
    },
    {
      "id": "pt.ine.add.PTCONT.1535757",
      "street": "ZN EXPANSAO POENTE",
      "house": "20",
      "postcode": "8900-431",
      "city": "MONTE GORDO",
      "lon": "-7.457730265593706",
      "lat": "37.18096078908136"
    },
    {
      "id": "pt.ine.add.PTCONT.1536707",
      "street": "R NOVA LISBOA",
      "house": "",
      "postcode": "8900-438",
      "city": "MONTE GORDO",
      "lon": "-7.458015143586135",
      "lat": "37.17950066598368"
    },
    {
      "id": "pt.ine.add.PTCONT.1536836",
      "street": "ZN EXPANSAO POENTE",
      "house": "21",
      "postcode": "8900-431",
      "city": "MONTE GORDO",
      "lon": "-7.457750967096216",
      "lat": "37.180904460667556"
    },
    {
      "id": "pt.ine.add.PTCONT.1540526",
      "street": "R BEIRA MAR",
      "house": "",
      "postcode": "8900-431",
      "city": "MONTE GORDO",
      "lon": "-7.4576600841654415",
      "lat": "37.181067462037674"
    },
    {
      "id": "pt.ine.add.PTCONT.1541798",
      "street": "R NOVA LISBOA",
      "house": "",
      "postcode": "8900-438",
      "city": "MONTE GORDO",
      "lon": "-7.458107069288836",
      "lat": "37.17929395096017"
    },
    {
      "id": "pt.ine.add.PTCONT.1556251",
      "street": "R BEIRA MAR",
      "house": "",
      "postcode": "8900-431",
      "city": "MONTE GORDO",
      "lon": "-7.457915197950979",
      "lat": "37.18060837314963"
    },
    {
      "id": "pt.ine.add.PTCONT.1562014",
      "street": "R NOVA LISBOA",
      "house": "",
      "postcode": "8900-438",
      "city": "MONTE GORDO",
      "lon": "-7.457831531266526",
      "lat": "37.17988706601278"
    },
    {
      "id": "pt.ine.add.PTCONT.1564630",
      "street": "R BEIRA MAR",
      "house": "",
      "postcode": "8900-431",
      "city": "MONTE GORDO",
      "lon": "-7.45821446101182",
      "lat": "37.1798802374273"
    },
    {
      "id": "pt.ine.add.PTCONT.1570917",
      "street": "R NOVA LISBOA",
      "house": "6A",
      "postcode": "8900-438",
      "city": "MONTE GORDO",
      "lon": "-7.457784003638598",
      "lat": "37.180166116892025"
    },
    {
      "id": "pt.ine.add.PTCONT.1575048",
      "street": "ZN EXPANSAO POENTE",
      "house": "33",
      "postcode": "8900-431",
      "city": "MONTE GORDO",
      "lon": "-7.458110312496268",
      "lat": "37.18019500743296"
    },
    {
      "id": "pt.ine.add.PTCONT.1593935",
      "street": "R NOVA LISBOA",
      "house": "",
      "postcode": "8900-438",
      "city": "MONTE GORDO",
      "lon": "-7.457796948342056",
      "lat": "37.17997697270617"
    },
    {
      "id": "pt.ine.add.PTCONT.1602503",
      "street": "R NOVA LISBOA",
      "house": "",
      "postcode": "8900-438",
      "city": "MONTE GORDO",
      "lon": "-7.458175592387472",
      "lat": "37.1791862167401"
    },
    {
      "id": "pt.ine.add.PTCONT.1604981",
      "street": "ZN EXPANSAO POENTE",
      "house": "51",
      "postcode": "8900-476",
      "city": "MONTE GORDO",
      "lon": "-7.45846875766161",
      "lat": "37.17914283443243"
    },
    {
      "id": "pt.ine.add.PTCONT.1608514",
      "street": "R NOVA LISBOA",
      "house": "",
      "postcode": "8900-438",
      "city": "MONTE GORDO",
      "lon": "-7.457655085843741",
      "lat": "37.180733035889794"
    },
    {
      "id": "pt.ine.add.PTCONT.1628354",
      "street": "R NOVA LISBOA",
      "house": "",
      "postcode": "8900-438",
      "city": "MONTE GORDO",
      "lon": "-7.457613173263212",
      "lat": "37.18038139218642"
    },
    {
      "id": "pt.ine.add.PTCONT.1631842",
      "street": "R BEIRA MAR",
      "house": "",
      "postcode": "8900-431",
      "city": "MONTE GORDO",
      "lon": "-7.457995945141802",
      "lat": "37.18039258417637"
    },
    {
      "id": "pt.ine.add.PTCONT.1640269",
      "street": "R NOVA LISBOA",
      "house": "",
      "postcode": "8900-438",
      "city": "MONTE GORDO",
      "lon": "-7.4578086096707334",
      "lat": "37.17993198727244"
    },
    {
      "id": "pt.ine.add.PTCONT.1649054",
      "street": "ZN EXPANSAO POENTE",
      "house": "42",
      "postcode": "8900-431",
      "city": "MONTE GORDO",
      "lon": "-7.458283866148345",
      "lat": "37.17967339399987"
    },
    {
      "id": "pt.ine.add.PTCONT.1666998",
      "street": "ZN EXPANSAO POENTE",
      "house": "45",
      "postcode": "8900-431",
      "city": "MONTE GORDO",
      "lon": "-7.458364450979054",
      "lat": "37.17947562456945"
    },
    {
      "id": "pt.ine.add.PTCONT.1669643",
      "street": "R BEIRA MAR",
      "house": "",
      "postcode": "8900-431",
      "city": "MONTE GORDO",
      "lon": "-7.458283465400285",
      "lat": "37.179718443618086"
    },
    {
      "id": "pt.ine.add.PTCONT.1671902",
      "street": "R BEIRA MAR",
      "house": "",
      "postcode": "8900-431",
      "city": "MONTE GORDO",
      "lon": "-7.458156957126288",
      "lat": "37.180015065565364"
    },
    {
      "id": "pt.ine.add.PTCONT.1674889",
      "street": "ZN EXPANSAO POENTE",
      "house": "48",
      "postcode": "8900-431",
      "city": "MONTE GORDO",
      "lon": "-7.458388494013133",
      "lat": "37.17930456425348"
    },
    {
      "id": "pt.ine.add.PTCONT.1678027",
      "street": "R NOVA LISBOA",
      "house": "",
      "postcode": "8900-438",
      "city": "MONTE GORDO",
      "lon": "-7.457796467092015",
      "lat": "37.18003103223977"
    },
    {
      "id": "pt.ine.add.PTCONT.1691968",
      "street": "R NOVA LISBOA",
      "house": "",
      "postcode": "8900-438",
      "city": "MONTE GORDO",
      "lon": "-7.45792337775962",
      "lat": "37.17968936107777"
    },
    {
      "id": "pt.ine.add.PTCONT.1695185",
      "street": "R NOVA LISBOA",
      "house": "",
      "postcode": "8900-438",
      "city": "MONTE GORDO",
      "lon": "-7.4573911123669445",
      "lat": "37.18095658385"
    },
    {
      "id": "pt.ine.add.PTCONT.1703129",
      "street": "R BEIRA MAR",
      "house": "",
      "postcode": "8900-431",
      "city": "MONTE GORDO",
      "lon": "-7.4578558122842376",
      "lat": "37.18073309156493"
    },
    {
      "id": "pt.ine.add.PTCONT.1708696",
      "street": "R BEIRA MAR",
      "house": "",
      "postcode": "8900-431",
      "city": "MONTE GORDO",
      "lon": "-7.458237542663336",
      "lat": "37.17981729623946"
    },
    {
      "id": "pt.ine.add.PTCONT.1708697",
      "street": "ZN EXPANSAO POENTE",
      "house": "17",
      "postcode": "8900-431",
      "city": "MONTE GORDO",
      "lon": "-7.457648999945792",
      "lat": "37.181121461114834"
    },
    {
      "id": "pt.ine.add.PTCONT.1714795",
      "street": "R NOVA LISBOA",
      "house": "34 B",
      "postcode": "8900-438",
      "city": "MONTE GORDO",
      "lon": "-7.458165053668661",
      "lat": "37.17910506327977"
    },
    {
      "id": "pt.ine.add.PTCONT.1720565",
      "street": "R NOVA LISBOA",
      "house": "",
      "postcode": "8900-438",
      "city": "MONTE GORDO",
      "lon": "-7.458130150843185",
      "lat": "37.17923100978619"
    },
    {
      "id": "pt.ine.add.PTCONT.1723283",
      "street": "R NOVA LISBOA",
      "house": "",
      "postcode": "8900-438",
      "city": "MONTE GORDO",
      "lon": "-7.458072166275572",
      "lat": "37.17941989744371"
    },
    {
      "id": "pt.ine.add.PTCONT.1731757",
      "street": "R BEIRA MAR",
      "house": "",
      "postcode": "8900-431",
      "city": "MONTE GORDO",
      "lon": "-7.458330109310023",
      "lat": "37.17953850166093"
    },
    {
      "id": "pt.ine.add.PTCONT.1740684",
      "street": "R BEIRA MAR",
      "house": "",
      "postcode": "8900-431",
      "city": "MONTE GORDO",
      "lon": "-7.4580760504586765",
      "lat": "37.18024887451543"
    },
    {
      "id": "pt.ine.add.PTCONT.1748513",
      "street": "R NOVA LISBOA",
      "house": "70",
      "postcode": "8900-438",
      "city": "MONTE GORDO",
      "lon": "-7.458064228881706",
      "lat": "37.1803118798188"
    },
    {
      "id": "pt.ine.add.PTCONT.1765181",
      "street": "R NOVA LISBOA",
      "house": "",
      "postcode": "8900-438",
      "city": "MONTE GORDO",
      "lon": "-7.457383729838882",
      "lat": "37.18109271107963"
    },
    {
      "id": "pt.ine.add.PTCONT.1766320",
      "street": "R NOVA LISBOA",
      "house": "",
      "postcode": "8900-438",
      "city": "MONTE GORDO",
      "lon": "-7.457877534771885",
      "lat": "37.17977920363283"
    },
    {
      "id": "pt.ine.add.PTCONT.1771152",
      "street": "ZN EXPANSAO POENTE",
      "house": "46",
      "postcode": "8900-431",
      "city": "MONTE GORDO",
      "lon": "-7.458376672854535",
      "lat": "37.17936756960207"
    },
    {
      "id": "pt.ine.add.PTCONT.1771457",
      "street": "R NOVA LISBOA",
      "house": "",
      "postcode": "8900-438",
      "city": "MONTE GORDO",
      "lon": "-7.457612531412197",
      "lat": "37.18045347155676"
    },
    {
      "id": "pt.ine.add.PTCONT.1777071",
      "street": "ZN EXPANSAO POENTE",
      "house": "27",
      "postcode": "8900-431",
      "city": "MONTE GORDO",
      "lon": "-7.457926939507082",
      "lat": "37.18055437778763"
    },
    {
      "id": "pt.ine.add.PTCONT.1777349",
      "street": "R NOVA LISBOA",
      "house": "",
      "postcode": "8900-438",
      "city": "MONTE GORDO",
      "lon": "-7.457458069733851",
      "lat": "37.180837934994585"
    },
    {
      "id": "pt.ine.add.PTCONT.1788902",
      "street": "R BEIRA MAR",
      "house": "",
      "postcode": "8900-431",
      "city": "MONTE GORDO",
      "lon": "-7.457787589329794",
      "lat": "37.18084636505355"
    },
    {
      "id": "pt.ine.add.PTCONT.1795107",
      "street": "R NOVA LISBOA",
      "house": "",
      "postcode": "8900-438",
      "city": "MONTE GORDO",
      "lon": "-7.4577835223760385",
      "lat": "37.180220176423745"
    },
    {
      "id": "pt.ine.add.PTCONT.1795604",
      "street": "R NOVA LISBOA",
      "house": "",
      "postcode": "8900-438",
      "city": "MONTE GORDO",
      "lon": "-7.457610766310132",
      "lat": "37.18065168982066"
    },
    {
      "id": "pt.ine.add.PTCONT.1800672",
      "street": "ZN EXPANSAO POENTE",
      "house": "35",
      "postcode": "8900-431",
      "city": "MONTE GORDO",
      "lon": "-7.4581563959663075",
      "lat": "37.18007813502544"
    },
    {
      "id": "pt.ine.add.PTCONT.1815098",
      "street": "ZN EXPANSAO POENTE",
      "house": "34",
      "postcode": "8900-431",
      "city": "MONTE GORDO",
      "lon": "-7.458110873696936",
      "lat": "37.18013193797471"
    },
    {
      "id": "pt.ine.add.PTCONT.1821310",
      "street": "R NOVA LISBOA",
      "house": "19 B",
      "postcode": "8900-438",
      "city": "MONTE GORDO",
      "lon": "-7.4576344905393315",
      "lat": "37.1805166693969"
    },
    {
      "id": "pt.ine.add.PTCONT.1826641",
      "street": "ZN EXPANSAO POENTE",
      "house": "29",
      "postcode": "8900-431",
      "city": "MONTE GORDO",
      "lon": "-7.457950422567406",
      "lat": "37.180446387058126"
    },
    {
      "id": "pt.ine.add.PTCONT.1835189",
      "street": "R BEIRA MAR",
      "house": "",
      "postcode": "8900-431",
      "city": "MONTE GORDO",
      "lon": "-7.457690727418758",
      "lat": "37.18101171651693"
    },
    {
      "id": "pt.ine.add.PTCONT.1841437",
      "street": "R NOVA LISBOA",
      "house": "",
      "postcode": "8900-438",
      "city": "MONTE GORDO",
      "lon": "-7.457422795500046",
      "lat": "37.18089207723097"
    },
    {
      "id": "pt.ine.add.PTCONT.1842573",
      "street": "R NOVA LISBOA",
      "house": "",
      "postcode": "8900-438",
      "city": "MONTE GORDO",
      "lon": "-7.457389216551689",
      "lat": "37.1810323728407"
    },
    {
      "id": "pt.ine.add.PTCONT.1843104",
      "street": "R NOVA LISBOA",
      "house": "",
      "postcode": "8900-438",
      "city": "MONTE GORDO",
      "lon": "-7.457784645320015",
      "lat": "37.1800940375156"
    },
    {
      "id": "pt.ine.add.PTCONT.1843387",
      "street": "ZN EXPANSÃO POENTE",
      "house": "46",
      "postcode": "8900-431",
      "city": "MONTE GORDO",
      "lon": "-7.458376192028208",
      "lat": "37.17942162914771"
    },
    {
      "id": "pt.ine.add.PTCONT.1847698",
      "street": "R NOVA LISBOA",
      "house": "",
      "postcode": "8900-438",
      "city": "MONTE GORDO",
      "lon": "-7.457912598669087",
      "lat": "37.17963523737308"
    }
  ]
}