{
  "data": {
    "distrito": "Faro",
    "concelho": "Albufeira",
    "freguesia": "Albufeira e Olhos de Água",
    "OBJECTID": 523,
    "BGRI2021": "08010604003",
    "DT21": "08",
    "DTMN21": "0801",
    "DTMNFR21": "080106",
    "DTMNFRSEC21": "080106040",
    "SECNUM21": "040",
    "SSNUM21": "03",
    "SECSSNUM21": "04003",
    "OBJECTID_1": 64744,
    "DT": "08",
    "CC": "01",
    "fr": "06",
    "SEC": "040",
    "SS": "03"
  },
  "addresses": [
    {
      "id": "pt.ine.add.PTCONT.1467297",
      "street": "",
      "house": "",
      "postcode": "8200-319",
      "city": "ALBUFEIRA",
      "lon": "-8.271637750969875",
      "lat": "37.091173724923685"
    },
    {
      "id": "pt.ine.add.PTCONT.1469365",
      "street": "CAM RAPOSO",
      "house": "",
      "postcode": "8200-042",
      "city": "ALBUFEIRA",
      "lon": "-8.268547546708604",
      "lat": "37.09284426960629"
    },
    {
      "id": "pt.ine.add.PTCONT.1469503",
      "street": "R AGUIAS L",
      "house": "L",
      "postcode": "8200-319",
      "city": "ALBUFEIRA",
      "lon": "-8.27393015358444",
      "lat": "37.08999963676961"
    },
    {
      "id": "pt.ine.add.PTCONT.1469504",
      "street": "R AGUIAS M",
      "house": "M",
      "postcode": "8200-319",
      "city": "ALBUFEIRA",
      "lon": "-8.27393015358444",
      "lat": "37.08999963676961"
    },
    {
      "id": "pt.ine.add.PTCONT.1472271",
      "street": "R AGUIAS CONDOMINIO CERRO AGUIA",
      "house": "Z",
      "postcode": "8200-319",
      "city": "ALBUFEIRA",
      "lon": "-8.273458696520564",
      "lat": "37.090513804364605"
    },
    {
      "id": "pt.ine.add.PTCONT.1475323",
      "street": "CAM RAPOSO",
      "house": "",
      "postcode": "8200-042",
      "city": "ALBUFEIRA",
      "lon": "-8.26845402012928",
      "lat": "37.09085301671408"
    },
    {
      "id": "pt.ine.add.PTCONT.1475418",
      "street": "R AGUIAS X",
      "house": "X",
      "postcode": "8200-319",
      "city": "ALBUFEIRA",
      "lon": "-8.273526100166603",
      "lat": "37.090468671182165"
    },
    {
      "id": "pt.ine.add.PTCONT.1481506",
      "street": "R AGUIAS CONDOMINIO CERRO AGUIA",
      "house": "AA",
      "postcode": "8200-319",
      "city": "ALBUFEIRA",
      "lon": "-8.273335070390084",
      "lat": "37.090568014678865"
    },
    {
      "id": "pt.ine.add.PTCONT.1486965",
      "street": "CAM RAPOSO",
      "house": "",
      "postcode": "8200-042",
      "city": "ALBUFEIRA",
      "lon": "-8.268982491979209",
      "lat": "37.09075329494541"
    },
    {
      "id": "pt.ine.add.PTCONT.1489788",
      "street": "CERRO AGUIA CONDOMINIO CERRO AGUIA",
      "house": "",
      "postcode": "8200-319",
      "city": "ALBUFEIRA",
      "lon": "-8.273884879384271",
      "lat": "37.08984650896756"
    },
    {
      "id": "pt.ine.add.PTCONT.1489789",
      "street": "CERRO AGUIA CONDOMINIO ALTO MARINA",
      "house": "G",
      "postcode": "8200-319",
      "city": "ALBUFEIRA",
      "lon": "-8.272815918232034",
      "lat": "37.08961349537389"
    },
    {
      "id": "pt.ine.add.PTCONT.1491969",
      "street": "CERRO AGUIA CONDOMINIO CERRO AGUIA",
      "house": "",
      "postcode": "8200-319",
      "city": "ALBUFEIRA",
      "lon": "-8.273884879384271",
      "lat": "37.08984650896756"
    },
    {
      "id": "pt.ine.add.PTCONT.1495741",
      "street": "CERRO AGUIA",
      "house": "100 H",
      "postcode": "8200-319",
      "city": "ALBUFEIRA",
      "lon": "-8.273725480573646",
      "lat": "37.0888014591323"
    },
    {
      "id": "pt.ine.add.PTCONT.1502665",
      "street": "R AGUIAS CONDOMINIO CERRO AGUIA",
      "house": "AM",
      "postcode": "8200-319",
      "city": "ALBUFEIRA",
      "lon": "-8.272929421140361",
      "lat": "37.09017202375448"
    },
    {
      "id": "pt.ine.add.PTCONT.1504464",
      "street": "R AGUIA",
      "house": "3",
      "postcode": "8200-319",
      "city": "ALBUFEIRA",
      "lon": "-8.27058175109449",
      "lat": "37.09189580794706"
    },
    {
      "id": "pt.ine.add.PTCONT.1507401",
      "street": "R AGUIA",
      "house": "",
      "postcode": "8200-371",
      "city": "ALBUFEIRA",
      "lon": "-8.271077251156276",
      "lat": "37.09221961688017"
    },
    {
      "id": "pt.ine.add.PTCONT.1507506",
      "street": "R AGUIAS G",
      "house": "G",
      "postcode": "8200-319",
      "city": "ALBUFEIRA",
      "lon": "-8.27389622708545",
      "lat": "37.08990055957485"
    },
    {
      "id": "pt.ine.add.PTCONT.1507507",
      "street": "R AGUIAS H",
      "house": "H",
      "postcode": "8200-319",
      "city": "ALBUFEIRA",
      "lon": "-8.27389622708545",
      "lat": "37.08990055957485"
    },
    {
      "id": "pt.ine.add.PTCONT.1510220",
      "street": "CERRO AGUIA",
      "house": "87 A",
      "postcode": "8200-319",
      "city": "ALBUFEIRA",
      "lon": "-8.273124412299397",
      "lat": "37.092226228226096"
    },
    {
      "id": "pt.ine.add.PTCONT.1512206",
      "street": "R AGUIAS CONDOMINIO CERRO AGUIA",
      "house": "AL",
      "postcode": "8200-319",
      "city": "ALBUFEIRA",
      "lon": "-8.272884512903396",
      "lat": "37.09021713008886"
    },
    {
      "id": "pt.ine.add.PTCONT.1515565",
      "street": "R AGUIA",
      "house": "16A",
      "postcode": "8200-310",
      "city": "ALBUFEIRA",
      "lon": "-8.269357670971974",
      "lat": "37.09298751242688"
    },
    {
      "id": "pt.ine.add.PTCONT.1523939",
      "street": "CERRO AGUIA",
      "house": "",
      "postcode": "8200-319",
      "city": "ALBUFEIRA",
      "lon": "-8.27324361140656",
      "lat": "37.08976617232863"
    },
    {
      "id": "pt.ine.add.PTCONT.1533408",
      "street": "R AGUIAS CONDOMINIO CERRO AGUIA",
      "house": "AJ",
      "postcode": "8200-319",
      "city": "ALBUFEIRA",
      "lon": "-8.272929586673852",
      "lat": "37.09026213035186"
    },
    {
      "id": "pt.ine.add.PTCONT.1533409",
      "street": "R AGUIAS CONDOMINIO CERRO AGUIA",
      "house": "AO",
      "postcode": "8200-319",
      "city": "ALBUFEIRA",
      "lon": "-8.272985676421403",
      "lat": "37.09018096809594"
    },
    {
      "id": "pt.ine.add.PTCONT.1539275",
      "street": "R AGUIAS CONDOMINIO CERRO AGUIA",
      "house": "AI",
      "postcode": "8200-319",
      "city": "ALBUFEIRA",
      "lon": "-8.272974660497638",
      "lat": "37.09030713059729"
    },
    {
      "id": "pt.ine.add.PTCONT.1550683",
      "street": "CAM RAPOSO",
      "house": "",
      "postcode": "8200-042",
      "city": "ALBUFEIRA",
      "lon": "-8.267904088493873",
      "lat": "37.09153845460473"
    },
    {
      "id": "pt.ine.add.PTCONT.1550684",
      "street": "R FERNANDO PESSOA",
      "house": "49",
      "postcode": "8200-372",
      "city": "ALBUFEIRA",
      "lon": "-8.269617542432204",
      "lat": "37.093635982166575"
    },
    {
      "id": "pt.ine.add.PTCONT.1550685",
      "street": "R FERNANDO PESSOA",
      "house": "49",
      "postcode": "8200-372",
      "city": "ALBUFEIRA",
      "lon": "-8.269617542432204",
      "lat": "37.093635982166575"
    },
    {
      "id": "pt.ine.add.PTCONT.1550686",
      "street": "R FERNANDO PESSOA",
      "house": "49",
      "postcode": "8200-372",
      "city": "ALBUFEIRA",
      "lon": "-8.269617542432204",
      "lat": "37.093635982166575"
    },
    {
      "id": "pt.ine.add.PTCONT.1550687",
      "street": "R FERNANDO PESSOA",
      "house": "49",
      "postcode": "8200-372",
      "city": "ALBUFEIRA",
      "lon": "-8.269617542432204",
      "lat": "37.093635982166575"
    },
    {
      "id": "pt.ine.add.PTCONT.1550688",
      "street": "R FERNANDO PESSOA",
      "house": "49",
      "postcode": "8200-372",
      "city": "ALBUFEIRA",
      "lon": "-8.269617542432204",
      "lat": "37.093635982166575"
    },
    {
      "id": "pt.ine.add.PTCONT.1550689",
      "street": "R FERNANDO PESSOA",
      "house": "49",
      "postcode": "8200-372",
      "city": "ALBUFEIRA",
      "lon": "-8.269617542432204",
      "lat": "37.093635982166575"
    },
    {
      "id": "pt.ine.add.PTCONT.1550690",
      "street": "R FERNANDO PESSOA",
      "house": "49",
      "postcode": "8200-372",
      "city": "ALBUFEIRA",
      "lon": "-8.269617542432204",
      "lat": "37.093635982166575"
    },
    {
      "id": "pt.ine.add.PTCONT.1550691",
      "street": "R FERNANDO PESSOA",
      "house": "49",
      "postcode": "8200-372",
      "city": "ALBUFEIRA",
      "lon": "-8.269617542432204",
      "lat": "37.093635982166575"
    },
    {
      "id": "pt.ine.add.PTCONT.1550874",
      "street": "R AGUIAS CONDOMINIO CERRO AGUIA",
      "house": "S",
      "postcode": "8200-319",
      "city": "ALBUFEIRA",
      "lon": "-8.273806978369214",
      "lat": "37.09029713538311"
    },
    {
      "id": "pt.ine.add.PTCONT.1553057",
      "street": "R FERNANDO PESSOA",
      "house": "49",
      "postcode": "8200-372",
      "city": "ALBUFEIRA",
      "lon": "-8.269617542432204",
      "lat": "37.093635982166575"
    },
    {
      "id": "pt.ine.add.PTCONT.1556923",
      "street": "CERRO AGUIA CONDOMINIO CERRO AGUIA",
      "house": "",
      "postcode": "8200-319",
      "city": "ALBUFEIRA",
      "lon": "-8.273884696056175",
      "lat": "37.08974739170745"
    },
    {
      "id": "pt.ine.add.PTCONT.1556924",
      "street": "CERRO AGUIA CONDOMINIO CERRO AGUIA",
      "house": "",
      "postcode": "8200-319",
      "city": "ALBUFEIRA",
      "lon": "-8.273884696056175",
      "lat": "37.08974739170745"
    },
    {
      "id": "pt.ine.add.PTCONT.1559520",
      "street": "R FERNANDO PESSOA",
      "house": "23",
      "postcode": "8200-372",
      "city": "ALBUFEIRA",
      "lon": "-8.268199414149617",
      "lat": "37.09316004033069"
    },
    {
      "id": "pt.ine.add.PTCONT.1559521",
      "street": "R FERNANDO PESSOA",
      "house": "23",
      "postcode": "8200-372",
      "city": "ALBUFEIRA",
      "lon": "-8.268199414149617",
      "lat": "37.09316004033069"
    },
    {
      "id": "pt.ine.add.PTCONT.1559522",
      "street": "R FERNANDO PESSOA",
      "house": "23",
      "postcode": "8200-372",
      "city": "ALBUFEIRA",
      "lon": "-8.268199414149617",
      "lat": "37.09316004033069"
    },
    {
      "id": "pt.ine.add.PTCONT.1559523",
      "street": "R FERNANDO PESSOA",
      "house": "23",
      "postcode": "8200-372",
      "city": "ALBUFEIRA",
      "lon": "-8.268199414149617",
      "lat": "37.09316004033069"
    },
    {
      "id": "pt.ine.add.PTCONT.1559524",
      "street": "R FERNANDO PESSOA",
      "house": "23",
      "postcode": "8200-372",
      "city": "ALBUFEIRA",
      "lon": "-8.268199414149617",
      "lat": "37.09316004033069"
    },
    {
      "id": "pt.ine.add.PTCONT.1565578",
      "street": "CAM RAPOSO CASA DC CERRO",
      "house": "",
      "postcode": "8200-042",
      "city": "ALBUFEIRA",
      "lon": "-8.26791474590915",
      "lat": "37.09120504740399"
    },
    {
      "id": "pt.ine.add.PTCONT.1576692",
      "street": "CERRO AGUIA CONDOMINIO ALTO MARINA",
      "house": "F",
      "postcode": "8200-319",
      "city": "ALBUFEIRA",
      "lon": "-8.272782274460168",
      "lat": "37.08966759908334"
    },
    {
      "id": "pt.ine.add.PTCONT.1580082",
      "street": "",
      "house": "",
      "postcode": "8200-310",
      "city": "ALBUFEIRA",
      "lon": "-8.271399384042072",
      "lat": "37.089984593513"
    },
    {
      "id": "pt.ine.add.PTCONT.1580729",
      "street": "CERRO AGUIA",
      "house": "",
      "postcode": "8200-319",
      "city": "ALBUFEIRA",
      "lon": "-8.274592127461165",
      "lat": "37.08911580222774"
    },
    {
      "id": "pt.ine.add.PTCONT.1582975",
      "street": "R FERNANDO PESSOA APARTAMENTOS SAMOURA",
      "house": "41",
      "postcode": "8200-372",
      "city": "ALBUFEIRA",
      "lon": "-8.268942260955743",
      "lat": "37.09342050137208"
    },
    {
      "id": "pt.ine.add.PTCONT.1582976",
      "street": "R FERNANDO PESSOA APARTAMENTOS SAMOURA",
      "house": "41",
      "postcode": "8200-372",
      "city": "ALBUFEIRA",
      "lon": "-8.268942260955743",
      "lat": "37.09342050137208"
    },
    {
      "id": "pt.ine.add.PTCONT.1582977",
      "street": "R FERNANDO PESSOA APARTAMENTOS SAMOURA",
      "house": "41",
      "postcode": "8200-372",
      "city": "ALBUFEIRA",
      "lon": "-8.268942260955743",
      "lat": "37.09342050137208"
    },
    {
      "id": "pt.ine.add.PTCONT.1582978",
      "street": "R FERNANDO PESSOA APARTAMENTOS SAMOURA",
      "house": "41",
      "postcode": "8200-372",
      "city": "ALBUFEIRA",
      "lon": "-8.268942260955743",
      "lat": "37.09342050137208"
    },
    {
      "id": "pt.ine.add.PTCONT.1591713",
      "street": "R AGUIAS CONDOMINIO CERRO AGUIA",
      "house": "U",
      "postcode": "8200-319",
      "city": "ALBUFEIRA",
      "lon": "-8.273683402767485",
      "lat": "37.090378378038835"
    },
    {
      "id": "pt.ine.add.PTCONT.1608585",
      "street": "CAM RAPOSO",
      "house": "",
      "postcode": "8200-042",
      "city": "ALBUFEIRA",
      "lon": "-8.268288887474666",
      "lat": "37.092871596758954"
    },
    {
      "id": "pt.ine.add.PTCONT.1611648",
      "street": "CERRO AGUIA CONDOMINIO ALTO MARINA",
      "house": "D",
      "postcode": "8200-319",
      "city": "ALBUFEIRA",
      "lon": "-8.272737465614414",
      "lat": "37.08976676932864"
    },
    {
      "id": "pt.ine.add.PTCONT.1613749",
      "street": "CERRO AGUIA",
      "house": "",
      "postcode": "8200-319",
      "city": "ALBUFEIRA",
      "lon": "-8.274513009327023",
      "lat": "37.088908650928026"
    },
    {
      "id": "pt.ine.add.PTCONT.1620470",
      "street": "R AGUIAS CONDOMINIO CERRO AGUIA",
      "house": "R",
      "postcode": "8200-319",
      "city": "ALBUFEIRA",
      "lon": "-8.273863100533221",
      "lat": "37.09023399403332"
    },
    {
      "id": "pt.ine.add.PTCONT.1627200",
      "street": "CAM RAPOSO CASA BRANCO",
      "house": "",
      "postcode": "8200-042",
      "city": "ALBUFEIRA",
      "lon": "-8.269253713316258",
      "lat": "37.0914648274767"
    },
    {
      "id": "pt.ine.add.PTCONT.1627201",
      "street": "CAM RAPOSO CASA BRANCO",
      "house": "",
      "postcode": "8200-042",
      "city": "ALBUFEIRA",
      "lon": "-8.269253713316258",
      "lat": "37.0914648274767"
    },
    {
      "id": "pt.ine.add.PTCONT.1628454",
      "street": "CAM RAPOSO CASA BRANCO",
      "house": "",
      "postcode": "8200-042",
      "city": "ALBUFEIRA",
      "lon": "-8.269253713316258",
      "lat": "37.0914648274767"
    },
    {
      "id": "pt.ine.add.PTCONT.1629163",
      "street": "R AGUIAS AB",
      "house": "AB",
      "postcode": "8200-319",
      "city": "ALBUFEIRA",
      "lon": "-8.273245038196656",
      "lat": "37.0905410890641"
    },
    {
      "id": "pt.ine.add.PTCONT.1629164",
      "street": "R AGUIAS AC",
      "house": "AC",
      "postcode": "8200-319",
      "city": "ALBUFEIRA",
      "lon": "-8.273245038196656",
      "lat": "37.0905410890641"
    },
    {
      "id": "pt.ine.add.PTCONT.1629165",
      "street": "R AGUIAS AD",
      "house": "AD",
      "postcode": "8200-319",
      "city": "ALBUFEIRA",
      "lon": "-8.273245038196656",
      "lat": "37.0905410890641"
    },
    {
      "id": "pt.ine.add.PTCONT.1629166",
      "street": "R AGUIAS CONDOMINIO CERRO AGUIA",
      "house": "AF",
      "postcode": "8200-319",
      "city": "ALBUFEIRA",
      "lon": "-8.27312114664922",
      "lat": "37.090451128608606"
    },
    {
      "id": "pt.ine.add.PTCONT.1629167",
      "street": "R AGUIAS CONDOMINIO CERRO AGUIA",
      "house": "AP AQ",
      "postcode": "8200-319",
      "city": "ALBUFEIRA",
      "lon": "-8.272726928684317",
      "lat": "37.09015424095974"
    },
    {
      "id": "pt.ine.add.PTCONT.1629168",
      "street": "R AGUIAS CONDOMINIO CERRO AGUIA",
      "house": "AP AQ",
      "postcode": "8200-319",
      "city": "ALBUFEIRA",
      "lon": "-8.272726928684317",
      "lat": "37.09015424095974"
    },
    {
      "id": "pt.ine.add.PTCONT.1629273",
      "street": "SEM DESIGNACAO",
      "house": "27 29",
      "postcode": "8200-372",
      "city": "ALBUFEIRA",
      "lon": "-8.268525804005447",
      "lat": "37.093267796179475"
    },
    {
      "id": "pt.ine.add.PTCONT.1629274",
      "street": "CASA MARFIM",
      "house": "42",
      "postcode": "8200-372",
      "city": "ALBUFEIRA",
      "lon": "-8.268525804005447",
      "lat": "37.093267796179475"
    },
    {
      "id": "pt.ine.add.PTCONT.1631967",
      "street": "CERRO AGUIA CONDOMINIO ALTO MARINA",
      "house": "B",
      "postcode": "8200-319",
      "city": "ALBUFEIRA",
      "lon": "-8.272692656652255",
      "lat": "37.08986593955563"
    },
    {
      "id": "pt.ine.add.PTCONT.1631968",
      "street": "CERRO AGUIA CONDOMINIO ALTO MARINA",
      "house": "K",
      "postcode": "8200-319",
      "city": "ALBUFEIRA",
      "lon": "-8.273017846113795",
      "lat": "37.089324915552986"
    },
    {
      "id": "pt.ine.add.PTCONT.1647705",
      "street": "R AGUIAS CONDOMINIO CERRO AGUIA",
      "house": "AH",
      "postcode": "8200-319",
      "city": "ALBUFEIRA",
      "lon": "-8.273030982145558",
      "lat": "37.09035211755494"
    },
    {
      "id": "pt.ine.add.PTCONT.1647706",
      "street": "CERRO AGUIA CONDOMINIO ALTO MARINA",
      "house": "A",
      "postcode": "8200-319",
      "city": "ALBUFEIRA",
      "lon": "-8.27268149157207",
      "lat": "37.089911006095214"
    },
    {
      "id": "pt.ine.add.PTCONT.1647707",
      "street": "CERRO AGUIA CONDOMINIO ALTO MARINA",
      "house": "C",
      "postcode": "8200-319",
      "city": "ALBUFEIRA",
      "lon": "-8.272715069411746",
      "lat": "37.08982085977466"
    },
    {
      "id": "pt.ine.add.PTCONT.1668293",
      "street": "R FERNANDO PESSOA",
      "house": "37",
      "postcode": "8200-372",
      "city": "ALBUFEIRA",
      "lon": "-8.268660846650166",
      "lat": "37.09330368459833"
    },
    {
      "id": "pt.ine.add.PTCONT.1669918",
      "street": "CAM RAPOSO MARINA INN",
      "house": "",
      "postcode": "8200-042",
      "city": "ALBUFEIRA",
      "lon": "-8.268106679431753",
      "lat": "37.091610309581846"
    },
    {
      "id": "pt.ine.add.PTCONT.1669919",
      "street": "CAM RAPOSO",
      "house": "26",
      "postcode": "8200-042",
      "city": "ALBUFEIRA",
      "lon": "-8.268106679431753",
      "lat": "37.091610309581846"
    },
    {
      "id": "pt.ine.add.PTCONT.1669920",
      "street": "CAM RAPOSO MARINA INN",
      "house": "",
      "postcode": "8200-042",
      "city": "ALBUFEIRA",
      "lon": "-8.268106679431753",
      "lat": "37.091610309581846"
    },
    {
      "id": "pt.ine.add.PTCONT.1669921",
      "street": "CAM RAPOSO MARINA INN",
      "house": "",
      "postcode": "8200-042",
      "city": "ALBUFEIRA",
      "lon": "-8.268106679431753",
      "lat": "37.091610309581846"
    },
    {
      "id": "pt.ine.add.PTCONT.1669922",
      "street": "CAM RAPOSO MARINA INN",
      "house": "",
      "postcode": "8200-042",
      "city": "ALBUFEIRA",
      "lon": "-8.268106679431753",
      "lat": "37.091610309581846"
    },
    {
      "id": "pt.ine.add.PTCONT.1669923",
      "street": "CAM RAPOSO MARINA INN",
      "house": "",
      "postcode": "8200-042",
      "city": "ALBUFEIRA",
      "lon": "-8.268106679431753",
      "lat": "37.091610309581846"
    },
    {
      "id": "pt.ine.add.PTCONT.1672825",
      "street": "R AGUIAS CONDOMINIO CERRO AGUIA",
      "house": "AG",
      "postcode": "8200-319",
      "city": "ALBUFEIRA",
      "lon": "-8.27307605608264",
      "lat": "37.09039711776091"
    },
    {
      "id": "pt.ine.add.PTCONT.1675569",
      "street": "CERRO AGUIA",
      "house": "",
      "postcode": "8200-319",
      "city": "ALBUFEIRA",
      "lon": "-8.27346838230175",
      "lat": "37.08966678903867"
    },
    {
      "id": "pt.ine.add.PTCONT.1681875",
      "street": "CAM RAPOSO CASA DOS 4 IRMÃOS",
      "house": "",
      "postcode": "8200-042",
      "city": "ALBUFEIRA",
      "lon": "-8.267860739981918",
      "lat": "37.09246660360568"
    },
    {
      "id": "pt.ine.add.PTCONT.1686819",
      "street": "R FERNANDO PESSOA",
      "house": "27",
      "postcode": "8200-372",
      "city": "ALBUFEIRA",
      "lon": "-8.26840199366718",
      "lat": "37.093222884117516"
    },
    {
      "id": "pt.ine.add.PTCONT.1686932",
      "street": "CERRO AGUIA CONDOMINIO ALTO MARINA",
      "house": "M",
      "postcode": "8200-319",
      "city": "ALBUFEIRA",
      "lon": "-8.273152502536883",
      "lat": "37.089153553684994"
    },
    {
      "id": "pt.ine.add.PTCONT.1689404",
      "street": "",
      "house": "",
      "postcode": "8200-319",
      "city": "ALBUFEIRA",
      "lon": "-8.269612354399225",
      "lat": "37.09074356095008"
    },
    {
      "id": "pt.ine.add.PTCONT.1692471",
      "street": "CERRO AGUIA CONDOMINIO CERRO AGUIA",
      "house": "",
      "postcode": "8200-319",
      "city": "ALBUFEIRA",
      "lon": "-8.273873548364193",
      "lat": "37.08980146901866"
    },
    {
      "id": "pt.ine.add.PTCONT.1692472",
      "street": "CERRO AGUIA CONDOMINIO CERRO AGUIA",
      "house": "",
      "postcode": "8200-319",
      "city": "ALBUFEIRA",
      "lon": "-8.273873548364193",
      "lat": "37.08980146901866"
    },
    {
      "id": "pt.ine.add.PTCONT.1695384",
      "street": "CERRO AGUIA",
      "house": "",
      "postcode": "8200-319",
      "city": "ALBUFEIRA",
      "lon": "-8.274447347822473",
      "lat": "37.08989089335694"
    },
    {
      "id": "pt.ine.add.PTCONT.1698017",
      "street": "CAM RAPOSO",
      "house": "",
      "postcode": "8200-042",
      "city": "ALBUFEIRA",
      "lon": "-8.268735216301732",
      "lat": "37.09085269546231"
    },
    {
      "id": "pt.ine.add.PTCONT.1698019",
      "street": "CAM RAPOSO",
      "house": "",
      "postcode": "8200-042",
      "city": "ALBUFEIRA",
      "lon": "-8.268735216301732",
      "lat": "37.09085269546231"
    },
    {
      "id": "pt.ine.add.PTCONT.1698237",
      "street": "CERRO AGUIA",
      "house": "",
      "postcode": "8200-319",
      "city": "ALBUFEIRA",
      "lon": "-8.274884732571298",
      "lat": "37.08920555959564"
    },
    {
      "id": "pt.ine.add.PTCONT.1700406",
      "street": "R FERNANDO PESSOA",
      "house": "55",
      "postcode": "8200-372",
      "city": "ALBUFEIRA",
      "lon": "-8.269797546924535",
      "lat": "37.09365379617479"
    },
    {
      "id": "pt.ine.add.PTCONT.1703885",
      "street": "CERRO AGUIA CONDOMINIO ALTO MARINA",
      "house": "J",
      "postcode": "8200-319",
      "city": "ALBUFEIRA",
      "lon": "-8.272972971543522",
      "lat": "37.089388043248185"
    },
    {
      "id": "pt.ine.add.PTCONT.1709448",
      "street": "",
      "house": "",
      "postcode": "8200-394",
      "city": "ALBUFEIRA",
      "lon": "-8.27143006499863",
      "lat": "37.08829956037602"
    },
    {
      "id": "pt.ine.add.PTCONT.1712522",
      "street": "R AGUIA",
      "house": "15A",
      "postcode": "8200-310",
      "city": "ALBUFEIRA",
      "lon": "-8.269110291919633",
      "lat": "37.093032849761"
    },
    {
      "id": "pt.ine.add.PTCONT.1718132",
      "street": "R AGUIA",
      "house": "",
      "postcode": "8200-310",
      "city": "ALBUFEIRA",
      "lon": "-8.26915610612072",
      "lat": "37.09349234163718"
    },
    {
      "id": "pt.ine.add.PTCONT.1718204",
      "street": "VÁRZEA DA ORADA",
      "house": "",
      "postcode": "8200-165",
      "city": "ALBUFEIRA",
      "lon": "-8.26997988687713",
      "lat": "37.088715734271524"
    },
    {
      "id": "pt.ine.add.PTCONT.1718205",
      "street": "VÁRZEA DA ORADA",
      "house": "",
      "postcode": "8200-165",
      "city": "ALBUFEIRA",
      "lon": "-8.26997988687713",
      "lat": "37.088715734271524"
    },
    {
      "id": "pt.ine.add.PTCONT.1718312",
      "street": "CERRO AGUIA",
      "house": "",
      "postcode": "8200-319",
      "city": "ALBUFEIRA",
      "lon": "-8.274861700364605",
      "lat": "37.08891724534174"
    },
    {
      "id": "pt.ine.add.PTCONT.1723642",
      "street": "CAM RAPOSO APTOS AGUIA REAL",
      "house": "",
      "postcode": "8200-042",
      "city": "ALBUFEIRA",
      "lon": "-8.26786906825788",
      "lat": "37.09081764013925"
    },
    {
      "id": "pt.ine.add.PTCONT.1723643",
      "street": "CAM RAPOSO APTOS AGUIA REAL",
      "house": "",
      "postcode": "8200-042",
      "city": "ALBUFEIRA",
      "lon": "-8.26786906825788",
      "lat": "37.09081764013925"
    },
    {
      "id": "pt.ine.add.PTCONT.1723644",
      "street": "CAM RAPOSO APTOS AGUIA REAL",
      "house": "",
      "postcode": "8200-042",
      "city": "ALBUFEIRA",
      "lon": "-8.26786906825788",
      "lat": "37.09081764013925"
    },
    {
      "id": "pt.ine.add.PTCONT.1723645",
      "street": "CAM RAPOSO APTOS AGUIA REAL",
      "house": "",
      "postcode": "8200-042",
      "city": "ALBUFEIRA",
      "lon": "-8.26786906825788",
      "lat": "37.09081764013925"
    },
    {
      "id": "pt.ine.add.PTCONT.1723685",
      "street": "CAM RAPOSO APTOS AGUIA REAL",
      "house": "",
      "postcode": "8200-042",
      "city": "ALBUFEIRA",
      "lon": "-8.26786906825788",
      "lat": "37.09081764013925"
    },
    {
      "id": "pt.ine.add.PTCONT.1723686",
      "street": "CAM RAPOSO APTOS AGUIA REAL",
      "house": "",
      "postcode": "8200-042",
      "city": "ALBUFEIRA",
      "lon": "-8.26786906825788",
      "lat": "37.09081764013925"
    },
    {
      "id": "pt.ine.add.PTCONT.1723687",
      "street": "CAM RAPOSO APTOS AGUIA REAL",
      "house": "",
      "postcode": "8200-042",
      "city": "ALBUFEIRA",
      "lon": "-8.26786906825788",
      "lat": "37.09081764013925"
    },
    {
      "id": "pt.ine.add.PTCONT.1723688",
      "street": "CAM RAPOSO APTOS AGUIA REAL",
      "house": "",
      "postcode": "8200-042",
      "city": "ALBUFEIRA",
      "lon": "-8.26786906825788",
      "lat": "37.09081764013925"
    },
    {
      "id": "pt.ine.add.PTCONT.1723717",
      "street": "CAM RAPOSO APTOS AGUIA REAL",
      "house": "",
      "postcode": "8200-042",
      "city": "ALBUFEIRA",
      "lon": "-8.26786906825788",
      "lat": "37.09081764013925"
    },
    {
      "id": "pt.ine.add.PTCONT.1723724",
      "street": "CAM RAPOSO APTOS AGUIA REAL",
      "house": "",
      "postcode": "8200-042",
      "city": "ALBUFEIRA",
      "lon": "-8.26786906825788",
      "lat": "37.09081764013925"
    },
    {
      "id": "pt.ine.add.PTCONT.1723921",
      "street": "CERRO AGUIA CONDOMINIO ALTO MARINA",
      "house": "N",
      "postcode": "8200-319",
      "city": "ALBUFEIRA",
      "lon": "-8.273231036631376",
      "lat": "37.089045332750075"
    },
    {
      "id": "pt.ine.add.PTCONT.1726965",
      "street": "R AGUIAS",
      "house": "1",
      "postcode": "8200-319",
      "city": "ALBUFEIRA",
      "lon": "-8.273918805844179",
      "lat": "37.089945586166536"
    },
    {
      "id": "pt.ine.add.PTCONT.1726979",
      "street": "R AGUIAS J",
      "house": "J",
      "postcode": "8200-319",
      "city": "ALBUFEIRA",
      "lon": "-8.273918805844179",
      "lat": "37.089945586166536"
    },
    {
      "id": "pt.ine.add.PTCONT.1729817",
      "street": "CERRO AGUIA CONDOMINIO ALTO MARINA",
      "house": "E",
      "postcode": "8200-319",
      "city": "ALBUFEIRA",
      "lon": "-8.272759861785358",
      "lat": "37.089712678877994"
    },
    {
      "id": "pt.ine.add.PTCONT.1734150",
      "street": "R AGUIAS CONDOMINIO CERRO AGUIA",
      "house": "N",
      "postcode": "8200-319",
      "city": "ALBUFEIRA",
      "lon": "-8.273919005888406",
      "lat": "37.0900537140828"
    },
    {
      "id": "pt.ine.add.PTCONT.1735409",
      "street": "R AGUIAS CONDOMINIO CERRO AGUIA",
      "house": "AE",
      "postcode": "8200-319",
      "city": "ALBUFEIRA",
      "lon": "-8.273188716282338",
      "lat": "37.09049610221009"
    },
    {
      "id": "pt.ine.add.PTCONT.1744460",
      "street": "",
      "house": "",
      "postcode": "8200-185",
      "city": "ALBUFEIRA",
      "lon": "-8.26984514313419",
      "lat": "37.08884203924799"
    },
    {
      "id": "pt.ine.add.PTCONT.1753672",
      "street": "R FERNANDO PESSOA",
      "house": "47",
      "postcode": "8200-372",
      "city": "ALBUFEIRA",
      "lon": "-8.269358703441176",
      "lat": "37.09356419443888"
    },
    {
      "id": "pt.ine.add.PTCONT.1753673",
      "street": "R FERNANDO PESSOA",
      "house": "47",
      "postcode": "8200-372",
      "city": "ALBUFEIRA",
      "lon": "-8.269358703441176",
      "lat": "37.09356419443888"
    },
    {
      "id": "pt.ine.add.PTCONT.1753674",
      "street": "R FERNANDO PESSOA",
      "house": "47",
      "postcode": "8200-372",
      "city": "ALBUFEIRA",
      "lon": "-8.269358703441176",
      "lat": "37.09356419443888"
    },
    {
      "id": "pt.ine.add.PTCONT.1753675",
      "street": "R FERNANDO PESSOA",
      "house": "47",
      "postcode": "8200-372",
      "city": "ALBUFEIRA",
      "lon": "-8.269358703441176",
      "lat": "37.09356419443888"
    },
    {
      "id": "pt.ine.add.PTCONT.1753950",
      "street": "R AGUIA",
      "house": "7",
      "postcode": "8200-319",
      "city": "ALBUFEIRA",
      "lon": "-8.270625749923573",
      "lat": "37.091346105615855"
    },
    {
      "id": "pt.ine.add.PTCONT.1759625",
      "street": "",
      "house": "18A",
      "postcode": "8200-318",
      "city": "ALBUFEIRA",
      "lon": "-8.269740043767444",
      "lat": "37.09295102979867"
    },
    {
      "id": "pt.ine.add.PTCONT.1774895",
      "street": "",
      "house": "",
      "postcode": "8200-319",
      "city": "ALBUFEIRA",
      "lon": "-8.273804779672664",
      "lat": "37.08910772823868"
    },
    {
      "id": "pt.ine.add.PTCONT.1774896",
      "street": "R AGUIAS CONDOMINIO CERRO AGUIA",
      "house": "T",
      "postcode": "8200-319",
      "city": "ALBUFEIRA",
      "lon": "-8.27373957504184",
      "lat": "37.090342268725834"
    },
    {
      "id": "pt.ine.add.PTCONT.1784090",
      "street": "R AGUIA",
      "house": "17",
      "postcode": "8200-318",
      "city": "ALBUFEIRA",
      "lon": "-8.269470184882792",
      "lat": "37.093005404456434"
    },
    {
      "id": "pt.ine.add.PTCONT.1784128",
      "street": "R AGUIA",
      "house": "17",
      "postcode": "8200-318",
      "city": "ALBUFEIRA",
      "lon": "-8.269470184882792",
      "lat": "37.093005404456434"
    },
    {
      "id": "pt.ine.add.PTCONT.1786846",
      "street": "CAM RAPOSO",
      "house": "",
      "postcode": "8200-042",
      "city": "ALBUFEIRA",
      "lon": "-8.268421926673149",
      "lat": "37.091781153175916"
    },
    {
      "id": "pt.ine.add.PTCONT.1786847",
      "street": "CAM RAPOSO",
      "house": "",
      "postcode": "8200-042",
      "city": "ALBUFEIRA",
      "lon": "-8.268421926673149",
      "lat": "37.091781153175916"
    },
    {
      "id": "pt.ine.add.PTCONT.1786848",
      "street": "CAM RAPOSO",
      "house": "81060 9",
      "postcode": "8200-042",
      "city": "ALBUFEIRA",
      "lon": "-8.268421926673149",
      "lat": "37.091781153175916"
    },
    {
      "id": "pt.ine.add.PTCONT.1786849",
      "street": "CAM RAPOSO",
      "house": "",
      "postcode": "8200-042",
      "city": "ALBUFEIRA",
      "lon": "-8.268421926673149",
      "lat": "37.091781153175916"
    },
    {
      "id": "pt.ine.add.PTCONT.1786850",
      "street": "CAM RAPOSO",
      "house": "",
      "postcode": "8200-042",
      "city": "ALBUFEIRA",
      "lon": "-8.268421926673149",
      "lat": "37.091781153175916"
    },
    {
      "id": "pt.ine.add.PTCONT.1786851",
      "street": "CAM RAPOSO",
      "house": "",
      "postcode": "8200-042",
      "city": "ALBUFEIRA",
      "lon": "-8.268421926673149",
      "lat": "37.091781153175916"
    },
    {
      "id": "pt.ine.add.PTCONT.1786852",
      "street": "CAM RAPOSO",
      "house": "",
      "postcode": "8200-042",
      "city": "ALBUFEIRA",
      "lon": "-8.268421926673149",
      "lat": "37.091781153175916"
    },
    {
      "id": "pt.ine.add.PTCONT.1786853",
      "street": "CAM RAPOSO",
      "house": "",
      "postcode": "8200-042",
      "city": "ALBUFEIRA",
      "lon": "-8.268421926673149",
      "lat": "37.091781153175916"
    },
    {
      "id": "pt.ine.add.PTCONT.1786854",
      "street": "CAM RAPOSO",
      "house": "",
      "postcode": "8200-042",
      "city": "ALBUFEIRA",
      "lon": "-8.268421926673149",
      "lat": "37.091781153175916"
    },
    {
      "id": "pt.ine.add.PTCONT.1786957",
      "street": "R AGUIAS CONDODOMINIO CERRO AGUIA",
      "house": "O",
      "postcode": "8200-319",
      "city": "ALBUFEIRA",
      "lon": "-8.273930336973411",
      "lat": "37.090098754025284"
    },
    {
      "id": "pt.ine.add.PTCONT.1797660",
      "street": "CERRO AGUIA CONDOMINIO ALTO MARINA",
      "house": "L",
      "postcode": "8200-319",
      "city": "ALBUFEIRA",
      "lon": "-8.27305143986567",
      "lat": "37.089243779790806"
    },
    {
      "id": "pt.ine.add.PTCONT.1797694",
      "street": "CAM RAPOSO",
      "house": "",
      "postcode": "8200-042",
      "city": "ALBUFEIRA",
      "lon": "-8.26816207177526",
      "lat": "37.09113268057985"
    },
    {
      "id": "pt.ine.add.PTCONT.1797862",
      "street": "",
      "house": "",
      "postcode": "8200-319",
      "city": "ALBUFEIRA",
      "lon": "-8.271857895846724",
      "lat": "37.08853333834844"
    },
    {
      "id": "pt.ine.add.PTCONT.1801478",
      "street": "CAM RAPOSO",
      "house": "",
      "postcode": "8200-042",
      "city": "ALBUFEIRA",
      "lon": "-8.26915151548045",
      "lat": "37.09092430406728"
    },
    {
      "id": "pt.ine.add.PTCONT.1801479",
      "street": "CAM RAPOSO",
      "house": "CX 102X",
      "postcode": "8200-042",
      "city": "ALBUFEIRA",
      "lon": "-8.267973667942368",
      "lat": "37.092718774166784"
    },
    {
      "id": "pt.ine.add.PTCONT.1804523",
      "street": "R AGUIAS CONDOMINIO CERRO AGUIA",
      "house": "AN",
      "postcode": "8200-319",
      "city": "ALBUFEIRA",
      "lon": "-8.272951833849023",
      "lat": "37.09012694393116"
    },
    {
      "id": "pt.ine.add.PTCONT.1807338",
      "street": "R AGUIA",
      "house": "",
      "postcode": "8200-310",
      "city": "ALBUFEIRA",
      "lon": "-8.270762256923211",
      "lat": "37.0921929508958"
    },
    {
      "id": "pt.ine.add.PTCONT.1807451",
      "street": "CERRO AGUIA",
      "house": "",
      "postcode": "8200-319",
      "city": "ALBUFEIRA",
      "lon": "-8.27526689854133",
      "lat": "37.089069941903084"
    },
    {
      "id": "pt.ine.add.PTCONT.1817040",
      "street": "R AGUIAS CONDOMINIO CERAO AGUIA",
      "house": "V",
      "postcode": "8200-319",
      "city": "ALBUFEIRA",
      "lon": "-8.273604751513739",
      "lat": "37.090423524636655"
    },
    {
      "id": "pt.ine.add.PTCONT.1825942",
      "street": "R AGUIAS CONDOMINIO CERRO AGUIA",
      "house": "P",
      "postcode": "8200-319",
      "city": "ALBUFEIRA",
      "lon": "-8.273930420332333",
      "lat": "37.09014380732277"
    },
    {
      "id": "pt.ine.add.PTCONT.1827629",
      "street": "R AGUIAS CONDOMINIO CERRO AGUIA",
      "house": "Q",
      "postcode": "8200-319",
      "city": "ALBUFEIRA",
      "lon": "-8.273908008198946",
      "lat": "37.09018888732969"
    },
    {
      "id": "pt.ine.add.PTCONT.1830403",
      "street": "CAM RAPOSO",
      "house": "",
      "postcode": "8200-042",
      "city": "ALBUFEIRA",
      "lon": "-8.268421221773277",
      "lat": "37.091384684163806"
    },
    {
      "id": "pt.ine.add.PTCONT.1830404",
      "street": "CAM RAPOSO",
      "house": "",
      "postcode": "8200-042",
      "city": "ALBUFEIRA",
      "lon": "-8.268421221773277",
      "lat": "37.091384684163806"
    },
    {
      "id": "pt.ine.add.PTCONT.1830405",
      "street": "CAM RAPOSO",
      "house": "",
      "postcode": "8200-042",
      "city": "ALBUFEIRA",
      "lon": "-8.268421221773277",
      "lat": "37.091384684163806"
    },
    {
      "id": "pt.ine.add.PTCONT.1830406",
      "street": "CAM RAPOSO E",
      "house": "E",
      "postcode": "8200-042",
      "city": "ALBUFEIRA",
      "lon": "-8.268421221773277",
      "lat": "37.091384684163806"
    },
    {
      "id": "pt.ine.add.PTCONT.1830407",
      "street": "CAM RAPOSO",
      "house": "",
      "postcode": "8200-042",
      "city": "ALBUFEIRA",
      "lon": "-8.268421221773277",
      "lat": "37.091384684163806"
    },
    {
      "id": "pt.ine.add.PTCONT.1830408",
      "street": "CAM RAPOSO",
      "house": "",
      "postcode": "8200-042",
      "city": "ALBUFEIRA",
      "lon": "-8.268421221773277",
      "lat": "37.091384684163806"
    },
    {
      "id": "pt.ine.add.PTCONT.1830522",
      "street": "R FERNANDO PESSOA",
      "house": "42",
      "postcode": "8200-372",
      "city": "ALBUFEIRA",
      "lon": "-8.268421221773277",
      "lat": "37.091384684163806"
    },
    {
      "id": "pt.ine.add.PTCONT.1830523",
      "street": "CAM RAPOSO",
      "house": "",
      "postcode": "8200-042",
      "city": "ALBUFEIRA",
      "lon": "-8.268421221773277",
      "lat": "37.091384684163806"
    },
    {
      "id": "pt.ine.add.PTCONT.1831477",
      "street": "CERRO AGUIA CONDOMINIO ALTO MARINA",
      "house": "H",
      "postcode": "8200-319",
      "city": "ALBUFEIRA",
      "lon": "-8.27286074343067",
      "lat": "37.089523335757576"
    },
    {
      "id": "pt.ine.add.PTCONT.1832492",
      "street": "CERRO AGUIA CONDOMINIO ALTO MARINA",
      "house": "I",
      "postcode": "8200-319",
      "city": "ALBUFEIRA",
      "lon": "-8.272905585073444",
      "lat": "37.089442186784105"
    },
    {
      "id": "pt.ine.add.PTCONT.1832600",
      "street": "CAM RAPOSO",
      "house": "",
      "postcode": "8200-042",
      "city": "ALBUFEIRA",
      "lon": "-8.268421221773277",
      "lat": "37.091384684163806"
    },
    {
      "id": "pt.ine.add.PTCONT.1840209",
      "street": "R AGUIA O MONTE DOS VENDAVAIS",
      "house": "12A",
      "postcode": "8200-310",
      "city": "ALBUFEIRA",
      "lon": "-8.268806270021942",
      "lat": "37.09285298451896"
    },
    {
      "id": "pt.ine.add.PTCONT.1842412",
      "street": "R AGUIA CASA MIRADOURO DA AGUIA",
      "house": "",
      "postcode": "8200-310",
      "city": "ALBUFEIRA",
      "lon": "-8.26915488189308",
      "lat": "37.092807531727594"
    }
  ]
}