{
  "data": {
    "distrito": "Faro",
    "concelho": "Albufeira",
    "freguesia": "Albufeira e Olhos de Água",
    "OBJECTID": 213,
    "BGRI2021": "08010604005",
    "DT21": "08",
    "DTMN21": "0801",
    "DTMNFR21": "080106",
    "DTMNFRSEC21": "080106040",
    "SECNUM21": "040",
    "SSNUM21": "05",
    "SECSSNUM21": "04005",
    "OBJECTID_1": 64524,
    "DT": "08",
    "CC": "01",
    "fr": "06",
    "SEC": "040",
    "SS": "05"
  },
  "addresses": [
    {
      "id": "pt.ine.add.PTCONT.1466804",
      "street": "",
      "house": "",
      "postcode": "8200-386",
      "city": "ALBUFEIRA",
      "lon": "-8.294706569988898",
      "lat": "37.090865203336975"
    },
    {
      "id": "pt.ine.add.PTCONT.1468912",
      "street": "TERRAS NOVAS",
      "house": "3",
      "postcode": "8200-386",
      "city": "ALBUFEIRA",
      "lon": "-8.295901365345408",
      "lat": "37.09204396764663"
    },
    {
      "id": "pt.ine.add.PTCONT.1475322",
      "street": "TERRAS NOVAS",
      "house": "",
      "postcode": "8200-386",
      "city": "ALBUFEIRA",
      "lon": "-8.295124945791468",
      "lat": "37.09190086012703"
    },
    {
      "id": "pt.ine.add.PTCONT.1478477",
      "street": "QTA DA COLINA",
      "house": "C6",
      "postcode": "8200-373",
      "city": "ALBUFEIRA",
      "lon": "-8.290567067721824",
      "lat": "37.09072660087787"
    },
    {
      "id": "pt.ine.add.PTCONT.1481318",
      "street": "R ALTO PATROVES CONDOMINIO ALTO PATROVES",
      "house": "H",
      "postcode": "8200-373",
      "city": "ALBUFEIRA",
      "lon": "-8.28911868511828",
      "lat": "37.09199000968249"
    },
    {
      "id": "pt.ine.add.PTCONT.1481384",
      "street": "",
      "house": "",
      "postcode": "8200-386",
      "city": "ALBUFEIRA",
      "lon": "-8.293399857264669",
      "lat": "37.092400298000555"
    },
    {
      "id": "pt.ine.add.PTCONT.1483464",
      "street": "",
      "house": "",
      "postcode": "8200-386",
      "city": "ALBUFEIRA",
      "lon": "-8.293066582742664",
      "lat": "37.09191266501464"
    },
    {
      "id": "pt.ine.add.PTCONT.1484347",
      "street": "TERRAS NOVAS",
      "house": "",
      "postcode": "8200-386",
      "city": "ALBUFEIRA",
      "lon": "-8.294597475768798",
      "lat": "37.092460241343986"
    },
    {
      "id": "pt.ine.add.PTCONT.1484445",
      "street": "",
      "house": "",
      "postcode": "8200-373",
      "city": "ALBUFEIRA",
      "lon": "-8.288055866910419",
      "lat": "37.09481174364724"
    },
    {
      "id": "pt.ine.add.PTCONT.1486070",
      "street": "",
      "house": "10",
      "postcode": "8200-373",
      "city": "ALBUFEIRA",
      "lon": "-8.290593105951901",
      "lat": "37.09243859459017"
    },
    {
      "id": "pt.ine.add.PTCONT.1486943",
      "street": "",
      "house": "A",
      "postcode": "8200-373",
      "city": "ALBUFEIRA",
      "lon": "-8.29046811026471",
      "lat": "37.09182603465687"
    },
    {
      "id": "pt.ine.add.PTCONT.1489854",
      "street": "TERRAS NOVAS",
      "house": "",
      "postcode": "8200-386",
      "city": "ALBUFEIRA",
      "lon": "-8.296430466505653",
      "lat": "37.092250485651896"
    },
    {
      "id": "pt.ine.add.PTCONT.1489855",
      "street": "",
      "house": "16",
      "postcode": "8200-373",
      "city": "ALBUFEIRA",
      "lon": "-8.290526307143718",
      "lat": "37.09277207820264"
    },
    {
      "id": "pt.ine.add.PTCONT.1492658",
      "street": "",
      "house": "",
      "postcode": "8200-386",
      "city": "ALBUFEIRA",
      "lon": "-8.296299914781148",
      "lat": "37.09431410924237"
    },
    {
      "id": "pt.ine.add.PTCONT.1494867",
      "street": "TERRAS NOVAS",
      "house": "",
      "postcode": "8200-386",
      "city": "ALBUFEIRA",
      "lon": "-8.292051540630181",
      "lat": "37.09599586392222"
    },
    {
      "id": "pt.ine.add.PTCONT.1494910",
      "street": "TERRAS NOVAS CASA MARIA JOSEFA",
      "house": "",
      "postcode": "8200-386",
      "city": "ALBUFEIRA",
      "lon": "-8.296990384860768",
      "lat": "37.091096346911485"
    },
    {
      "id": "pt.ine.add.PTCONT.1500874",
      "street": "",
      "house": "",
      "postcode": "8200-373",
      "city": "ALBUFEIRA",
      "lon": "-8.28641435958792",
      "lat": "37.095192325239175"
    },
    {
      "id": "pt.ine.add.PTCONT.1500875",
      "street": "",
      "house": "",
      "postcode": "8200-373",
      "city": "ALBUFEIRA",
      "lon": "-8.289599551614089",
      "lat": "37.090628764080535"
    },
    {
      "id": "pt.ine.add.PTCONT.1501434",
      "street": "",
      "house": "",
      "postcode": "8200-373",
      "city": "ALBUFEIRA",
      "lon": "-8.289218475499819",
      "lat": "37.09128704569257"
    },
    {
      "id": "pt.ine.add.PTCONT.1501435",
      "street": "",
      "house": "",
      "postcode": "8200-373",
      "city": "ALBUFEIRA",
      "lon": "-8.289218475499819",
      "lat": "37.09128704569257"
    },
    {
      "id": "pt.ine.add.PTCONT.1504448",
      "street": "EM 526",
      "house": "",
      "postcode": "8200-373",
      "city": "ALBUFEIRA",
      "lon": "-8.293679367017322",
      "lat": "37.08913654855766"
    },
    {
      "id": "pt.ine.add.PTCONT.1507420",
      "street": "TERRAS NOVAS",
      "house": "6",
      "postcode": "8200-386",
      "city": "ALBUFEIRA",
      "lon": "-8.2955090309825",
      "lat": "37.09267525270212"
    },
    {
      "id": "pt.ine.add.PTCONT.1510149",
      "street": "",
      "house": "",
      "postcode": "8200-386",
      "city": "ALBUFEIRA",
      "lon": "-8.293699379334722",
      "lat": "37.093290442811316"
    },
    {
      "id": "pt.ine.add.PTCONT.1510151",
      "street": "EM 526",
      "house": "",
      "postcode": "8200-386",
      "city": "ALBUFEIRA",
      "lon": "-8.2941298421073",
      "lat": "37.08940625813214"
    },
    {
      "id": "pt.ine.add.PTCONT.1510152",
      "street": "EM 526",
      "house": "",
      "postcode": "8200-386",
      "city": "ALBUFEIRA",
      "lon": "-8.2941298421073",
      "lat": "37.08940625813214"
    },
    {
      "id": "pt.ine.add.PTCONT.1512304",
      "street": "",
      "house": "6",
      "postcode": "8200-373",
      "city": "ALBUFEIRA",
      "lon": "-8.290783744419157",
      "lat": "37.0921590103794"
    },
    {
      "id": "pt.ine.add.PTCONT.1512771",
      "street": "TERRAS NOVAS",
      "house": "",
      "postcode": "8200-386",
      "city": "ALBUFEIRA",
      "lon": "-8.291184425420921",
      "lat": "37.09552846817874"
    },
    {
      "id": "pt.ine.add.PTCONT.1515607",
      "street": "",
      "house": "",
      "postcode": "8200-386",
      "city": "ALBUFEIRA",
      "lon": "-8.294763944940918",
      "lat": "37.09669502950306"
    },
    {
      "id": "pt.ine.add.PTCONT.1515610",
      "street": "TERRAS NOVAS",
      "house": "",
      "postcode": "8200-386",
      "city": "ALBUFEIRA",
      "lon": "-8.29478741042967",
      "lat": "37.091856267406605"
    },
    {
      "id": "pt.ine.add.PTCONT.1520241",
      "street": "",
      "house": "",
      "postcode": "8200-373",
      "city": "ALBUFEIRA",
      "lon": "-8.289532620373835",
      "lat": "37.090899172678604"
    },
    {
      "id": "pt.ine.add.PTCONT.1523977",
      "street": "",
      "house": "",
      "postcode": "8200-373",
      "city": "ALBUFEIRA",
      "lon": "-8.291544633641944",
      "lat": "37.09024773304494"
    },
    {
      "id": "pt.ine.add.PTCONT.1523978",
      "street": "",
      "house": "17",
      "postcode": "8200-373",
      "city": "ALBUFEIRA",
      "lon": "-8.290515170846433",
      "lat": "37.09282615702461"
    },
    {
      "id": "pt.ine.add.PTCONT.1524182",
      "street": "",
      "house": "E",
      "postcode": "8200-373",
      "city": "ALBUFEIRA",
      "lon": "-8.29037870365569",
      "lat": "37.0921054841707"
    },
    {
      "id": "pt.ine.add.PTCONT.1524655",
      "street": "EM 526",
      "house": "",
      "postcode": "8200-386",
      "city": "ALBUFEIRA",
      "lon": "-8.294119909740356",
      "lat": "37.09002800837231"
    },
    {
      "id": "pt.ine.add.PTCONT.1524664",
      "street": "",
      "house": "",
      "postcode": "8200-373",
      "city": "ALBUFEIRA",
      "lon": "-8.290094231920246",
      "lat": "37.0905199821656"
    },
    {
      "id": "pt.ine.add.PTCONT.1524725",
      "street": "EM 526",
      "house": "",
      "postcode": "8200-386",
      "city": "ALBUFEIRA",
      "lon": "-8.294119909740356",
      "lat": "37.09002800837231"
    },
    {
      "id": "pt.ine.add.PTCONT.1527251",
      "street": "TERRAS NOVAS",
      "house": "",
      "postcode": "8200-386",
      "city": "ALBUFEIRA",
      "lon": "-8.294863593395911",
      "lat": "37.095947008221586"
    },
    {
      "id": "pt.ine.add.PTCONT.1527252",
      "street": "TERRAS NOVAS CASA DA AMENDOEIRA",
      "house": "",
      "postcode": "8200-386",
      "city": "ALBUFEIRA",
      "lon": "-8.292489952741297",
      "lat": "37.095860115478885"
    },
    {
      "id": "pt.ine.add.PTCONT.1527253",
      "street": "",
      "house": "",
      "postcode": "8200-386",
      "city": "ALBUFEIRA",
      "lon": "-8.293449413097155",
      "lat": "37.092101372187834"
    },
    {
      "id": "pt.ine.add.PTCONT.1531128",
      "street": "TERRAS NOVAS",
      "house": "",
      "postcode": "8200-386",
      "city": "ALBUFEIRA",
      "lon": "-8.29253730425008",
      "lat": "37.09161602546755"
    },
    {
      "id": "pt.ine.add.PTCONT.1532311",
      "street": "TERRAS NOVAS",
      "house": "",
      "postcode": "8200-386",
      "city": "ALBUFEIRA",
      "lon": "-8.292712731941446",
      "lat": "37.09481457822337"
    },
    {
      "id": "pt.ine.add.PTCONT.1532388",
      "street": "",
      "house": "",
      "postcode": "8200-373",
      "city": "ALBUFEIRA",
      "lon": "-8.289476843979525",
      "lat": "37.09112451313951"
    },
    {
      "id": "pt.ine.add.PTCONT.1533252",
      "street": "QTA DA COLINA",
      "house": "B1",
      "postcode": "8200-373",
      "city": "ALBUFEIRA",
      "lon": "-8.29024160655006",
      "lat": "37.091078448927895"
    },
    {
      "id": "pt.ine.add.PTCONT.1533307",
      "street": "TERRAS NOVAS VILLA TMOMAS",
      "house": "",
      "postcode": "8200-386",
      "city": "ALBUFEIRA",
      "lon": "-8.294524721377455",
      "lat": "37.095280680490895"
    },
    {
      "id": "pt.ine.add.PTCONT.1535833",
      "street": "TERRAS NOVAS",
      "house": "",
      "postcode": "8200-386",
      "city": "ALBUFEIRA",
      "lon": "-8.296925593573137",
      "lat": "37.09234892014361"
    },
    {
      "id": "pt.ine.add.PTCONT.1538468",
      "street": "SIT PATROVES",
      "house": "CP 699 P",
      "postcode": "8200-373",
      "city": "ALBUFEIRA",
      "lon": "-8.288261595665887",
      "lat": "37.09089183167507"
    },
    {
      "id": "pt.ine.add.PTCONT.1538476",
      "street": "",
      "house": "",
      "postcode": "8200-373",
      "city": "ALBUFEIRA",
      "lon": "-8.28983542148919",
      "lat": "37.090466260417415"
    },
    {
      "id": "pt.ine.add.PTCONT.1542330",
      "street": "",
      "house": "",
      "postcode": "8200-373",
      "city": "ALBUFEIRA",
      "lon": "-8.291464868299867",
      "lat": "37.08975225231897"
    },
    {
      "id": "pt.ine.add.PTCONT.1544313",
      "street": "TERRAS NOVAS",
      "house": "",
      "postcode": "8200-386",
      "city": "ALBUFEIRA",
      "lon": "-8.295312557281818",
      "lat": "37.09548685089047"
    },
    {
      "id": "pt.ine.add.PTCONT.1556047",
      "street": "TERRAS NOVAS",
      "house": "CX P 670 X",
      "postcode": "8200-386",
      "city": "ALBUFEIRA",
      "lon": "-8.294538378401132",
      "lat": "37.09641600609719"
    },
    {
      "id": "pt.ine.add.PTCONT.1558698",
      "street": "",
      "house": "",
      "postcode": "8200-373",
      "city": "ALBUFEIRA",
      "lon": "-8.289117872395238",
      "lat": "37.09159354104946"
    },
    {
      "id": "pt.ine.add.PTCONT.1561610",
      "street": "",
      "house": "5",
      "postcode": "8200-373",
      "city": "ALBUFEIRA",
      "lon": "-8.290671189510814",
      "lat": "37.09212311727805"
    },
    {
      "id": "pt.ine.add.PTCONT.1561611",
      "street": "",
      "house": "",
      "postcode": "8200-373",
      "city": "ALBUFEIRA",
      "lon": "-8.288059483049592",
      "lat": "37.091063298775445"
    },
    {
      "id": "pt.ine.add.PTCONT.1561612",
      "street": "",
      "house": "",
      "postcode": "8200-373",
      "city": "ALBUFEIRA",
      "lon": "-8.28988030124376",
      "lat": "37.090412137035976"
    },
    {
      "id": "pt.ine.add.PTCONT.1565532",
      "street": "",
      "house": "G",
      "postcode": "8200-373",
      "city": "ALBUFEIRA",
      "lon": "-8.290356468262923",
      "lat": "37.09223166309674"
    },
    {
      "id": "pt.ine.add.PTCONT.1565538",
      "street": "QTA DA COLINA",
      "house": "B5",
      "postcode": "8200-373",
      "city": "ALBUFEIRA",
      "lon": "-8.290297529525333",
      "lat": "37.09092519332385"
    },
    {
      "id": "pt.ine.add.PTCONT.1568583",
      "street": "TERRAS NOVAS MONTE BELA VISTA",
      "house": "",
      "postcode": "8200-386",
      "city": "ALBUFEIRA",
      "lon": "-8.294209706478288",
      "lat": "37.09525407684913"
    },
    {
      "id": "pt.ine.add.PTCONT.1568703",
      "street": "TERRAS NOVAS",
      "house": "",
      "postcode": "8200-386",
      "city": "ALBUFEIRA",
      "lon": "-8.295001773783593",
      "lat": "37.09216233788248"
    },
    {
      "id": "pt.ine.add.PTCONT.1573707",
      "street": "SIT PATROVES",
      "house": "F",
      "postcode": "8200-373",
      "city": "ALBUFEIRA",
      "lon": "-8.289062832851092",
      "lat": "37.092179307311255"
    },
    {
      "id": "pt.ine.add.PTCONT.1573708",
      "street": "",
      "house": "C",
      "postcode": "8200-373",
      "city": "ALBUFEIRA",
      "lon": "-8.290423416354647",
      "lat": "37.09197026474863"
    },
    {
      "id": "pt.ine.add.PTCONT.1573906",
      "street": "QTA DA COLINA",
      "house": "D1",
      "postcode": "8200-373",
      "city": "ALBUFEIRA",
      "lon": "-8.29065760983603",
      "lat": "37.09099680091699"
    },
    {
      "id": "pt.ine.add.PTCONT.1576764",
      "street": "TERRAS NOVAS NOVA ESPERANÇA",
      "house": "",
      "postcode": "8200-386",
      "city": "ALBUFEIRA",
      "lon": "-8.29728256417517",
      "lat": "37.09618697204623"
    },
    {
      "id": "pt.ine.add.PTCONT.1576765",
      "street": "",
      "house": "",
      "postcode": "8200-373",
      "city": "ALBUFEIRA",
      "lon": "-8.289465355452169",
      "lat": "37.09100738949751"
    },
    {
      "id": "pt.ine.add.PTCONT.1576842",
      "street": "TERRAS NOVAS",
      "house": "",
      "postcode": "8200-386",
      "city": "ALBUFEIRA",
      "lon": "-8.29630248481877",
      "lat": "37.09551252474021"
    },
    {
      "id": "pt.ine.add.PTCONT.1577747",
      "street": "",
      "house": "",
      "postcode": "8200-386",
      "city": "ALBUFEIRA",
      "lon": "-8.293591609256708",
      "lat": "37.090190916641504"
    },
    {
      "id": "pt.ine.add.PTCONT.1580078",
      "street": "EM 526",
      "house": "",
      "postcode": "8200-386",
      "city": "ALBUFEIRA",
      "lon": "-8.296742738024772",
      "lat": "37.091006582121146"
    },
    {
      "id": "pt.ine.add.PTCONT.1582284",
      "street": "CAM DO POÇO DO VALE RABELHO",
      "house": "98",
      "postcode": "8200-386",
      "city": "ALBUFEIRA",
      "lon": "-8.292029777366322",
      "lat": "37.09634730914319"
    },
    {
      "id": "pt.ine.add.PTCONT.1585759",
      "street": "",
      "house": "",
      "postcode": "8200-386",
      "city": "ALBUFEIRA",
      "lon": "-8.293470580090396",
      "lat": "37.091470596349545"
    },
    {
      "id": "pt.ine.add.PTCONT.1585760",
      "street": "",
      "house": "",
      "postcode": "8200-373",
      "city": "ALBUFEIRA",
      "lon": "-8.289454237164586",
      "lat": "37.09107047888882"
    },
    {
      "id": "pt.ine.add.PTCONT.1588035",
      "street": "TERRAS NOVAS",
      "house": "CX P 111A",
      "postcode": "8200-386",
      "city": "ALBUFEIRA",
      "lon": "-8.295581983029448",
      "lat": "37.095234183336004"
    },
    {
      "id": "pt.ine.add.PTCONT.1589553",
      "street": "TERRAS NOVAS",
      "house": "",
      "postcode": "8200-386",
      "city": "ALBUFEIRA",
      "lon": "-8.294289190209469",
      "lat": "37.09560538493081"
    },
    {
      "id": "pt.ine.add.PTCONT.1589554",
      "street": "",
      "house": "",
      "postcode": "8200-373",
      "city": "ALBUFEIRA",
      "lon": "-8.289532490737987",
      "lat": "37.090836098114735"
    },
    {
      "id": "pt.ine.add.PTCONT.1591572",
      "street": "",
      "house": "F",
      "postcode": "8200-373",
      "city": "ALBUFEIRA",
      "lon": "-8.290367585968427",
      "lat": "37.092168573634545"
    },
    {
      "id": "pt.ine.add.PTCONT.1591573",
      "street": "",
      "house": "I",
      "postcode": "8200-373",
      "city": "ALBUFEIRA",
      "lon": "-8.290278122765965",
      "lat": "37.092420991110416"
    },
    {
      "id": "pt.ine.add.PTCONT.1591574",
      "street": "QTA DA COLINA",
      "house": "C8",
      "postcode": "8200-373",
      "city": "ALBUFEIRA",
      "lon": "-8.290612208167682",
      "lat": "37.09079862634681"
    },
    {
      "id": "pt.ine.add.PTCONT.1591575",
      "street": "",
      "house": "",
      "postcode": "8200-373",
      "city": "ALBUFEIRA",
      "lon": "-8.2894877400856",
      "lat": "37.09095329592523"
    },
    {
      "id": "pt.ine.add.PTCONT.1593783",
      "street": "",
      "house": "",
      "postcode": "8200-373",
      "city": "ALBUFEIRA",
      "lon": "-8.287654687866542",
      "lat": "37.09112690171678"
    },
    {
      "id": "pt.ine.add.PTCONT.1594251",
      "street": "QTA DA COLINA",
      "house": "C5",
      "postcode": "8200-373",
      "city": "ALBUFEIRA",
      "lon": "-8.290488295736425",
      "lat": "37.09070868408602"
    },
    {
      "id": "pt.ine.add.PTCONT.1594296",
      "street": "TERRAS NOVAS MONTE BELAVISTA",
      "house": "",
      "postcode": "8200-386",
      "city": "ALBUFEIRA",
      "lon": "-8.294198705967592",
      "lat": "37.09537123049086"
    },
    {
      "id": "pt.ine.add.PTCONT.1597470",
      "street": "",
      "house": "",
      "postcode": "8200-373",
      "city": "ALBUFEIRA",
      "lon": "-8.28742613797449",
      "lat": "37.094902671484626"
    },
    {
      "id": "pt.ine.add.PTCONT.1597469",
      "street": "",
      "house": "",
      "postcode": "8200-373",
      "city": "ALBUFEIRA",
      "lon": "-8.28742613797449",
      "lat": "37.094902671484626"
    },
    {
      "id": "pt.ine.add.PTCONT.1597471",
      "street": "QTA DA COLINA",
      "house": "C3",
      "postcode": "8200-373",
      "city": "ALBUFEIRA",
      "lon": "-8.290465613809785",
      "lat": "37.09061860741799"
    },
    {
      "id": "pt.ine.add.PTCONT.1597486",
      "street": "",
      "house": "",
      "postcode": "8200-386",
      "city": "ALBUFEIRA",
      "lon": "-8.294052113351416",
      "lat": "37.09520022681901"
    },
    {
      "id": "pt.ine.add.PTCONT.1602174",
      "street": "",
      "house": "",
      "postcode": "8200-386",
      "city": "ALBUFEIRA",
      "lon": "-8.295249883081006",
      "lat": "37.09246836181953"
    },
    {
      "id": "pt.ine.add.PTCONT.1606251",
      "street": "TERRAS NOVAS VILA SHARON",
      "house": "",
      "postcode": "8200-386",
      "city": "ALBUFEIRA",
      "lon": "-8.295233260927654",
      "lat": "37.0952256499278"
    },
    {
      "id": "pt.ine.add.PTCONT.1608608",
      "street": "",
      "house": "",
      "postcode": "8200-386",
      "city": "ALBUFEIRA",
      "lon": "-8.294523746600316",
      "lat": "37.094821137676206"
    },
    {
      "id": "pt.ine.add.PTCONT.1608609",
      "street": "",
      "house": "",
      "postcode": "8200-386",
      "city": "ALBUFEIRA",
      "lon": "-8.292162105511409",
      "lat": "37.09507662744278"
    },
    {
      "id": "pt.ine.add.PTCONT.1613722",
      "street": "TERRAS NOVAS",
      "house": "",
      "postcode": "8200-386",
      "city": "ALBUFEIRA",
      "lon": "-8.293541885616637",
      "lat": "37.09328164530757"
    },
    {
      "id": "pt.ine.add.PTCONT.1620350",
      "street": "EM 526",
      "house": "",
      "postcode": "8200-386",
      "city": "ALBUFEIRA",
      "lon": "-8.29570726154783",
      "lat": "37.09069263270292"
    },
    {
      "id": "pt.ine.add.PTCONT.1625481",
      "street": "",
      "house": "",
      "postcode": "8200-386",
      "city": "ALBUFEIRA",
      "lon": "-8.294177559399175",
      "lat": "37.0906947201589"
    },
    {
      "id": "pt.ine.add.PTCONT.1625482",
      "street": "",
      "house": "",
      "postcode": "8200-386",
      "city": "ALBUFEIRA",
      "lon": "-8.294177559399175",
      "lat": "37.0906947201589"
    },
    {
      "id": "pt.ine.add.PTCONT.1625483",
      "street": "",
      "house": "1",
      "postcode": "8200-373",
      "city": "ALBUFEIRA",
      "lon": "-8.290715659117229",
      "lat": "37.091870759299226"
    },
    {
      "id": "pt.ine.add.PTCONT.1625484",
      "street": "QTA DA COLINA",
      "house": "C1",
      "postcode": "8200-373",
      "city": "ALBUFEIRA",
      "lon": "-8.290364197421162",
      "lat": "37.09052863517298"
    },
    {
      "id": "pt.ine.add.PTCONT.1625485",
      "street": "QTA DA COLINA",
      "house": "C12",
      "postcode": "8200-373",
      "city": "ALBUFEIRA",
      "lon": "-8.290724966353705",
      "lat": "37.09093363668264"
    },
    {
      "id": "pt.ine.add.PTCONT.1625493",
      "street": "",
      "house": "",
      "postcode": "8200-373",
      "city": "ALBUFEIRA",
      "lon": "-8.288576498449718",
      "lat": "37.090873397921605"
    },
    {
      "id": "pt.ine.add.PTCONT.1625494",
      "street": "",
      "house": "",
      "postcode": "8200-373",
      "city": "ALBUFEIRA",
      "lon": "-8.288576498449718",
      "lat": "37.090873397921605"
    },
    {
      "id": "pt.ine.add.PTCONT.1632845",
      "street": "",
      "house": "",
      "postcode": "8200-373",
      "city": "ALBUFEIRA",
      "lon": "-8.286154430372779",
      "lat": "37.09458894604554"
    },
    {
      "id": "pt.ine.add.PTCONT.1632846",
      "street": "",
      "house": "",
      "postcode": "8200-373",
      "city": "ALBUFEIRA",
      "lon": "-8.286154430372779",
      "lat": "37.09458894604554"
    },
    {
      "id": "pt.ine.add.PTCONT.1635932",
      "street": "",
      "house": "",
      "postcode": "8200-373",
      "city": "ALBUFEIRA",
      "lon": "-8.289726596568332",
      "lat": "37.092241507286886"
    },
    {
      "id": "pt.ine.add.PTCONT.1639602",
      "street": "TERRAS NOVAS",
      "house": "1",
      "postcode": "8200-386",
      "city": "ALBUFEIRA",
      "lon": "-8.296148030102067",
      "lat": "37.09167419115032"
    },
    {
      "id": "pt.ine.add.PTCONT.1639737",
      "street": "",
      "house": "2",
      "postcode": "8200-373",
      "city": "ALBUFEIRA",
      "lon": "-8.290727000410959",
      "lat": "37.091915797599746"
    },
    {
      "id": "pt.ine.add.PTCONT.1639738",
      "street": "QTA DA COLINA",
      "house": "B6",
      "postcode": "8200-373",
      "city": "ALBUFEIRA",
      "lon": "-8.290241197275177",
      "lat": "37.090880214594826"
    },
    {
      "id": "pt.ine.add.PTCONT.1640027",
      "street": "",
      "house": "18",
      "postcode": "8200-373",
      "city": "ALBUFEIRA",
      "lon": "-8.290504034533447",
      "lat": "37.092880235845065"
    },
    {
      "id": "pt.ine.add.PTCONT.1643565",
      "street": "",
      "house": "",
      "postcode": "8200-386",
      "city": "ALBUFEIRA",
      "lon": "-8.292864440449986",
      "lat": "37.09206611895796"
    },
    {
      "id": "pt.ine.add.PTCONT.1643566",
      "street": "",
      "house": "",
      "postcode": "8200-386",
      "city": "ALBUFEIRA",
      "lon": "-8.292864440449986",
      "lat": "37.09206611895796"
    },
    {
      "id": "pt.ine.add.PTCONT.1649639",
      "street": "",
      "house": "13",
      "postcode": "8200-373",
      "city": "ALBUFEIRA",
      "lon": "-8.290537219750393",
      "lat": "37.09260987159346"
    },
    {
      "id": "pt.ine.add.PTCONT.1649640",
      "street": "",
      "house": "",
      "postcode": "8200-373",
      "city": "ALBUFEIRA",
      "lon": "-8.287711229927613",
      "lat": "37.09681256198811"
    },
    {
      "id": "pt.ine.add.PTCONT.1649662",
      "street": "EM 526",
      "house": "",
      "postcode": "8200-386",
      "city": "ALBUFEIRA",
      "lon": "-8.296607647619556",
      "lat": "37.0909527043898"
    },
    {
      "id": "pt.ine.add.PTCONT.1652664",
      "street": "",
      "house": "7",
      "postcode": "8200-373",
      "city": "ALBUFEIRA",
      "lon": "-8.290637631951288",
      "lat": "37.09221326860146"
    },
    {
      "id": "pt.ine.add.PTCONT.1652665",
      "street": "",
      "house": "12",
      "postcode": "8200-373",
      "city": "ALBUFEIRA",
      "lon": "-8.290548356000913",
      "lat": "37.09255579276755"
    },
    {
      "id": "pt.ine.add.PTCONT.1657495",
      "street": "",
      "house": "",
      "postcode": "8200-402",
      "city": "ALBUFEIRA",
      "lon": "-8.2924120427246",
      "lat": "37.09625668956384"
    },
    {
      "id": "pt.ine.add.PTCONT.1657496",
      "street": "TERRAS NOVAS",
      "house": "",
      "postcode": "8200-386",
      "city": "ALBUFEIRA",
      "lon": "-8.29193828356459",
      "lat": "37.09562657825516"
    },
    {
      "id": "pt.ine.add.PTCONT.1657497",
      "street": "",
      "house": "",
      "postcode": "8200-386",
      "city": "ALBUFEIRA",
      "lon": "-8.295542198326874",
      "lat": "37.092404887083326"
    },
    {
      "id": "pt.ine.add.PTCONT.1657498",
      "street": "",
      "house": "",
      "postcode": "8200-373",
      "city": "ALBUFEIRA",
      "lon": "-8.290071476185128",
      "lat": "37.09039386280839"
    },
    {
      "id": "pt.ine.add.PTCONT.1658403",
      "street": "",
      "house": "",
      "postcode": "8200-373",
      "city": "ALBUFEIRA",
      "lon": "-8.289420678621907",
      "lat": "37.091160629886176"
    },
    {
      "id": "pt.ine.add.PTCONT.1658437",
      "street": "MTE BELA VISTA",
      "house": "CP 119A",
      "postcode": "8200-386",
      "city": "ALBUFEIRA",
      "lon": "-8.294097316948651",
      "lat": "37.0952992828226"
    },
    {
      "id": "pt.ine.add.PTCONT.1660837",
      "street": "",
      "house": "CP 654 X",
      "postcode": "8200-386",
      "city": "ALBUFEIRA",
      "lon": "-8.296564707566768",
      "lat": "37.09190789510009"
    },
    {
      "id": "pt.ine.add.PTCONT.1667843",
      "street": "",
      "house": "",
      "postcode": "8200-373",
      "city": "ALBUFEIRA",
      "lon": "-8.289443322458213",
      "lat": "37.091232685445405"
    },
    {
      "id": "pt.ine.add.PTCONT.1669961",
      "street": "TERRAS NOVAS VIIIA DA CORELA",
      "house": "",
      "postcode": "8200-386",
      "city": "ALBUFEIRA",
      "lon": "-8.296867373573935",
      "lat": "37.096656100806335"
    },
    {
      "id": "pt.ine.add.PTCONT.1672096",
      "street": "",
      "house": "8",
      "postcode": "8200-373",
      "city": "ALBUFEIRA",
      "lon": "-8.290727746878723",
      "lat": "37.092276223583454"
    },
    {
      "id": "pt.ine.add.PTCONT.1672672",
      "street": "",
      "house": "",
      "postcode": "8200-386",
      "city": "ALBUFEIRA",
      "lon": "-8.293749153637625",
      "lat": "37.090226746052416"
    },
    {
      "id": "pt.ine.add.PTCONT.1680644",
      "street": "",
      "house": "",
      "postcode": "8200-386",
      "city": "ALBUFEIRA",
      "lon": "-8.296002269560882",
      "lat": "37.09189064763327"
    },
    {
      "id": "pt.ine.add.PTCONT.1685914",
      "street": "TERRAS NOVAS",
      "house": "",
      "postcode": "8200-386",
      "city": "ALBUFEIRA",
      "lon": "-8.293986070277679",
      "lat": "37.09588512725781"
    },
    {
      "id": "pt.ine.add.PTCONT.1686816",
      "street": "",
      "house": "",
      "postcode": "8200-386",
      "city": "ALBUFEIRA",
      "lon": "-8.293379704851318",
      "lat": "37.09104721745613"
    },
    {
      "id": "pt.ine.add.PTCONT.1689403",
      "street": "",
      "house": "",
      "postcode": "8200-386",
      "city": "ALBUFEIRA",
      "lon": "-8.29652995748107",
      "lat": "37.091439387926044"
    },
    {
      "id": "pt.ine.add.PTCONT.1692340",
      "street": "QTA DA COLINA",
      "house": "14",
      "postcode": "8200-373",
      "city": "ALBUFEIRA",
      "lon": "-8.2902531148878",
      "lat": "37.09120458314168"
    },
    {
      "id": "pt.ine.add.PTCONT.1692342",
      "street": "QTA DA COLINA",
      "house": "C4",
      "postcode": "8200-373",
      "city": "ALBUFEIRA",
      "lon": "-8.290521890088813",
      "lat": "37.090636554086906"
    },
    {
      "id": "pt.ine.add.PTCONT.1696209",
      "street": "",
      "house": "",
      "postcode": "8200-386",
      "city": "ALBUFEIRA",
      "lon": "-8.293625124424432",
      "lat": "37.090082743159044"
    },
    {
      "id": "pt.ine.add.PTCONT.1696210",
      "street": "",
      "house": "",
      "postcode": "8200-373",
      "city": "ALBUFEIRA",
      "lon": "-8.287902434404284",
      "lat": "37.091270749419735"
    },
    {
      "id": "pt.ine.add.PTCONT.1697505",
      "street": "",
      "house": "",
      "postcode": "8200-373",
      "city": "ALBUFEIRA",
      "lon": "-8.288614034647836",
      "lat": "37.092729547777374"
    },
    {
      "id": "pt.ine.add.PTCONT.1698104",
      "street": "",
      "house": "B",
      "postcode": "8200-373",
      "city": "ALBUFEIRA",
      "lon": "-8.290445763330737",
      "lat": "37.091898149705244"
    },
    {
      "id": "pt.ine.add.PTCONT.1698106",
      "street": "",
      "house": "",
      "postcode": "8200-373",
      "city": "ALBUFEIRA",
      "lon": "-8.29002665231038",
      "lat": "37.090475018219145"
    },
    {
      "id": "pt.ine.add.PTCONT.1698133",
      "street": "",
      "house": "CP 677X",
      "postcode": "8200-386",
      "city": "ALBUFEIRA",
      "lon": "-8.293685621489818",
      "lat": "37.09210105258815"
    },
    {
      "id": "pt.ine.add.PTCONT.1700752",
      "street": "CAM TERRAS NOVAS",
      "house": "CCI 665 X",
      "postcode": "8200-386",
      "city": "ALBUFEIRA",
      "lon": "-8.293270947603702",
      "lat": "37.091922063048216"
    },
    {
      "id": "pt.ine.add.PTCONT.1701164",
      "street": "QTA DA COLINA",
      "house": "A3",
      "postcode": "8200-373",
      "city": "ALBUFEIRA",
      "lon": "-8.29024196001796",
      "lat": "37.09124965130115"
    },
    {
      "id": "pt.ine.add.PTCONT.1715484",
      "street": "",
      "house": "",
      "postcode": "8200-373",
      "city": "ALBUFEIRA",
      "lon": "-8.290183916675081",
      "lat": "37.09037569258155"
    },
    {
      "id": "pt.ine.add.PTCONT.1718131",
      "street": "",
      "house": "H",
      "postcode": "8200-373",
      "city": "ALBUFEIRA",
      "lon": "-8.290300414176706",
      "lat": "37.092321844151016"
    },
    {
      "id": "pt.ine.add.PTCONT.1720668",
      "street": "",
      "house": "",
      "postcode": "8200-386",
      "city": "ALBUFEIRA",
      "lon": "-8.293298484376082",
      "lat": "37.09521025789525"
    },
    {
      "id": "pt.ine.add.PTCONT.1721166",
      "street": "TERRAS NOVAS",
      "house": "",
      "postcode": "8200-386",
      "city": "ALBUFEIRA",
      "lon": "-8.29480955247359",
      "lat": "37.09698330865641"
    },
    {
      "id": "pt.ine.add.PTCONT.1723815",
      "street": "QTA DA COLINA",
      "house": "A2",
      "postcode": "8200-373",
      "city": "ALBUFEIRA",
      "lon": "-8.290230805135003",
      "lat": "37.09129471945927"
    },
    {
      "id": "pt.ine.add.PTCONT.1723816",
      "street": "QTA DA COLINA",
      "house": "C11",
      "postcode": "8200-373",
      "city": "ALBUFEIRA",
      "lon": "-8.290713606550407",
      "lat": "37.090879587722654"
    },
    {
      "id": "pt.ine.add.PTCONT.1726812",
      "street": "",
      "house": "",
      "postcode": "8200-373",
      "city": "ALBUFEIRA",
      "lon": "-8.286594298909181",
      "lat": "37.09517407114352"
    },
    {
      "id": "pt.ine.add.PTCONT.1726813",
      "street": "QTA DA COLINA",
      "house": "C10",
      "postcode": "8200-373",
      "city": "ALBUFEIRA",
      "lon": "-8.290668559229783",
      "lat": "37.090852615551356"
    },
    {
      "id": "pt.ine.add.PTCONT.1729730",
      "street": "",
      "house": "",
      "postcode": "8200-373",
      "city": "ALBUFEIRA",
      "lon": "-8.290150080417575",
      "lat": "37.09033068400681"
    },
    {
      "id": "pt.ine.add.PTCONT.1735274",
      "street": "QTA DA COLINA",
      "house": "B7",
      "postcode": "8200-373",
      "city": "ALBUFEIRA",
      "lon": "-8.290331124153534",
      "lat": "37.090853063380784"
    },
    {
      "id": "pt.ine.add.PTCONT.1735307",
      "street": "TERRAS NOVAS VILA UILMAR",
      "house": "",
      "postcode": "8200-386",
      "city": "ALBUFEIRA",
      "lon": "-8.294907035857266",
      "lat": "37.09521708480172"
    },
    {
      "id": "pt.ine.add.PTCONT.1737521",
      "street": "TERRAS NOVAS",
      "house": "",
      "postcode": "8200-386",
      "city": "ALBUFEIRA",
      "lon": "-8.295887773712435",
      "lat": "37.096206916158714"
    },
    {
      "id": "pt.ine.add.PTCONT.1737522",
      "street": "TERRAS NOVAS",
      "house": "",
      "postcode": "8200-386",
      "city": "ALBUFEIRA",
      "lon": "-8.295887773712435",
      "lat": "37.096206916158714"
    },
    {
      "id": "pt.ine.add.PTCONT.1737580",
      "street": "",
      "house": "15",
      "postcode": "8200-373",
      "city": "ALBUFEIRA",
      "lon": "-8.290514965839241",
      "lat": "37.09272703988949"
    },
    {
      "id": "pt.ine.add.PTCONT.1738110",
      "street": "",
      "house": "",
      "postcode": "8200-373",
      "city": "ALBUFEIRA",
      "lon": "-8.290206226217991",
      "lat": "37.09028555625931"
    },
    {
      "id": "pt.ine.add.PTCONT.1741506",
      "street": "TERRAS NOVAS CASA PEQUENA PENN",
      "house": "",
      "postcode": "8200-386",
      "city": "ALBUFEIRA",
      "lon": "-8.291387479907394",
      "lat": "37.09580752807044"
    },
    {
      "id": "pt.ine.add.PTCONT.1741507",
      "street": "",
      "house": "",
      "postcode": "8200-386",
      "city": "ALBUFEIRA",
      "lon": "-8.295798977544518",
      "lat": "37.091503467695915"
    },
    {
      "id": "pt.ine.add.PTCONT.1743804",
      "street": "",
      "house": "9",
      "postcode": "8200-373",
      "city": "ALBUFEIRA",
      "lon": "-8.290604111607104",
      "lat": "37.09232144121282"
    },
    {
      "id": "pt.ine.add.PTCONT.1744417",
      "street": "QTA DA COLINA",
      "house": "B3",
      "postcode": "8200-373",
      "city": "ALBUFEIRA",
      "lon": "-8.290308982097294",
      "lat": "37.09102429558115"
    },
    {
      "id": "pt.ine.add.PTCONT.1753001",
      "street": "TERRAS NOVAS",
      "house": "",
      "postcode": "8200-386",
      "city": "ALBUFEIRA",
      "lon": "-8.297468497016448",
      "lat": "37.09373581246423"
    },
    {
      "id": "pt.ine.add.PTCONT.1756663",
      "street": "",
      "house": "",
      "postcode": "8200-373",
      "city": "ALBUFEIRA",
      "lon": "-8.289376908180062",
      "lat": "37.09175539215501"
    },
    {
      "id": "pt.ine.add.PTCONT.1756685",
      "street": "TERRAS NOVAS",
      "house": "11",
      "postcode": "8200-386",
      "city": "ALBUFEIRA",
      "lon": "-8.295597111194128",
      "lat": "37.09178307536372"
    },
    {
      "id": "pt.ine.add.PTCONT.1765306",
      "street": "",
      "house": "",
      "postcode": "8200-386",
      "city": "ALBUFEIRA",
      "lon": "-8.293235259629467",
      "lat": "37.09178562475261"
    },
    {
      "id": "pt.ine.add.PTCONT.1771970",
      "street": "",
      "house": "",
      "postcode": "8200-373",
      "city": "ALBUFEIRA",
      "lon": "-8.290094083235145",
      "lat": "37.09044789694704"
    },
    {
      "id": "pt.ine.add.PTCONT.1774789",
      "street": "",
      "house": "",
      "postcode": "8200-386",
      "city": "ALBUFEIRA",
      "lon": "-8.292693031793945",
      "lat": "37.09614818374869"
    },
    {
      "id": "pt.ine.add.PTCONT.1774790",
      "street": "",
      "house": "",
      "postcode": "8200-386",
      "city": "ALBUFEIRA",
      "lon": "-8.293392432894024",
      "lat": "37.091750032914895"
    },
    {
      "id": "pt.ine.add.PTCONT.1781104",
      "street": "QTA DA COLINA",
      "house": "A5",
      "postcode": "8200-373",
      "city": "ALBUFEIRA",
      "lon": "-8.290253003258291",
      "lat": "37.09115051923449"
    },
    {
      "id": "pt.ine.add.PTCONT.1781105",
      "street": "QTA DA COLINA",
      "house": "C7",
      "postcode": "8200-373",
      "city": "ALBUFEIRA",
      "lon": "-8.290544683922352",
      "lat": "37.09078069465401"
    },
    {
      "id": "pt.ine.add.PTCONT.1784084",
      "street": "",
      "house": "",
      "postcode": "8200-373",
      "city": "ALBUFEIRA",
      "lon": "-8.289040558330399",
      "lat": "37.09228746469404"
    },
    {
      "id": "pt.ine.add.PTCONT.1786816",
      "street": "",
      "house": "19",
      "postcode": "8200-373",
      "city": "ALBUFEIRA",
      "lon": "-8.290492916839284",
      "lat": "37.09294332531242"
    },
    {
      "id": "pt.ine.add.PTCONT.1786845",
      "street": "",
      "house": "",
      "postcode": "8200-386",
      "city": "ALBUFEIRA",
      "lon": "-8.296553575686586",
      "lat": "37.09196197448639"
    },
    {
      "id": "pt.ine.add.PTCONT.1789637",
      "street": "SIT TERRAS NOVAS",
      "house": "CP 659 X",
      "postcode": "8200-386",
      "city": "ALBUFEIRA",
      "lon": "-8.295791928588875",
      "lat": "37.09346780412122"
    },
    {
      "id": "pt.ine.add.PTCONT.1789638",
      "street": "SIT TERRAS NOVAS",
      "house": "CP 659 X",
      "postcode": "8200-386",
      "city": "ALBUFEIRA",
      "lon": "-8.295791928588875",
      "lat": "37.09346780412122"
    },
    {
      "id": "pt.ine.add.PTCONT.1792118",
      "street": "TERRAS NOVAS CXP 659X",
      "house": "",
      "postcode": "8200-386",
      "city": "ALBUFEIRA",
      "lon": "-8.295791928588875",
      "lat": "37.09346780412122"
    },
    {
      "id": "pt.ine.add.PTCONT.1792619",
      "street": "",
      "house": "3",
      "postcode": "8200-373",
      "city": "ALBUFEIRA",
      "lon": "-8.290738379044022",
      "lat": "37.09197885719835"
    },
    {
      "id": "pt.ine.add.PTCONT.1792691",
      "street": "QTA DA COLINA",
      "house": "C2",
      "postcode": "8200-373",
      "city": "ALBUFEIRA",
      "lon": "-8.29039805251518",
      "lat": "37.09058265433667"
    },
    {
      "id": "pt.ine.add.PTCONT.1797690",
      "street": "",
      "house": "11",
      "postcode": "8200-373",
      "city": "ALBUFEIRA",
      "lon": "-8.290559473593657",
      "lat": "37.09249270329111"
    },
    {
      "id": "pt.ine.add.PTCONT.1797691",
      "street": "QTA DA COLINA",
      "house": "B4",
      "postcode": "8200-373",
      "city": "ALBUFEIRA",
      "lon": "-8.290241364705329",
      "lat": "37.090961310459164"
    },
    {
      "id": "pt.ine.add.PTCONT.1798777",
      "street": "",
      "house": "",
      "postcode": "8200-373",
      "city": "ALBUFEIRA",
      "lon": "-8.292309310713264",
      "lat": "37.09016561290847"
    },
    {
      "id": "pt.ine.add.PTCONT.1798778",
      "street": "",
      "house": "",
      "postcode": "8200-373",
      "city": "ALBUFEIRA",
      "lon": "-8.289791617568333",
      "lat": "37.09104300159745"
    },
    {
      "id": "pt.ine.add.PTCONT.1805057",
      "street": "",
      "house": "",
      "postcode": "8200-373",
      "city": "ALBUFEIRA",
      "lon": "-8.28828548761789",
      "lat": "37.091576611790906"
    },
    {
      "id": "pt.ine.add.PTCONT.1807339",
      "street": "QTA DA COLINA",
      "house": "A1",
      "postcode": "8200-373",
      "city": "ALBUFEIRA",
      "lon": "-8.290253412567937",
      "lat": "37.09134875355841"
    },
    {
      "id": "pt.ine.add.PTCONT.1807346",
      "street": "",
      "house": "",
      "postcode": "8200-386",
      "city": "ALBUFEIRA",
      "lon": "-8.294813295171885",
      "lat": "37.09345112124507"
    },
    {
      "id": "pt.ine.add.PTCONT.1809935",
      "street": "",
      "house": "",
      "postcode": "8200-373",
      "city": "ALBUFEIRA",
      "lon": "-8.289288514670469",
      "lat": "37.09253042660475"
    },
    {
      "id": "pt.ine.add.PTCONT.1809934",
      "street": "",
      "house": "",
      "postcode": "8200-373",
      "city": "ALBUFEIRA",
      "lon": "-8.289288514670469",
      "lat": "37.09253042660475"
    },
    {
      "id": "pt.ine.add.PTCONT.1813035",
      "street": "",
      "house": "4",
      "postcode": "8200-373",
      "city": "ALBUFEIRA",
      "lon": "-8.290727261673164",
      "lat": "37.09204194669652"
    },
    {
      "id": "pt.ine.add.PTCONT.1821694",
      "street": "",
      "house": "D",
      "postcode": "8200-373",
      "city": "ALBUFEIRA",
      "lon": "-8.290401032090408",
      "lat": "37.09202435848737"
    },
    {
      "id": "pt.ine.add.PTCONT.1846584",
      "street": "",
      "house": "",
      "postcode": "8200-373",
      "city": "ALBUFEIRA",
      "lon": "-8.29289303891885",
      "lat": "37.08961517654447"
    },
    {
      "id": "pt.ine.add.PTCONT.1824572",
      "street": "",
      "house": "",
      "postcode": "8200-386",
      "city": "ALBUFEIRA",
      "lon": "-8.29423658361994",
      "lat": "37.092010198544806"
    },
    {
      "id": "pt.ine.add.PTCONT.1824573",
      "street": "QTA DA COLINA",
      "house": "B2",
      "postcode": "8200-373",
      "city": "ALBUFEIRA",
      "lon": "-8.290241532136152",
      "lat": "37.091042406322394"
    },
    {
      "id": "pt.ine.add.PTCONT.1827542",
      "street": "",
      "house": "",
      "postcode": "8200-373",
      "city": "ALBUFEIRA",
      "lon": "-8.2884598903613",
      "lat": "37.0943606815184"
    },
    {
      "id": "pt.ine.add.PTCONT.1827543",
      "street": "",
      "house": "",
      "postcode": "8200-373",
      "city": "ALBUFEIRA",
      "lon": "-8.288567054328276",
      "lat": "37.09175645653423"
    },
    {
      "id": "pt.ine.add.PTCONT.1827414",
      "street": "EM 526",
      "house": "728A",
      "postcode": "8200-373",
      "city": "ALBUFEIRA",
      "lon": "-8.294367664863001",
      "lat": "37.090171842575344"
    },
    {
      "id": "pt.ine.add.PTCONT.1831677",
      "street": "R ALTO PATROVES",
      "house": "D",
      "postcode": "8200-373",
      "city": "ALBUFEIRA",
      "lon": "-8.289265556279979",
      "lat": "37.092305189985936"
    },
    {
      "id": "pt.ine.add.PTCONT.1833191",
      "street": "TERRAS NOVAS",
      "house": "",
      "postcode": "8200-386",
      "city": "ALBUFEIRA",
      "lon": "-8.29672411658042",
      "lat": "37.092808742604504"
    },
    {
      "id": "pt.ine.add.PTCONT.1835828",
      "street": "",
      "house": "",
      "postcode": "8200-373",
      "city": "ALBUFEIRA",
      "lon": "-8.289073914690066",
      "lat": "37.09209819666674"
    },
    {
      "id": "pt.ine.add.PTCONT.1835838",
      "street": "",
      "house": "14",
      "postcode": "8200-373",
      "city": "ALBUFEIRA",
      "lon": "-8.290548579691222",
      "lat": "37.092663920554195"
    },
    {
      "id": "pt.ine.add.PTCONT.1838766",
      "street": "",
      "house": "",
      "postcode": "8200-373",
      "city": "ALBUFEIRA",
      "lon": "-8.289669225640658",
      "lat": "37.091691931882416"
    },
    {
      "id": "pt.ine.add.PTCONT.1838765",
      "street": "",
      "house": "",
      "postcode": "8200-373",
      "city": "ALBUFEIRA",
      "lon": "-8.289669225640658",
      "lat": "37.091691931882416"
    },
    {
      "id": "pt.ine.add.PTCONT.1841676",
      "street": "EM 526",
      "house": "",
      "postcode": "8200-386",
      "city": "ALBUFEIRA",
      "lon": "-8.294153080902309",
      "lat": "37.08975764301202"
    },
    {
      "id": "pt.ine.add.PTCONT.1842364",
      "street": "QTA DA COLINA",
      "house": "C9",
      "postcode": "8200-373",
      "city": "ALBUFEIRA",
      "lon": "-8.290623549238154",
      "lat": "37.09084366466589"
    },
    {
      "id": "pt.ine.add.PTCONT.1843631",
      "street": "",
      "house": "",
      "postcode": "8200-386",
      "city": "ALBUFEIRA",
      "lon": "-8.296947333149468",
      "lat": "37.091997473844025"
    },
    {
      "id": "pt.ine.add.PTCONT.1846506",
      "street": "",
      "house": "",
      "postcode": "8200-386",
      "city": "ALBUFEIRA",
      "lon": "-8.292259120444099",
      "lat": "37.09305810693229"
    },
    {
      "id": "pt.ine.add.PTCONT.1846767",
      "street": "TERRAS NOVAS VILA ESPERANÇA",
      "house": "",
      "postcode": "8200-386",
      "city": "ALBUFEIRA",
      "lon": "-8.297411613737882",
      "lat": "37.09343853913508"
    },
    {
      "id": "pt.ine.add.PTCONT.1848389",
      "street": "QTA DA COLINA",
      "house": "B8",
      "postcode": "8200-373",
      "city": "ALBUFEIRA",
      "lon": "-8.290274754722658",
      "lat": "37.09079006336355"
    },
    {
      "id": "pt.ine.add.PTCONT.1848488",
      "street": "EM 526",
      "house": "",
      "postcode": "8200-373",
      "city": "ALBUFEIRA",
      "lon": "-8.293679367017322",
      "lat": "37.08913654855766"
    }
  ]
}