{
  "data": {
    "distrito": "Porto",
    "concelho": "Vila Nova de Gaia",
    "freguesia": "Canidelo",
    "OBJECTID": 402,
    "BGRI2021": "13170401305",
    "DT21": "13",
    "DTMN21": "1317",
    "DTMNFR21": "131704",
    "DTMNFRSEC21": "131704013",
    "SECNUM21": "013",
    "SSNUM21": "05",
    "SECSSNUM21": "01305",
    "OBJECTID_1": 145430,
    "DT": "13",
    "CC": "17",
    "fr": "04",
    "SEC": "013",
    "SS": "05"
  },
  "addresses": [
    {
      "id": "pt.ine.add.PTCONT.3540860",
      "street": "R PEDRA ESCUSA",
      "house": "100",
      "postcode": "4400-544",
      "city": "VILA NOVA DE GAIA",
      "lon": "-8.656602058762951",
      "lat": "41.11902116043405"
    },
    {
      "id": "pt.ine.add.PTCONT.3545185",
      "street": "TV BOUCAS",
      "house": "82",
      "postcode": "4400-388",
      "city": "VILA NOVA DE GAIA",
      "lon": "-8.65443826665017",
      "lat": "41.11943617013053"
    },
    {
      "id": "pt.ine.add.PTCONT.3551233",
      "street": "TV FLOWER",
      "house": "509",
      "postcode": "4400-457",
      "city": "VILA NOVA DE GAIA",
      "lon": "-8.656444020801962",
      "lat": "41.12011141046058"
    },
    {
      "id": "pt.ine.add.PTCONT.3551234",
      "street": "TV FLOWER",
      "house": "4",
      "postcode": "4400-457",
      "city": "VILA NOVA DE GAIA",
      "lon": "-8.656444020801962",
      "lat": "41.12011141046058"
    },
    {
      "id": "pt.ine.add.PTCONT.3578779",
      "street": "R NOVA DO SOBREIRO",
      "house": "5",
      "postcode": "4400-590",
      "city": "VILA NOVA DE GAIA",
      "lon": "-8.654705561675435",
      "lat": "41.118606555647226"
    },
    {
      "id": "pt.ine.add.PTCONT.3578780",
      "street": "R NOVA DO SOBREIRO",
      "house": "5",
      "postcode": "4400-590",
      "city": "VILA NOVA DE GAIA",
      "lon": "-8.654705561675435",
      "lat": "41.118606555647226"
    },
    {
      "id": "pt.ine.add.PTCONT.3602676",
      "street": "RECANTO DE CHIEIRAS",
      "house": "180",
      "postcode": "4400-417",
      "city": "VILA NOVA DE GAIA",
      "lon": "-8.656713110144365",
      "lat": "41.118012163144165"
    },
    {
      "id": "pt.ine.add.PTCONT.3614052",
      "street": "R BOUCAS",
      "house": "78",
      "postcode": "4400-387",
      "city": "VILA NOVA DE GAIA",
      "lon": "-8.655201006346827",
      "lat": "41.11952276006309"
    },
    {
      "id": "pt.ine.add.PTCONT.3614053",
      "street": "R SOBREIRO",
      "house": "238",
      "postcode": "4400-590",
      "city": "VILA NOVA DE GAIA",
      "lon": "-8.652980609443908",
      "lat": "41.1188034447575"
    },
    {
      "id": "pt.ine.add.PTCONT.3615998",
      "street": "TV CHIEIRAS",
      "house": "202",
      "postcode": "4400-416",
      "city": "VILA NOVA DE GAIA",
      "lon": "-8.660026832068995",
      "lat": "41.11846528375466"
    },
    {
      "id": "pt.ine.add.PTCONT.3634854",
      "street": "R BOUCAS",
      "house": "254",
      "postcode": "4400-387",
      "city": "VILA NOVA DE GAIA",
      "lon": "-8.657532143196615",
      "lat": "41.11769328385644"
    },
    {
      "id": "pt.ine.add.PTCONT.3641492",
      "street": "TV BOUCAS",
      "house": "40",
      "postcode": "4400-388",
      "city": "VILA NOVA DE GAIA",
      "lon": "-8.654033582578817",
      "lat": "41.11945600947279"
    },
    {
      "id": "pt.ine.add.PTCONT.3653992",
      "street": "R NOVA DO SOBREIRO",
      "house": "163",
      "postcode": "4400-590",
      "city": "VILA NOVA DE GAIA",
      "lon": "-8.65438102266901",
      "lat": "41.118220835366564"
    },
    {
      "id": "pt.ine.add.PTCONT.3654008",
      "street": "RECANTO DE CHIEIRAS",
      "house": "117",
      "postcode": "4400-417",
      "city": "VILA NOVA DE GAIA",
      "lon": "-8.656127123479466",
      "lat": "41.11769066650216"
    },
    {
      "id": "pt.ine.add.PTCONT.3673518",
      "street": "R BOUCAS",
      "house": "26",
      "postcode": "4400-387",
      "city": "VILA NOVA DE GAIA",
      "lon": "-8.65579912596741",
      "lat": "41.11987121944064"
    },
    {
      "id": "pt.ine.add.PTCONT.3673519",
      "street": "R BOUCAS",
      "house": "92",
      "postcode": "4400-387",
      "city": "VILA NOVA DE GAIA",
      "lon": "-8.654821775283235",
      "lat": "41.11974958795672"
    },
    {
      "id": "pt.ine.add.PTCONT.3673520",
      "street": "R BOUCAS",
      "house": "92",
      "postcode": "4400-387",
      "city": "VILA NOVA DE GAIA",
      "lon": "-8.654821775283235",
      "lat": "41.11974958795672"
    },
    {
      "id": "pt.ine.add.PTCONT.3673521",
      "street": "R BOUCAS",
      "house": "92",
      "postcode": "4400-387",
      "city": "VILA NOVA DE GAIA",
      "lon": "-8.654821775283235",
      "lat": "41.11974958795672"
    },
    {
      "id": "pt.ine.add.PTCONT.3673522",
      "street": "R BOUCAS",
      "house": "92",
      "postcode": "4400-387",
      "city": "VILA NOVA DE GAIA",
      "lon": "-8.654821775283235",
      "lat": "41.11974958795672"
    },
    {
      "id": "pt.ine.add.PTCONT.3673523",
      "street": "R BOUCAS",
      "house": "92",
      "postcode": "4400-387",
      "city": "VILA NOVA DE GAIA",
      "lon": "-8.654821775283235",
      "lat": "41.11974958795672"
    },
    {
      "id": "pt.ine.add.PTCONT.3673524",
      "street": "R BOUCAS",
      "house": "92",
      "postcode": "4400-387",
      "city": "VILA NOVA DE GAIA",
      "lon": "-8.654821775283235",
      "lat": "41.11974958795672"
    },
    {
      "id": "pt.ine.add.PTCONT.3673525",
      "street": "R BOUCAS",
      "house": "92",
      "postcode": "4400-387",
      "city": "VILA NOVA DE GAIA",
      "lon": "-8.654821775283235",
      "lat": "41.11974958795672"
    },
    {
      "id": "pt.ine.add.PTCONT.3673526",
      "street": "R BOUCAS",
      "house": "92",
      "postcode": "4400-387",
      "city": "VILA NOVA DE GAIA",
      "lon": "-8.654821775283235",
      "lat": "41.11974958795672"
    },
    {
      "id": "pt.ine.add.PTCONT.3673527",
      "street": "R BOUCAS",
      "house": "92",
      "postcode": "4400-387",
      "city": "VILA NOVA DE GAIA",
      "lon": "-8.654821775283235",
      "lat": "41.11974958795672"
    },
    {
      "id": "pt.ine.add.PTCONT.3673536",
      "street": "R NOVA DO SOBREIRO",
      "house": "206",
      "postcode": "4400-590",
      "city": "VILA NOVA DE GAIA",
      "lon": "-8.655632055638154",
      "lat": "41.11832322089849"
    },
    {
      "id": "pt.ine.add.PTCONT.3675708",
      "street": "TV BOUCAS",
      "house": "67",
      "postcode": "4400-388",
      "city": "VILA NOVA DE GAIA",
      "lon": "-8.653652213600095",
      "lat": "41.119412711267444"
    },
    {
      "id": "pt.ine.add.PTCONT.3675709",
      "street": "R NOVA DO SOBREIRO",
      "house": "103",
      "postcode": "4400-590",
      "city": "VILA NOVA DE GAIA",
      "lon": "-8.653929645545917",
      "lat": "41.11835794278798"
    },
    {
      "id": "pt.ine.add.PTCONT.3693309",
      "street": "R PEDRA ESCUSA",
      "house": "100",
      "postcode": "4400-544",
      "city": "VILA NOVA DE GAIA",
      "lon": "-8.656580034102882",
      "lat": "41.11924637044845"
    },
    {
      "id": "pt.ine.add.PTCONT.3693534",
      "street": "TV BOUCAS",
      "house": "93",
      "postcode": "4400-388",
      "city": "VILA NOVA DE GAIA",
      "lon": "-8.654221454121686",
      "lat": "41.11912199711523"
    },
    {
      "id": "pt.ine.add.PTCONT.3696655",
      "street": "TV BOUCAS",
      "house": "288",
      "postcode": "4400-388",
      "city": "VILA NOVA DE GAIA",
      "lon": "-8.653163187741061",
      "lat": "41.11930686703601"
    },
    {
      "id": "pt.ine.add.PTCONT.3704452",
      "street": "R FLOWER",
      "house": "895",
      "postcode": "4400-457",
      "city": "VILA NOVA DE GAIA",
      "lon": "-8.660472416541198",
      "lat": "41.11909355275867"
    },
    {
      "id": "pt.ine.add.PTCONT.3725748",
      "street": "R BOUCAS",
      "house": "82",
      "postcode": "4400-387",
      "city": "VILA NOVA DE GAIA",
      "lon": "-8.654986971500623",
      "lat": "41.119559747411316"
    },
    {
      "id": "pt.ine.add.PTCONT.3725755",
      "street": "R CHIEIRAS",
      "house": "208",
      "postcode": "4400-415",
      "city": "VILA NOVA DE GAIA",
      "lon": "-8.65768599366348",
      "lat": "41.11757552623511"
    },
    {
      "id": "pt.ine.add.PTCONT.3726445",
      "street": "RECANTO DE CHIEIRAS",
      "house": "106",
      "postcode": "4400-417",
      "city": "VILA NOVA DE GAIA",
      "lon": "-8.656262311349717",
      "lat": "41.11822131226539"
    },
    {
      "id": "pt.ine.add.PTCONT.3738937",
      "street": "RECANTO DE CHIEIRAS",
      "house": "57",
      "postcode": "4400-417",
      "city": "VILA NOVA DE GAIA",
      "lon": "-8.655818344352085",
      "lat": "41.11779111627519"
    },
    {
      "id": "pt.ine.add.PTCONT.3771684",
      "street": "R PEDRA ESCUSA",
      "house": "48",
      "postcode": "4400-544",
      "city": "VILA NOVA DE GAIA",
      "lon": "-8.656619331275795",
      "lat": "41.11969641173491"
    },
    {
      "id": "pt.ine.add.PTCONT.3771685",
      "street": "R PEDRA ESCUSA",
      "house": "48",
      "postcode": "4400-544",
      "city": "VILA NOVA DE GAIA",
      "lon": "-8.656619331275795",
      "lat": "41.11969641173491"
    },
    {
      "id": "pt.ine.add.PTCONT.3773268",
      "street": "R PEDRA ESCUSA",
      "house": "100",
      "postcode": "4400-544",
      "city": "VILA NOVA DE GAIA",
      "lon": "-8.656224908712364",
      "lat": "41.11950911101837"
    },
    {
      "id": "pt.ine.add.PTCONT.3773430",
      "street": "R SOBREIRO",
      "house": "230",
      "postcode": "4400-590",
      "city": "VILA NOVA DE GAIA",
      "lon": "-8.652910235722223",
      "lat": "41.11893882827632"
    },
    {
      "id": "pt.ine.add.PTCONT.3773431",
      "street": "R CHIEIRAS",
      "house": "12",
      "postcode": "4400-415",
      "city": "VILA NOVA DE GAIA",
      "lon": "-8.65509098632946",
      "lat": "41.11765934807487"
    },
    {
      "id": "pt.ine.add.PTCONT.3773432",
      "street": "R CHIEIRAS",
      "house": "12",
      "postcode": "4400-415",
      "city": "VILA NOVA DE GAIA",
      "lon": "-8.65509098632946",
      "lat": "41.11765934807487"
    },
    {
      "id": "pt.ine.add.PTCONT.3773433",
      "street": "R CHIEIRAS",
      "house": "12",
      "postcode": "4400-415",
      "city": "VILA NOVA DE GAIA",
      "lon": "-8.65509098632946",
      "lat": "41.11765934807487"
    },
    {
      "id": "pt.ine.add.PTCONT.3773434",
      "street": "R CHIEIRAS",
      "house": "12",
      "postcode": "4400-415",
      "city": "VILA NOVA DE GAIA",
      "lon": "-8.65509098632946",
      "lat": "41.11765934807487"
    },
    {
      "id": "pt.ine.add.PTCONT.3773435",
      "street": "R CHIEIRAS",
      "house": "12",
      "postcode": "4400-415",
      "city": "VILA NOVA DE GAIA",
      "lon": "-8.65509098632946",
      "lat": "41.11765934807487"
    },
    {
      "id": "pt.ine.add.PTCONT.3773436",
      "street": "R CHIEIRAS",
      "house": "12",
      "postcode": "4400-415",
      "city": "VILA NOVA DE GAIA",
      "lon": "-8.65509098632946",
      "lat": "41.11765934807487"
    },
    {
      "id": "pt.ine.add.PTCONT.3773437",
      "street": "R CHIEIRAS",
      "house": "12",
      "postcode": "4400-415",
      "city": "VILA NOVA DE GAIA",
      "lon": "-8.65509098632946",
      "lat": "41.11765934807487"
    },
    {
      "id": "pt.ine.add.PTCONT.3773438",
      "street": "R CHIEIRAS",
      "house": "12",
      "postcode": "4400-415",
      "city": "VILA NOVA DE GAIA",
      "lon": "-8.65509098632946",
      "lat": "41.11765934807487"
    },
    {
      "id": "pt.ine.add.PTCONT.3773439",
      "street": "R CHIEIRAS",
      "house": "116",
      "postcode": "4400-415",
      "city": "VILA NOVA DE GAIA",
      "lon": "-8.656709747069163",
      "lat": "41.11758897164919"
    },
    {
      "id": "pt.ine.add.PTCONT.3773440",
      "street": "R CHIEIRAS",
      "house": "116",
      "postcode": "4400-415",
      "city": "VILA NOVA DE GAIA",
      "lon": "-8.656709747069163",
      "lat": "41.11758897164919"
    },
    {
      "id": "pt.ine.add.PTCONT.3777684",
      "street": "R CHIEIRAS",
      "house": "12",
      "postcode": "4400-415",
      "city": "VILA NOVA DE GAIA",
      "lon": "-8.65509098632946",
      "lat": "41.11765934807487"
    },
    {
      "id": "pt.ine.add.PTCONT.3784408",
      "street": "R CHIEIRAS",
      "house": "104",
      "postcode": "4400-415",
      "city": "VILA NOVA DE GAIA",
      "lon": "-8.656685075818453",
      "lat": "41.11748103097344"
    },
    {
      "id": "pt.ine.add.PTCONT.3785372",
      "street": "TV CHIEIRAS",
      "house": "214",
      "postcode": "4400-416",
      "city": "VILA NOVA DE GAIA",
      "lon": "-8.660181904349443",
      "lat": "41.118500591995925"
    },
    {
      "id": "pt.ine.add.PTCONT.3785585",
      "street": "RECANTO DE CHIEIRAS",
      "house": "100",
      "postcode": "4400-417",
      "city": "VILA NOVA DE GAIA",
      "lon": "-8.655939837235572",
      "lat": "41.118096714568715"
    },
    {
      "id": "pt.ine.add.PTCONT.3792551",
      "street": "RECANTO DE CHIEIRAS",
      "house": "155",
      "postcode": "4400-417",
      "city": "VILA NOVA DE GAIA",
      "lon": "-8.656533083549629",
      "lat": "41.11783289321294"
    },
    {
      "id": "pt.ine.add.PTCONT.3812464",
      "street": "R NOVA DO SOBREIRO",
      "house": "180",
      "postcode": "4400-590",
      "city": "VILA NOVA DE GAIA",
      "lon": "-8.655026538135342",
      "lat": "41.118542071201965"
    },
    {
      "id": "pt.ine.add.PTCONT.3812465",
      "street": "R NOVA DO SOBREIRO",
      "house": "180",
      "postcode": "4400-590",
      "city": "VILA NOVA DE GAIA",
      "lon": "-8.655026538135342",
      "lat": "41.118542071201965"
    },
    {
      "id": "pt.ine.add.PTCONT.3835421",
      "street": "RECANTO DE CHIEIRAS",
      "house": "145",
      "postcode": "4400-417",
      "city": "VILA NOVA DE GAIA",
      "lon": "-8.656759519186968",
      "lat": "41.11785887742276"
    },
    {
      "id": "pt.ine.add.PTCONT.3836106",
      "street": "TV BOUCAS",
      "house": "60",
      "postcode": "4400-388",
      "city": "VILA NOVA DE GAIA",
      "lon": "-8.654211470367446",
      "lat": "41.11936516101498"
    },
    {
      "id": "pt.ine.add.PTCONT.3840526",
      "street": "TV PEDRA ESCUSA",
      "house": "116",
      "postcode": "4400-544",
      "city": "VILA NOVA DE GAIA",
      "lon": "-8.656244146383376",
      "lat": "41.11893274222811"
    },
    {
      "id": "pt.ine.add.PTCONT.3840527",
      "street": "R CHIEIRAS",
      "house": "146",
      "postcode": "4400-415",
      "city": "VILA NOVA DE GAIA",
      "lon": "-8.657067509533487",
      "lat": "41.117659380321136"
    },
    {
      "id": "pt.ine.add.PTCONT.3842463",
      "street": "TV BOUCAS",
      "house": "103",
      "postcode": "4400-388",
      "city": "VILA NOVA DE GAIA",
      "lon": "-8.65435185687444",
      "lat": "41.119049372010835"
    },
    {
      "id": "pt.ine.add.PTCONT.3842464",
      "street": "TV BOUCAS",
      "house": "103",
      "postcode": "4400-388",
      "city": "VILA NOVA DE GAIA",
      "lon": "-8.65435185687444",
      "lat": "41.119049372010835"
    },
    {
      "id": "pt.ine.add.PTCONT.3848938",
      "street": "TV BOUCAS",
      "house": "77",
      "postcode": "4400-388",
      "city": "VILA NOVA DE GAIA",
      "lon": "-8.653877301338431",
      "lat": "41.11926762366301"
    },
    {
      "id": "pt.ine.add.PTCONT.3849387",
      "street": "R CHIEIRAS",
      "house": "222",
      "postcode": "4400-415",
      "city": "VILA NOVA DE GAIA",
      "lon": "-8.655127989429237",
      "lat": "41.11782125961542"
    },
    {
      "id": "pt.ine.add.PTCONT.3849404",
      "street": "R CHIEIRAS",
      "house": "222",
      "postcode": "4400-415",
      "city": "VILA NOVA DE GAIA",
      "lon": "-8.655127989429237",
      "lat": "41.11782125961542"
    },
    {
      "id": "pt.ine.add.PTCONT.3867411",
      "street": "R SOBREIRO",
      "house": "296",
      "postcode": "4400-590",
      "city": "VILA NOVA DE GAIA",
      "lon": "-8.653559549326811",
      "lat": "41.11823355370193"
    },
    {
      "id": "pt.ine.add.PTCONT.3867779",
      "street": "R BOUCAS",
      "house": "160",
      "postcode": "4400-387",
      "city": "VILA NOVA DE GAIA",
      "lon": "-8.654296383933673",
      "lat": "41.119562873647986"
    },
    {
      "id": "pt.ine.add.PTCONT.3871219",
      "street": "R NOVA DO SOBREIRO",
      "house": "182",
      "postcode": "4400-590",
      "city": "VILA NOVA DE GAIA",
      "lon": "-8.655361490237096",
      "lat": "41.118738650068465"
    },
    {
      "id": "pt.ine.add.PTCONT.3886944",
      "street": "TV BOUCAS",
      "house": "51",
      "postcode": "4400-388",
      "city": "VILA NOVA DE GAIA",
      "lon": "-8.653510258290174",
      "lat": "41.11953040974979"
    },
    {
      "id": "pt.ine.add.PTCONT.3886952",
      "street": "R BOUCAS",
      "house": "254",
      "postcode": "4400-387",
      "city": "VILA NOVA DE GAIA",
      "lon": "-8.656798315683172",
      "lat": "41.11824589023947"
    },
    {
      "id": "pt.ine.add.PTCONT.3900559",
      "street": "R CHIEIRAS",
      "house": "86",
      "postcode": "4400-415",
      "city": "VILA NOVA DE GAIA",
      "lon": "-8.656303502140068",
      "lat": "41.11741072924604"
    },
    {
      "id": "pt.ine.add.PTCONT.3904582",
      "street": "R PEDRA ESCUSA",
      "house": "100",
      "postcode": "4400-544",
      "city": "VILA NOVA DE GAIA",
      "lon": "-8.65679113267993",
      "lat": "41.11884021318465"
    },
    {
      "id": "pt.ine.add.PTCONT.3918741",
      "street": "R SOBREIRO",
      "house": "270",
      "postcode": "4400-590",
      "city": "VILA NOVA DE GAIA",
      "lon": "-8.653324264164882",
      "lat": "41.11859479233385"
    },
    {
      "id": "pt.ine.add.PTCONT.3918876",
      "street": "R SOBREIRO",
      "house": "270",
      "postcode": "4400-590",
      "city": "VILA NOVA DE GAIA",
      "lon": "-8.653324264164882",
      "lat": "41.11859479233385"
    },
    {
      "id": "pt.ine.add.PTCONT.3918877",
      "street": "R SOBREIRO",
      "house": "270",
      "postcode": "4400-590",
      "city": "VILA NOVA DE GAIA",
      "lon": "-8.653324264164882",
      "lat": "41.11859479233385"
    },
    {
      "id": "pt.ine.add.PTCONT.3918878",
      "street": "R SOBREIRO",
      "house": "270",
      "postcode": "4400-590",
      "city": "VILA NOVA DE GAIA",
      "lon": "-8.653324264164882",
      "lat": "41.11859479233385"
    },
    {
      "id": "pt.ine.add.PTCONT.3918879",
      "street": "R SOBREIRO",
      "house": "270",
      "postcode": "4400-590",
      "city": "VILA NOVA DE GAIA",
      "lon": "-8.653324264164882",
      "lat": "41.11859479233385"
    },
    {
      "id": "pt.ine.add.PTCONT.3918880",
      "street": "RECANTO DE CHIEIRAS",
      "house": "60",
      "postcode": "4400-417",
      "city": "VILA NOVA DE GAIA",
      "lon": "-8.655510563750214",
      "lat": "41.11801762228635"
    },
    {
      "id": "pt.ine.add.PTCONT.3920052",
      "street": "R SOBREIRO",
      "house": "270",
      "postcode": "4400-590",
      "city": "VILA NOVA DE GAIA",
      "lon": "-8.653324264164882",
      "lat": "41.11859479233385"
    },
    {
      "id": "pt.ine.add.PTCONT.3946495",
      "street": "R BOUCAS",
      "house": "112",
      "postcode": "4400-387",
      "city": "VILA NOVA DE GAIA",
      "lon": "-8.654595476405305",
      "lat": "41.119741608129736"
    },
    {
      "id": "pt.ine.add.PTCONT.3946496",
      "street": "R BOUCAS",
      "house": "112",
      "postcode": "4400-387",
      "city": "VILA NOVA DE GAIA",
      "lon": "-8.654595476405305",
      "lat": "41.119741608129736"
    },
    {
      "id": "pt.ine.add.PTCONT.3946497",
      "street": "R BOUCAS",
      "house": "112",
      "postcode": "4400-387",
      "city": "VILA NOVA DE GAIA",
      "lon": "-8.654595476405305",
      "lat": "41.119741608129736"
    },
    {
      "id": "pt.ine.add.PTCONT.3946498",
      "street": "R BOUCAS",
      "house": "112",
      "postcode": "4400-387",
      "city": "VILA NOVA DE GAIA",
      "lon": "-8.654595476405305",
      "lat": "41.119741608129736"
    },
    {
      "id": "pt.ine.add.PTCONT.3946499",
      "street": "R BOUCAS",
      "house": "112",
      "postcode": "4400-387",
      "city": "VILA NOVA DE GAIA",
      "lon": "-8.654595476405305",
      "lat": "41.119741608129736"
    },
    {
      "id": "pt.ine.add.PTCONT.3946500",
      "street": "R BOUCAS",
      "house": "112",
      "postcode": "4400-387",
      "city": "VILA NOVA DE GAIA",
      "lon": "-8.654595476405305",
      "lat": "41.119741608129736"
    },
    {
      "id": "pt.ine.add.PTCONT.3946501",
      "street": "R BOUCAS",
      "house": "112",
      "postcode": "4400-387",
      "city": "VILA NOVA DE GAIA",
      "lon": "-8.654595476405305",
      "lat": "41.119741608129736"
    },
    {
      "id": "pt.ine.add.PTCONT.3946502",
      "street": "R BOUCAS",
      "house": "112",
      "postcode": "4400-387",
      "city": "VILA NOVA DE GAIA",
      "lon": "-8.654595476405305",
      "lat": "41.119741608129736"
    },
    {
      "id": "pt.ine.add.PTCONT.3946503",
      "street": "R BOUCAS",
      "house": "112",
      "postcode": "4400-387",
      "city": "VILA NOVA DE GAIA",
      "lon": "-8.654595476405305",
      "lat": "41.119741608129736"
    },
    {
      "id": "pt.ine.add.PTCONT.3946504",
      "street": "R BOUCAS",
      "house": "112",
      "postcode": "4400-387",
      "city": "VILA NOVA DE GAIA",
      "lon": "-8.654595476405305",
      "lat": "41.119741608129736"
    },
    {
      "id": "pt.ine.add.PTCONT.3946505",
      "street": "R BOUCAS",
      "house": "112",
      "postcode": "4400-387",
      "city": "VILA NOVA DE GAIA",
      "lon": "-8.654595476405305",
      "lat": "41.119741608129736"
    },
    {
      "id": "pt.ine.add.PTCONT.3946557",
      "street": "R BOUCAS",
      "house": "112",
      "postcode": "4400-387",
      "city": "VILA NOVA DE GAIA",
      "lon": "-8.654595476405305",
      "lat": "41.119741608129736"
    },
    {
      "id": "pt.ine.add.PTCONT.3951720",
      "street": "TV CHIEIRAS",
      "house": "238",
      "postcode": "4400-416",
      "city": "VILA NOVA DE GAIA",
      "lon": "-8.660409856953509",
      "lat": "41.1187156544309"
    },
    {
      "id": "pt.ine.add.PTCONT.3951721",
      "street": "TV CHIEIRAS",
      "house": "238",
      "postcode": "4400-416",
      "city": "VILA NOVA DE GAIA",
      "lon": "-8.660409856953509",
      "lat": "41.1187156544309"
    },
    {
      "id": "pt.ine.add.PTCONT.3958115",
      "street": "R SOBREIRO",
      "house": "246",
      "postcode": "4400-590",
      "city": "VILA NOVA DE GAIA",
      "lon": "-8.653051977676368",
      "lat": "41.11879411828836"
    },
    {
      "id": "pt.ine.add.PTCONT.3958601",
      "street": "RECANTO DE CHIEIRAS",
      "house": "155",
      "postcode": "4400-417",
      "city": "VILA NOVA DE GAIA",
      "lon": "-8.656390207152262",
      "lat": "41.11783354225537"
    },
    {
      "id": "pt.ine.add.PTCONT.3973714",
      "street": "R PEDRA ESCUSA",
      "house": "100",
      "postcode": "4400-544",
      "city": "VILA NOVA DE GAIA",
      "lon": "-8.65620195324731",
      "lat": "41.119617268012284"
    },
    {
      "id": "pt.ine.add.PTCONT.3973715",
      "street": "TV PEDRA ESCUSA",
      "house": "63",
      "postcode": "4400-544",
      "city": "VILA NOVA DE GAIA",
      "lon": "-8.655935504539986",
      "lat": "41.11905120047394"
    },
    {
      "id": "pt.ine.add.PTCONT.4002768",
      "street": "R FLOWER",
      "house": "763",
      "postcode": "4400-457",
      "city": "VILA NOVA DE GAIA",
      "lon": "-8.65925013656033",
      "lat": "41.11961239190283"
    },
    {
      "id": "pt.ine.add.PTCONT.4002815",
      "street": "R NOVA DO SOBREIRO",
      "house": "117",
      "postcode": "4400-590",
      "city": "VILA NOVA DE GAIA",
      "lon": "-8.654096264868976",
      "lat": "41.118348185029504"
    },
    {
      "id": "pt.ine.add.PTCONT.4009257",
      "street": "R NOVA DO SOBREIRO",
      "house": "15",
      "postcode": "4400-590",
      "city": "VILA NOVA DE GAIA",
      "lon": "-8.654836319376662",
      "lat": "41.11857895037699"
    },
    {
      "id": "pt.ine.add.PTCONT.4009258",
      "street": "R NOVA DO SOBREIRO",
      "house": "162",
      "postcode": "4400-590",
      "city": "VILA NOVA DE GAIA",
      "lon": "-8.654893926576337",
      "lat": "41.11833557071268"
    },
    {
      "id": "pt.ine.add.PTCONT.4015735",
      "street": "R PEDRA ESCUSA",
      "house": "125",
      "postcode": "4400-544",
      "city": "VILA NOVA DE GAIA",
      "lon": "-8.655916621398548",
      "lat": "41.119672589580226"
    },
    {
      "id": "pt.ine.add.PTCONT.4015772",
      "street": "R CHIEIRAS",
      "house": "64",
      "postcode": "4400-415",
      "city": "VILA NOVA DE GAIA",
      "lon": "-8.655886353309906",
      "lat": "41.11735859648779"
    },
    {
      "id": "pt.ine.add.PTCONT.4022333",
      "street": "RECANTO DE CHIEIRAS",
      "house": "176",
      "postcode": "4400-417",
      "city": "VILA NOVA DE GAIA",
      "lon": "-8.656594761554153",
      "lat": "41.11810274495439"
    },
    {
      "id": "pt.ine.add.PTCONT.4027503",
      "street": "TV FLOWER",
      "house": "747",
      "postcode": "4400-457",
      "city": "VILA NOVA DE GAIA",
      "lon": "-8.657774998348998",
      "lat": "41.119781198443306"
    },
    {
      "id": "pt.ine.add.PTCONT.4027504",
      "street": "R PEDRA ESCUSA",
      "house": "75",
      "postcode": "4400-544",
      "city": "VILA NOVA DE GAIA",
      "lon": "-8.655917193006633",
      "lat": "41.119744622160304"
    },
    {
      "id": "pt.ine.add.PTCONT.4048532",
      "street": "TV PEDRA ESCUSA",
      "house": "57",
      "postcode": "4400-544",
      "city": "VILA NOVA DE GAIA",
      "lon": "-8.655939005722002",
      "lat": "41.119492400059166"
    },
    {
      "id": "pt.ine.add.PTCONT.4054205",
      "street": "R PEDRA ESCUSA",
      "house": "100",
      "postcode": "4400-544",
      "city": "VILA NOVA DE GAIA",
      "lon": "-8.656186472192973",
      "lat": "41.1191671184427"
    },
    {
      "id": "pt.ine.add.PTCONT.4054319",
      "street": "R BOUCAS",
      "house": "254",
      "postcode": "4400-387",
      "city": "VILA NOVA DE GAIA",
      "lon": "-8.657580413612811",
      "lat": "41.11777410371613"
    },
    {
      "id": "pt.ine.add.PTCONT.4068596",
      "street": "R BOUCAS",
      "house": "254",
      "postcode": "4400-387",
      "city": "VILA NOVA DE GAIA",
      "lon": "-8.656918860126813",
      "lat": "41.11992916456495"
    },
    {
      "id": "pt.ine.add.PTCONT.4075771",
      "street": "TV BOUCAS",
      "house": "45",
      "postcode": "4400-388",
      "city": "VILA NOVA DE GAIA",
      "lon": "-8.653497427053663",
      "lat": "41.119413410540254"
    },
    {
      "id": "pt.ine.add.PTCONT.4101295",
      "street": "R FLOWER",
      "house": "649",
      "postcode": "4400-457",
      "city": "VILA NOVA DE GAIA",
      "lon": "-8.65903128808032",
      "lat": "41.119046114166096"
    },
    {
      "id": "pt.ine.add.PTCONT.4101296",
      "street": "TV PEDRA ESCUSA",
      "house": "116",
      "postcode": "4400-544",
      "city": "VILA NOVA DE GAIA",
      "lon": "-8.655840037522061",
      "lat": "41.11902462048394"
    },
    {
      "id": "pt.ine.add.PTCONT.4101313",
      "street": "R NOVA DO SOBREIRO",
      "house": "154",
      "postcode": "4400-590",
      "city": "VILA NOVA DE GAIA",
      "lon": "-8.654644888738463",
      "lat": "41.118462759944094"
    },
    {
      "id": "pt.ine.add.PTCONT.4107614",
      "street": "R CHIEIRAS",
      "house": "134",
      "postcode": "4400-415",
      "city": "VILA NOVA DE GAIA",
      "lon": "-8.657056748827252",
      "lat": "41.11780349965338"
    },
    {
      "id": "pt.ine.add.PTCONT.4114967",
      "street": "TV CHIEIRAS",
      "house": "224",
      "postcode": "4400-416",
      "city": "VILA NOVA DE GAIA",
      "lon": "-8.660291151999816",
      "lat": "41.11876121966645"
    },
    {
      "id": "pt.ine.add.PTCONT.4120876",
      "street": "R FLOWER",
      "house": "907",
      "postcode": "4400-457",
      "city": "VILA NOVA DE GAIA",
      "lon": "-8.66049522066351",
      "lat": "41.11896738681327"
    },
    {
      "id": "pt.ine.add.PTCONT.4121385",
      "street": "R DAS BOUÇAS",
      "house": "62-78",
      "postcode": "4400-991",
      "city": "VILA NOVA DE GAIA",
      "lon": "-8.655187958059509",
      "lat": "41.119378748837455"
    },
    {
      "id": "pt.ine.add.PTCONT.4127037",
      "street": "TV BOUCAS",
      "house": "25",
      "postcode": "4400-388",
      "city": "VILA NOVA DE GAIA",
      "lon": "-8.653366240512797",
      "lat": "41.11938698984027"
    },
    {
      "id": "pt.ine.add.PTCONT.4127054",
      "street": "R BOUCAS",
      "house": "254",
      "postcode": "4400-387",
      "city": "VILA NOVA DE GAIA",
      "lon": "-8.655189955887936",
      "lat": "41.119630862906014"
    },
    {
      "id": "pt.ine.add.PTCONT.4136520",
      "street": "R PEDRA ESCUSA",
      "house": "100",
      "postcode": "4400-544",
      "city": "VILA NOVA DE GAIA",
      "lon": "-8.657020149476134",
      "lat": "41.11919034345313"
    },
    {
      "id": "pt.ine.add.PTCONT.4166707",
      "street": "R NOVA DO SOBREIRO",
      "house": "86",
      "postcode": "4400-590",
      "city": "VILA NOVA DE GAIA",
      "lon": "-8.654370897132553",
      "lat": "41.1184459911604"
    },
    {
      "id": "pt.ine.add.PTCONT.4168997",
      "street": "RECANTO DE CHIEIRAS",
      "house": "76",
      "postcode": "4400-417",
      "city": "VILA NOVA DE GAIA",
      "lon": "-8.655559188927803",
      "lat": "41.11814346337952"
    },
    {
      "id": "pt.ine.add.PTCONT.4179563",
      "street": "TV FLOWER",
      "house": "613",
      "postcode": "4400-457",
      "city": "VILA NOVA DE GAIA",
      "lon": "-8.657608447687009",
      "lat": "41.11979996560826"
    },
    {
      "id": "pt.ine.add.PTCONT.4182409",
      "street": "R NOVA DO SOBREIRO",
      "house": "143",
      "postcode": "4400-590",
      "city": "VILA NOVA DE GAIA",
      "lon": "-8.654178755596345",
      "lat": "41.11823975917191"
    },
    {
      "id": "pt.ine.add.PTCONT.4193292",
      "street": "TV CHIEIRAS",
      "house": "250",
      "postcode": "4400-416",
      "city": "VILA NOVA DE GAIA",
      "lon": "-8.660528201349333",
      "lat": "41.11862506873608"
    },
    {
      "id": "pt.ine.add.PTCONT.4199349",
      "street": "R NOVA DO SOBREIRO",
      "house": "173",
      "postcode": "4400-590",
      "city": "VILA NOVA DE GAIA",
      "lon": "-8.654786055503612",
      "lat": "41.1182460152278"
    },
    {
      "id": "pt.ine.add.PTCONT.4201046",
      "street": "R NOVA SOBREIRO",
      "house": "86",
      "postcode": "4400-590",
      "city": "VILA NOVA DE GAIA",
      "lon": "-8.654014984068379",
      "lat": "41.118609680138086"
    },
    {
      "id": "pt.ine.add.PTCONT.4208523",
      "street": "R PEDRA ESCUSA",
      "house": "140",
      "postcode": "4400-544",
      "city": "VILA NOVA DE GAIA",
      "lon": "-8.655903857309928",
      "lat": "41.11956459474005"
    },
    {
      "id": "pt.ine.add.PTCONT.4208524",
      "street": "TV BOUCAS",
      "house": "28",
      "postcode": "4400-388",
      "city": "VILA NOVA DE GAIA",
      "lon": "-8.65386752980856",
      "lat": "41.119537799761694"
    },
    {
      "id": "pt.ine.add.PTCONT.4225298",
      "street": "R FLOWER",
      "house": "919",
      "postcode": "4400-457",
      "city": "VILA NOVA DE GAIA",
      "lon": "-8.660529931241818",
      "lat": "41.118841166353306"
    },
    {
      "id": "pt.ine.add.PTCONT.4225299",
      "street": "R PEDRA ESCUSA",
      "house": "100",
      "postcode": "4400-544",
      "city": "VILA NOVA DE GAIA",
      "lon": "-8.656330209561363",
      "lat": "41.119274518507964"
    },
    {
      "id": "pt.ine.add.PTCONT.4225318",
      "street": "R CHIEIRAS",
      "house": "122",
      "postcode": "4400-415",
      "city": "VILA NOVA DE GAIA",
      "lon": "-8.656865030277388",
      "lat": "41.117651296606965"
    },
    {
      "id": "pt.ine.add.PTCONT.4239151",
      "street": "TV BOUCAS",
      "house": "83",
      "postcode": "4400-388",
      "city": "VILA NOVA DE GAIA",
      "lon": "-8.654019824949803",
      "lat": "41.11922195733873"
    },
    {
      "id": "pt.ine.add.PTCONT.4245181",
      "street": "TV FLOWER",
      "house": "557",
      "postcode": "4400-457",
      "city": "VILA NOVA DE GAIA",
      "lon": "-8.657014042479007",
      "lat": "41.11991972736406"
    },
    {
      "id": "pt.ine.add.PTCONT.4245203",
      "street": "R CHIEIRAS",
      "house": "72",
      "postcode": "4400-415",
      "city": "VILA NOVA DE GAIA",
      "lon": "-8.656149149224158",
      "lat": "41.117465456507475"
    },
    {
      "id": "pt.ine.add.PTCONT.4247464",
      "street": "R PEDRA ESCUSA",
      "house": "100",
      "postcode": "4400-544",
      "city": "VILA NOVA DE GAIA",
      "lon": "-8.656151896078649",
      "lat": "41.11931134578332"
    },
    {
      "id": "pt.ine.add.PTCONT.4247465",
      "street": "R BOUCAS",
      "house": "40",
      "postcode": "4400-387",
      "city": "VILA NOVA DE GAIA",
      "lon": "-8.655534607405595",
      "lat": "41.11954826096566"
    },
    {
      "id": "pt.ine.add.PTCONT.4247466",
      "street": "TV BOUCAS",
      "house": "288",
      "postcode": "4400-388",
      "city": "VILA NOVA DE GAIA",
      "lon": "-8.653269992049628",
      "lat": "41.119261362873246"
    },
    {
      "id": "pt.ine.add.PTCONT.4264589",
      "street": "R NOVA DO SOBREIRO",
      "house": "76",
      "postcode": "4400-590",
      "city": "VILA NOVA DE GAIA",
      "lon": "-8.653895847780689",
      "lat": "41.11860121434791"
    },
    {
      "id": "pt.ine.add.PTCONT.4265084",
      "street": "R CHIEIRAS",
      "house": "92",
      "postcode": "4400-415",
      "city": "VILA NOVA DE GAIA",
      "lon": "-8.656506195175407",
      "lat": "41.11744582617799"
    },
    {
      "id": "pt.ine.add.PTCONT.4271378",
      "street": "TV FLOWER",
      "house": "51",
      "postcode": "4400-457",
      "city": "VILA NOVA DE GAIA",
      "lon": "-8.658806140704968",
      "lat": "41.11918220770409"
    },
    {
      "id": "pt.ine.add.PTCONT.4276858",
      "street": "R NOVA DO SOBREIRO",
      "house": "86",
      "postcode": "4400-590",
      "city": "VILA NOVA DE GAIA",
      "lon": "-8.65408720631724",
      "lat": "41.11870840195145"
    },
    {
      "id": "pt.ine.add.PTCONT.4276859",
      "street": "RECANTO DE CHIEIRAS",
      "house": "58",
      "postcode": "4400-417",
      "city": "VILA NOVA DE GAIA",
      "lon": "-8.655533020063904",
      "lat": "41.117846436865214"
    },
    {
      "id": "pt.ine.add.PTCONT.4278902",
      "street": "TV BOUCAS",
      "house": "81",
      "postcode": "4400-388",
      "city": "VILA NOVA DE GAIA",
      "lon": "-8.653746968781022",
      "lat": "41.11934925230937"
    },
    {
      "id": "pt.ine.add.PTCONT.4291961",
      "street": "RECANTO DE CHIEIRAS",
      "house": "78",
      "postcode": "4400-417",
      "city": "VILA NOVA DE GAIA",
      "lon": "-8.655820987385022",
      "lat": "41.118124267064886"
    },
    {
      "id": "pt.ine.add.PTCONT.4291975",
      "street": "R CHIEIRAS",
      "house": "164",
      "postcode": "4400-415",
      "city": "VILA NOVA DE GAIA",
      "lon": "-8.657138016571787",
      "lat": "41.11754200244042"
    },
    {
      "id": "pt.ine.add.PTCONT.4292654",
      "street": "RECANTO DE CHIEIRAS",
      "house": "25",
      "postcode": "4400-417",
      "city": "VILA NOVA DE GAIA",
      "lon": "-8.655815915658204",
      "lat": "41.117484977694495"
    },
    {
      "id": "pt.ine.add.PTCONT.4298326",
      "street": "R CHIEIRAS",
      "house": "2",
      "postcode": "4400-415",
      "city": "VILA NOVA DE GAIA",
      "lon": "-8.65476744783216",
      "lat": "41.11739968589257"
    },
    {
      "id": "pt.ine.add.PTCONT.4298327",
      "street": "R CHIEIRAS",
      "house": "2",
      "postcode": "4400-415",
      "city": "VILA NOVA DE GAIA",
      "lon": "-8.65476744783216",
      "lat": "41.11739968589257"
    },
    {
      "id": "pt.ine.add.PTCONT.4298328",
      "street": "R CHIEIRAS",
      "house": "2",
      "postcode": "4400-415",
      "city": "VILA NOVA DE GAIA",
      "lon": "-8.65476744783216",
      "lat": "41.11739968589257"
    },
    {
      "id": "pt.ine.add.PTCONT.4298329",
      "street": "R CHIEIRAS",
      "house": "2",
      "postcode": "4400-415",
      "city": "VILA NOVA DE GAIA",
      "lon": "-8.65476744783216",
      "lat": "41.11739968589257"
    },
    {
      "id": "pt.ine.add.PTCONT.4298330",
      "street": "R CHIEIRAS",
      "house": "2",
      "postcode": "4400-415",
      "city": "VILA NOVA DE GAIA",
      "lon": "-8.65476744783216",
      "lat": "41.11739968589257"
    },
    {
      "id": "pt.ine.add.PTCONT.4298331",
      "street": "R CHIEIRAS",
      "house": "2",
      "postcode": "4400-415",
      "city": "VILA NOVA DE GAIA",
      "lon": "-8.65476744783216",
      "lat": "41.11739968589257"
    },
    {
      "id": "pt.ine.add.PTCONT.4298332",
      "street": "R CHIEIRAS",
      "house": "2",
      "postcode": "4400-415",
      "city": "VILA NOVA DE GAIA",
      "lon": "-8.65476744783216",
      "lat": "41.11739968589257"
    },
    {
      "id": "pt.ine.add.PTCONT.4298333",
      "street": "R CHIEIRAS",
      "house": "2",
      "postcode": "4400-415",
      "city": "VILA NOVA DE GAIA",
      "lon": "-8.65476744783216",
      "lat": "41.11739968589257"
    },
    {
      "id": "pt.ine.add.PTCONT.4298334",
      "street": "R CHIEIRAS",
      "house": "2",
      "postcode": "4400-415",
      "city": "VILA NOVA DE GAIA",
      "lon": "-8.65476744783216",
      "lat": "41.11739968589257"
    },
    {
      "id": "pt.ine.add.PTCONT.4298432",
      "street": "R CHIEIRAS",
      "house": "2",
      "postcode": "4400-415",
      "city": "VILA NOVA DE GAIA",
      "lon": "-8.65476744783216",
      "lat": "41.11739968589257"
    },
    {
      "id": "pt.ine.add.PTCONT.4298433",
      "street": "R CHIEIRAS",
      "house": "2",
      "postcode": "4400-415",
      "city": "VILA NOVA DE GAIA",
      "lon": "-8.65476744783216",
      "lat": "41.11739968589257"
    },
    {
      "id": "pt.ine.add.PTCONT.4298657",
      "street": "R CHIEIRAS",
      "house": "2",
      "postcode": "4400-415",
      "city": "VILA NOVA DE GAIA",
      "lon": "-8.65476744783216",
      "lat": "41.11739968589257"
    },
    {
      "id": "pt.ine.add.PTCONT.4298845",
      "street": "R PEDRA ESCUSA",
      "house": "74",
      "postcode": "4400-544",
      "city": "VILA NOVA DE GAIA",
      "lon": "-8.656892684342717",
      "lat": "41.119632138492456"
    },
    {
      "id": "pt.ine.add.PTCONT.4305087",
      "street": "R PEDRA ESCUSA",
      "house": "100",
      "postcode": "4400-544",
      "city": "VILA NOVA DE GAIA",
      "lon": "-8.657593817120876",
      "lat": "41.119457865146735"
    },
    {
      "id": "pt.ine.add.PTCONT.4318278",
      "street": "TV FLOWER",
      "house": "565",
      "postcode": "4400-457",
      "city": "VILA NOVA DE GAIA",
      "lon": "-8.657370671536713",
      "lat": "41.119846069863286"
    },
    {
      "id": "pt.ine.add.PTCONT.4318313",
      "street": "R CHIEIRAS",
      "house": "180",
      "postcode": "4400-415",
      "city": "VILA NOVA DE GAIA",
      "lon": "-8.657316396345822",
      "lat": "41.117514177733426"
    },
    {
      "id": "pt.ine.add.PTCONT.4327896",
      "street": "TV PEDRA ESCUSA",
      "house": "81",
      "postcode": "4400-544",
      "city": "VILA NOVA DE GAIA",
      "lon": "-8.655949126021511",
      "lat": "41.1192672441994"
    },
    {
      "id": "pt.ine.add.PTCONT.4337986",
      "street": "R NOVA DO SOBREIRO",
      "house": "94",
      "postcode": "4400-590",
      "city": "VILA NOVA DE GAIA",
      "lon": "-8.654467502728556",
      "lat": "41.11861663760174"
    },
    {
      "id": "pt.ine.add.PTCONT.4340275",
      "street": "R PEDRA ESCUSA",
      "house": "100",
      "postcode": "4400-544",
      "city": "VILA NOVA DE GAIA",
      "lon": "-8.657077033032358",
      "lat": "41.11885692204667"
    },
    {
      "id": "pt.ine.add.PTCONT.4340276",
      "street": "R CHIEIRAS",
      "house": "34",
      "postcode": "4400-415",
      "city": "VILA NOVA DE GAIA",
      "lon": "-8.65518416800876",
      "lat": "41.11739779824275"
    }
  ]
}