{
  "data": {
    "distrito": "Braga",
    "concelho": "Vila Nova de Famalicão",
    "freguesia": "Oliveira (Santa Maria)",
    "OBJECTID": 242,
    "BGRI2021": "03123900215",
    "DT21": "03",
    "DTMN21": "0312",
    "DTMNFR21": "031239",
    "DTMNFRSEC21": "031239002",
    "SECNUM21": "002",
    "SSNUM21": "15",
    "SECSSNUM21": "00215",
    "OBJECTID_1": 31308,
    "DT": "03",
    "CC": "12",
    "fr": "39",
    "SEC": "002",
    "SS": "15"
  },
  "addresses": [
    {
      "id": "pt.ine.add.PTCONT.466708",
      "street": "R PAZ",
      "house": "127",
      "postcode": "4765-343",
      "city": "SANTA MARIA OLIVEIRA",
      "lon": "-8.394702720949631",
      "lat": "41.405085908755574"
    },
    {
      "id": "pt.ine.add.PTCONT.469721",
      "street": "R PAZ",
      "house": "89",
      "postcode": "4765-343",
      "city": "SANTA MARIA OLIVEIRA",
      "lon": "-8.3946185384478",
      "lat": "41.404969048262544"
    },
    {
      "id": "pt.ine.add.PTCONT.469727",
      "street": "R VISTA ALEGRE",
      "house": "257",
      "postcode": "4765-346",
      "city": "SANTA MARIA OLIVEIRA",
      "lon": "-8.398570555676221",
      "lat": "41.40338430023663"
    },
    {
      "id": "pt.ine.add.PTCONT.475978",
      "street": "R VISTA ALEGRE",
      "house": "549",
      "postcode": "4765-346",
      "city": "SANTA MARIA OLIVEIRA",
      "lon": "-8.400207153567806",
      "lat": "41.405874617662924"
    },
    {
      "id": "pt.ine.add.PTCONT.476997",
      "street": "R SEARA",
      "house": "41",
      "postcode": "4765-333",
      "city": "SANTA MARIA OLIVEIRA",
      "lon": "-8.402622214273503",
      "lat": "41.4028076299256"
    },
    {
      "id": "pt.ine.add.PTCONT.487827",
      "street": "R BOAVISTA",
      "house": "55",
      "postcode": "4765-322",
      "city": "SANTA MARIA OLIVEIRA",
      "lon": "-8.399180913049314",
      "lat": "41.400564640694625"
    },
    {
      "id": "pt.ine.add.PTCONT.492814",
      "street": "TV BOAVISTA",
      "house": "20",
      "postcode": "4765-322",
      "city": "SANTA MARIA OLIVEIRA",
      "lon": "-8.398858738717335",
      "lat": "41.40073646113455"
    },
    {
      "id": "pt.ine.add.PTCONT.499447",
      "street": "R SEMELHAOS",
      "house": "",
      "postcode": "4765-344",
      "city": "SANTA MARIA OLIVEIRA",
      "lon": "-8.395606896238206",
      "lat": "41.40391333096206"
    },
    {
      "id": "pt.ine.add.PTCONT.502494",
      "street": "AV MOSTEIRO",
      "house": "528",
      "postcode": "4765-802",
      "city": "SANTA MARIA OLIVEIRA",
      "lon": "-8.402194455321586",
      "lat": "41.4063742105156"
    },
    {
      "id": "pt.ine.add.PTCONT.502819",
      "street": "R CARVALHEIRAS",
      "house": "96",
      "postcode": "4765-333",
      "city": "SANTA MARIA OLIVEIRA",
      "lon": "-8.401488406802033",
      "lat": "41.40335952350367"
    },
    {
      "id": "pt.ine.add.PTCONT.505475",
      "street": "TV PAZ",
      "house": "",
      "postcode": "4765-343",
      "city": "SANTA MARIA OLIVEIRA",
      "lon": "-8.393480563725895",
      "lat": "41.40450342154901"
    },
    {
      "id": "pt.ine.add.PTCONT.516452",
      "street": "AV MOSTEIRO",
      "house": "18",
      "postcode": "4765-802",
      "city": "SANTA MARIA OLIVEIRA",
      "lon": "-8.405340085837391",
      "lat": "41.40358457891834"
    },
    {
      "id": "pt.ine.add.PTCONT.516453",
      "street": "AV MOSTEIRO",
      "house": "18",
      "postcode": "4765-802",
      "city": "SANTA MARIA OLIVEIRA",
      "lon": "-8.405340085837391",
      "lat": "41.40358457891834"
    },
    {
      "id": "pt.ine.add.PTCONT.516723",
      "street": "AV MOSTEIRO",
      "house": "568",
      "postcode": "4765-802",
      "city": "SANTA MARIA OLIVEIRA",
      "lon": "-8.401560466454521",
      "lat": "41.40633967548402"
    },
    {
      "id": "pt.ine.add.PTCONT.516724",
      "street": "AV MOSTEIRO",
      "house": "568",
      "postcode": "4765-802",
      "city": "SANTA MARIA OLIVEIRA",
      "lon": "-8.401560466454521",
      "lat": "41.40633967548402"
    },
    {
      "id": "pt.ine.add.PTCONT.516725",
      "street": "AV MOSTEIRO",
      "house": "568",
      "postcode": "4765-802",
      "city": "SANTA MARIA OLIVEIRA",
      "lon": "-8.401560466454521",
      "lat": "41.40633967548402"
    },
    {
      "id": "pt.ine.add.PTCONT.517674",
      "street": "AV MOSTEIRO",
      "house": "568",
      "postcode": "4765-802",
      "city": "SANTA MARIA OLIVEIRA",
      "lon": "-8.401560466454521",
      "lat": "41.40633967548402"
    },
    {
      "id": "pt.ine.add.PTCONT.526414",
      "street": "AV MOSTEIRO",
      "house": "2 N",
      "postcode": "4765-802",
      "city": "SANTA MARIA OLIVEIRA",
      "lon": "-8.405040704370334",
      "lat": "41.40348624295559"
    },
    {
      "id": "pt.ine.add.PTCONT.526415",
      "street": "AV MOSTEIRO",
      "house": "25",
      "postcode": "4765-802",
      "city": "SANTA MARIA OLIVEIRA",
      "lon": "-8.405040704370334",
      "lat": "41.40348624295559"
    },
    {
      "id": "pt.ine.add.PTCONT.533390",
      "street": "R SEMELHAOS",
      "house": "",
      "postcode": "4765-344",
      "city": "SANTA MARIA OLIVEIRA",
      "lon": "-8.397041079132132",
      "lat": "41.40369395439777"
    },
    {
      "id": "pt.ine.add.PTCONT.544569",
      "street": "R S MARTINHO",
      "house": "83",
      "postcode": "4765-343",
      "city": "SANTA MARIA OLIVEIRA",
      "lon": "-8.394655931909975",
      "lat": "41.40534713077898"
    },
    {
      "id": "pt.ine.add.PTCONT.550200",
      "street": "R CARVALHEIRAS",
      "house": "106",
      "postcode": "4765-333",
      "city": "SANTA MARIA OLIVEIRA",
      "lon": "-8.401799333115111",
      "lat": "41.40335879786279"
    },
    {
      "id": "pt.ine.add.PTCONT.553526",
      "street": "R SEARA",
      "house": "51",
      "postcode": "4765-333",
      "city": "SANTA MARIA OLIVEIRA",
      "lon": "-8.402489888779135",
      "lat": "41.40261885597592"
    },
    {
      "id": "pt.ine.add.PTCONT.554308",
      "street": "TV BOAVISTA",
      "house": "35",
      "postcode": "4765-322",
      "city": "SANTA MARIA OLIVEIRA",
      "lon": "-8.398512609536821",
      "lat": "41.40089933192972"
    },
    {
      "id": "pt.ine.add.PTCONT.568744",
      "street": "R S MARTINHO",
      "house": "153",
      "postcode": "4765-343",
      "city": "SANTA MARIA OLIVEIRA",
      "lon": "-8.395336259794812",
      "lat": "41.4050124347568"
    },
    {
      "id": "pt.ine.add.PTCONT.576594",
      "street": "AV MOSTEIRO",
      "house": "526",
      "postcode": "4765-802",
      "city": "SANTA MARIA OLIVEIRA",
      "lon": "-8.40218130738566",
      "lat": "41.40608611371306"
    },
    {
      "id": "pt.ine.add.PTCONT.579267",
      "street": "AV MOSTEIRO",
      "house": "634",
      "postcode": "4765-802",
      "city": "SANTA MARIA OLIVEIRA",
      "lon": "-8.400986385410098",
      "lat": "41.4063320094592"
    },
    {
      "id": "pt.ine.add.PTCONT.594173",
      "street": "AV MOSTEIRO",
      "house": "472",
      "postcode": "4765-802",
      "city": "SANTA MARIA OLIVEIRA",
      "lon": "-8.403018675180247",
      "lat": "41.40613817639641"
    },
    {
      "id": "pt.ine.add.PTCONT.595958",
      "street": "AV MOSTEIRO",
      "house": "196",
      "postcode": "4765-802",
      "city": "SANTA MARIA OLIVEIRA",
      "lon": "-8.405621644843304",
      "lat": "41.405141602441184"
    },
    {
      "id": "pt.ine.add.PTCONT.595959",
      "street": "AV MOSTEIRO",
      "house": "176",
      "postcode": "4765-802",
      "city": "SANTA MARIA OLIVEIRA",
      "lon": "-8.405692759306362",
      "lat": "41.404988366206034"
    },
    {
      "id": "pt.ine.add.PTCONT.597181",
      "street": "AV MOSTEIRO",
      "house": "176",
      "postcode": "4765-802",
      "city": "SANTA MARIA OLIVEIRA",
      "lon": "-8.405692759306362",
      "lat": "41.404988366206034"
    },
    {
      "id": "pt.ine.add.PTCONT.598690",
      "street": "R PAZ",
      "house": "38",
      "postcode": "4765-343",
      "city": "SANTA MARIA OLIVEIRA",
      "lon": "-8.394164852992827",
      "lat": "41.40515916224566"
    },
    {
      "id": "pt.ine.add.PTCONT.602514",
      "street": "R SEMELHAOS",
      "house": "225",
      "postcode": "4765-344",
      "city": "SANTA MARIA OLIVEIRA",
      "lon": "-8.397172224638497",
      "lat": "41.40359460960605"
    },
    {
      "id": "pt.ine.add.PTCONT.641049",
      "street": "R BOUCA DE FRADES",
      "house": "25",
      "postcode": "4765-354",
      "city": "SANTA MARIA OLIVEIRA",
      "lon": "-8.404787246027501",
      "lat": "41.40292859427513"
    },
    {
      "id": "pt.ine.add.PTCONT.643753",
      "street": "TV SEARA",
      "house": "71",
      "postcode": "4765-333",
      "city": "SANTA MARIA OLIVEIRA",
      "lon": "-8.400681928793164",
      "lat": "41.40208283494604"
    },
    {
      "id": "pt.ine.add.PTCONT.643754",
      "street": "TV SEARA",
      "house": "71",
      "postcode": "4765-333",
      "city": "SANTA MARIA OLIVEIRA",
      "lon": "-8.400681928793164",
      "lat": "41.40208283494604"
    },
    {
      "id": "pt.ine.add.PTCONT.661439",
      "street": "TV BOAVISTA",
      "house": "25",
      "postcode": "4765-322",
      "city": "SANTA MARIA OLIVEIRA",
      "lon": "-8.398678045729872",
      "lat": "41.40041273449179"
    },
    {
      "id": "pt.ine.add.PTCONT.667303",
      "street": "AV MOSTEIRO",
      "house": "284",
      "postcode": "4765-802",
      "city": "SANTA MARIA OLIVEIRA",
      "lon": "-8.40503737928981",
      "lat": "41.40555716813162"
    },
    {
      "id": "pt.ine.add.PTCONT.667304",
      "street": "AV MOSTEIRO",
      "house": "284",
      "postcode": "4765-802",
      "city": "SANTA MARIA OLIVEIRA",
      "lon": "-8.40503737928981",
      "lat": "41.40555716813162"
    },
    {
      "id": "pt.ine.add.PTCONT.670336",
      "street": "AV MOSTEIRO",
      "house": "518",
      "postcode": "4765-802",
      "city": "SANTA MARIA OLIVEIRA",
      "lon": "-8.40240920144956",
      "lat": "41.40624765230493"
    },
    {
      "id": "pt.ine.add.PTCONT.673448",
      "street": "TV BOAVISTA",
      "house": "90",
      "postcode": "4765-322",
      "city": "SANTA MARIA OLIVEIRA",
      "lon": "-8.39899024250665",
      "lat": "41.40072715334711"
    },
    {
      "id": "pt.ine.add.PTCONT.673750",
      "street": "R BOUÇA DE FRADES",
      "house": "",
      "postcode": "4765-354",
      "city": "SANTA MARIA OLIVEIRA",
      "lon": "-8.40384131894377",
      "lat": "41.40264269611492"
    },
    {
      "id": "pt.ine.add.PTCONT.677125",
      "street": "LG MOSTEIRO",
      "house": "101",
      "postcode": "4765-328",
      "city": "SANTA MARIA OLIVEIRA",
      "lon": "-8.403256032010248",
      "lat": "41.40569642403505"
    },
    {
      "id": "pt.ine.add.PTCONT.681587",
      "street": "R SEARA",
      "house": "213",
      "postcode": "4765-333",
      "city": "SANTA MARIA OLIVEIRA",
      "lon": "-8.401697027063745",
      "lat": "41.40174732219666"
    },
    {
      "id": "pt.ine.add.PTCONT.688465",
      "street": "R SEARA",
      "house": "187",
      "postcode": "4765-333",
      "city": "SANTA MARIA OLIVEIRA",
      "lon": "-8.401984325775155",
      "lat": "41.401818683154566"
    },
    {
      "id": "pt.ine.add.PTCONT.696955",
      "street": "TV SEARA",
      "house": "51",
      "postcode": "4765-333",
      "city": "SANTA MARIA OLIVEIRA",
      "lon": "-8.400860603651687",
      "lat": "41.40191134345031"
    },
    {
      "id": "pt.ine.add.PTCONT.699939",
      "street": "R BOUCA DE FRADES",
      "house": "71",
      "postcode": "4765-354",
      "city": "SANTA MARIA OLIVEIRA",
      "lon": "-8.40408404377728",
      "lat": "41.40349750386991"
    },
    {
      "id": "pt.ine.add.PTCONT.699940",
      "street": "R BOUCA FRADES",
      "house": "71 A",
      "postcode": "4765-354",
      "city": "SANTA MARIA OLIVEIRA",
      "lon": "-8.40408404377728",
      "lat": "41.40349750386991"
    },
    {
      "id": "pt.ine.add.PTCONT.717945",
      "street": "R PAZ",
      "house": "105",
      "postcode": "4765-343",
      "city": "SANTA MARIA OLIVEIRA",
      "lon": "-8.394750773773639",
      "lat": "41.4051398234279"
    },
    {
      "id": "pt.ine.add.PTCONT.717955",
      "street": "TV SEARA",
      "house": "71",
      "postcode": "4765-333",
      "city": "SANTA MARIA OLIVEIRA",
      "lon": "-8.400371377443104",
      "lat": "41.40217359661778"
    },
    {
      "id": "pt.ine.add.PTCONT.735787",
      "street": "R CARVALHEIRAS",
      "house": "30",
      "postcode": "4765-333",
      "city": "SANTA MARIA OLIVEIRA",
      "lon": "-8.4025894631237",
      "lat": "41.40356404184966"
    },
    {
      "id": "pt.ine.add.PTCONT.768721",
      "street": "R BOUCA DE FRADES",
      "house": "51",
      "postcode": "4765-354",
      "city": "SANTA MARIA OLIVEIRA",
      "lon": "-8.404500014315815",
      "lat": "41.40287524815902"
    },
    {
      "id": "pt.ine.add.PTCONT.774763",
      "street": "R PAZ",
      "house": "104",
      "postcode": "4765-343",
      "city": "SANTA MARIA OLIVEIRA",
      "lon": "-8.394547650588555",
      "lat": "41.4051853050746"
    },
    {
      "id": "pt.ine.add.PTCONT.777720",
      "street": "R VISTA ALEGRE",
      "house": "565",
      "postcode": "4765-346",
      "city": "SANTA MARIA OLIVEIRA",
      "lon": "-8.400626389160637",
      "lat": "41.40603571546716"
    },
    {
      "id": "pt.ine.add.PTCONT.777724",
      "street": "TV SEARA",
      "house": "23",
      "postcode": "4765-333",
      "city": "SANTA MARIA OLIVEIRA",
      "lon": "-8.401278926934845",
      "lat": "41.40185634530238"
    },
    {
      "id": "pt.ine.add.PTCONT.782384",
      "street": "R S MARTINHO",
      "house": "55",
      "postcode": "4765-343",
      "city": "SANTA MARIA OLIVEIRA",
      "lon": "-8.394501329962777",
      "lat": "41.40556357780789"
    },
    {
      "id": "pt.ine.add.PTCONT.786702",
      "street": "R SEARA",
      "house": "231",
      "postcode": "4765-333",
      "city": "SANTA MARIA OLIVEIRA",
      "lon": "-8.401529498187946",
      "lat": "41.401720701149735"
    },
    {
      "id": "pt.ine.add.PTCONT.789556",
      "street": "R S MARTINHO",
      "house": "125",
      "postcode": "4765-343",
      "city": "SANTA MARIA OLIVEIRA",
      "lon": "-8.394929978615785",
      "lat": "41.40509439585041"
    },
    {
      "id": "pt.ine.add.PTCONT.792586",
      "street": "R S MARTINHO",
      "house": "135",
      "postcode": "4765-343",
      "city": "SANTA MARIA OLIVEIRA",
      "lon": "-8.395157091638769",
      "lat": "41.405066866872254"
    },
    {
      "id": "pt.ine.add.PTCONT.813990",
      "street": "R VISTA ALEGRE",
      "house": "257",
      "postcode": "4765-346",
      "city": "SANTA MARIA OLIVEIRA",
      "lon": "-8.39812892473449",
      "lat": "41.403592410056866"
    },
    {
      "id": "pt.ine.add.PTCONT.822971",
      "street": "R SEARA",
      "house": "117",
      "postcode": "4765-333",
      "city": "SANTA MARIA OLIVEIRA",
      "lon": "-8.402428088472686",
      "lat": "41.40213278507791"
    },
    {
      "id": "pt.ine.add.PTCONT.822972",
      "street": "R SEARA",
      "house": "117",
      "postcode": "4765-333",
      "city": "SANTA MARIA OLIVEIRA",
      "lon": "-8.402428088472686",
      "lat": "41.40213278507791"
    },
    {
      "id": "pt.ine.add.PTCONT.834671",
      "street": "AV MOSTEIRO",
      "house": "362",
      "postcode": "4765-802",
      "city": "SANTA MARIA OLIVEIRA",
      "lon": "-8.404009569441781",
      "lat": "41.40572166434339"
    },
    {
      "id": "pt.ine.add.PTCONT.842277",
      "street": "TV PAZ",
      "house": "110",
      "postcode": "4765-343",
      "city": "SANTA MARIA OLIVEIRA",
      "lon": "-8.393382952174058",
      "lat": "41.404017426938765"
    },
    {
      "id": "pt.ine.add.PTCONT.844279",
      "street": "AV MOSTEIRO",
      "house": "484",
      "postcode": "4765-802",
      "city": "SANTA MARIA OLIVEIRA",
      "lon": "-8.402827588424486",
      "lat": "41.406201652386926"
    },
    {
      "id": "pt.ine.add.PTCONT.845483",
      "street": "TV SEMELHAOS",
      "house": "89",
      "postcode": "4765-344",
      "city": "SANTA MARIA OLIVEIRA",
      "lon": "-8.395118429525237",
      "lat": "41.40437364776725"
    },
    {
      "id": "pt.ine.add.PTCONT.847915",
      "street": "R S MARTINHO",
      "house": "167",
      "postcode": "4765-343",
      "city": "SANTA MARIA OLIVEIRA",
      "lon": "-8.395587435310649",
      "lat": "41.405020866042044"
    }
  ]
}