{
  "data": {
    "ilha": "Ilha da Madeira (Madeira)",
    "concelho": "Machico",
    "freguesia": "Machico",
    "OBJECTID": 6,
    "BGRI2021": "31040300708",
    "DT21": "31",
    "DTMN21": "3104",
    "DTMNFR21": "310403",
    "DTMNFRSEC21": "310403007",
    "SECNUM21": "007",
    "SSNUM21": "08",
    "SECSSNUM21": "00708",
    "OBJECTID_1": 204461,
    "DT": "31",
    "CC": "04",
    "fr": "03",
    "SEC": "007",
    "SS": "08",
    "BGRI2021_1": "31040300708"
  },
  "addresses": [
    {
      "id": "pt.ine.add.MAD.34666",
      "street": "CAM LARANO",
      "house": "161",
      "postcode": "9200-121",
      "city": "MACHICO",
      "lon": "-16.773784742158526",
      "lat": "32.732446621454784"
    },
    {
      "id": "pt.ine.add.MAD.34667",
      "street": "CAM LARANO",
      "house": "17",
      "postcode": "9200-121",
      "city": "MACHICO",
      "lon": "-16.773716985499654",
      "lat": "32.73225818233611"
    },
    {
      "id": "pt.ine.add.MAD.34668",
      "street": "CAM LARANO",
      "house": "106",
      "postcode": "9200-121",
      "city": "MACHICO",
      "lon": "-16.773618655375962",
      "lat": "32.73214232749719"
    },
    {
      "id": "pt.ine.add.MAD.34669",
      "street": "CAM LARANO",
      "house": "159",
      "postcode": "9200-121",
      "city": "MACHICO",
      "lon": "-16.773341834521002",
      "lat": "32.73217330159218"
    },
    {
      "id": "pt.ine.add.MAD.34670",
      "street": "CAM LARANO",
      "house": "",
      "postcode": "9200-121",
      "city": "MACHICO",
      "lon": "-16.773371515594988",
      "lat": "32.73205563516961"
    },
    {
      "id": "pt.ine.add.MAD.34671",
      "street": "CAM LARANO",
      "house": "210",
      "postcode": "9200-121",
      "city": "MACHICO",
      "lon": "-16.77311192314063",
      "lat": "32.731878928943004"
    },
    {
      "id": "pt.ine.add.MAD.35526",
      "street": "VR CALHETA",
      "house": "9",
      "postcode": "9200-145",
      "city": "MACHICO",
      "lon": "-16.77326586462318",
      "lat": "32.7315701063568"
    },
    {
      "id": "pt.ine.add.MAD.35527",
      "street": "VR CALHETA",
      "house": "",
      "postcode": "9200-145",
      "city": "MACHICO",
      "lon": "-16.772769447104015",
      "lat": "32.73128852244754"
    },
    {
      "id": "pt.ine.add.MAD.35528",
      "street": "CAM LARANO",
      "house": "N 149",
      "postcode": "9200-121",
      "city": "MACHICO",
      "lon": "-16.77240800267091",
      "lat": "32.73135676723739"
    },
    {
      "id": "pt.ine.add.MAD.35529",
      "street": "CAM LARANO",
      "house": "147",
      "postcode": "9200-121",
      "city": "MACHICO",
      "lon": "-16.77223696614032",
      "lat": "32.731341148001285"
    },
    {
      "id": "pt.ine.add.MAD.35530",
      "street": "CAM LARANO",
      "house": "234",
      "postcode": "9200-121",
      "city": "MACHICO",
      "lon": "-16.771495736936323",
      "lat": "32.73109007736954"
    },
    {
      "id": "pt.ine.add.MAD.35531",
      "street": "CAM LARANO",
      "house": "",
      "postcode": "9200-121",
      "city": "MACHICO",
      "lon": "-16.771016236737516",
      "lat": "32.73112391092016"
    },
    {
      "id": "pt.ine.add.MAD.35532",
      "street": "CAM LARANO",
      "house": "139",
      "postcode": "9200-121",
      "city": "MACHICO",
      "lon": "-16.770911702175113",
      "lat": "32.73123361559876"
    },
    {
      "id": "pt.ine.add.MAD.35533",
      "street": "CAM LARANO",
      "house": "143 B",
      "postcode": "9200-121",
      "city": "MACHICO",
      "lon": "-16.77109765266746",
      "lat": "32.730924343228196"
    },
    {
      "id": "pt.ine.add.MAD.35534",
      "street": "SIT POCO GIL",
      "house": "143G",
      "postcode": "9200-121",
      "city": "MACHICO",
      "lon": "-16.771144067830164",
      "lat": "32.731113085529756"
    },
    {
      "id": "pt.ine.add.MAD.35535",
      "street": "CAM LARANO",
      "house": "",
      "postcode": "9200-121",
      "city": "MACHICO",
      "lon": "-16.771261409802218",
      "lat": "32.73111142721326"
    },
    {
      "id": "pt.ine.add.MAD.35536",
      "street": "CAM LARANO",
      "house": "232",
      "postcode": "9200-121",
      "city": "MACHICO",
      "lon": "-16.771353849345157",
      "lat": "32.73092974149651"
    },
    {
      "id": "pt.ine.add.MAD.35537",
      "street": "CAM LARANO",
      "house": "232",
      "postcode": "9200-121",
      "city": "MACHICO",
      "lon": "-16.771353849345157",
      "lat": "32.73092974149651"
    },
    {
      "id": "pt.ine.add.MAD.35538",
      "street": "LEV DESEMBARCADOURO",
      "house": "234",
      "postcode": "9200-121",
      "city": "MACHICO",
      "lon": "-16.77155724407186",
      "lat": "32.730962942500405"
    },
    {
      "id": "pt.ine.add.MAD.35539",
      "street": "LEV DESEMBARCADOURO",
      "house": "",
      "postcode": "9200-121",
      "city": "MACHICO",
      "lon": "-16.771784471672856",
      "lat": "32.73112207171229"
    },
    {
      "id": "pt.ine.add.MAD.35540",
      "street": "VR AZINHAGA",
      "house": "35",
      "postcode": "9200-409",
      "city": "MACHICO",
      "lon": "-16.771973095428496",
      "lat": "32.730948044733545"
    },
    {
      "id": "pt.ine.add.MAD.35541",
      "street": "ESTR TRISTAO VAZ TEIXEIRA",
      "house": "128",
      "postcode": "9200-146",
      "city": "MACHICO",
      "lon": "-16.772541104207427",
      "lat": "32.730534159455225"
    },
    {
      "id": "pt.ine.add.MAD.36395",
      "street": "ESTR TRISTAO VAZ TEIXEIRA",
      "house": "130",
      "postcode": "9200-146",
      "city": "MACHICO",
      "lon": "-16.772829837398874",
      "lat": "32.7305661514403"
    },
    {
      "id": "pt.ine.add.MAD.36396",
      "street": "VR CALHETA",
      "house": "4",
      "postcode": "9200-145",
      "city": "MACHICO",
      "lon": "-16.773124105868536",
      "lat": "32.73087765218541"
    },
    {
      "id": "pt.ine.add.MAD.36397",
      "street": "ESTR TRISTAO VAZ TEIXEIRA",
      "house": "",
      "postcode": "9200-146",
      "city": "MACHICO",
      "lon": "-16.773245197283657",
      "lat": "32.73106533710626"
    },
    {
      "id": "pt.ine.add.MAD.36398",
      "street": "ESTR TRISTAO VAZ TEIXEIRA",
      "house": "",
      "postcode": "9200-146",
      "city": "MACHICO",
      "lon": "-16.773490548258657",
      "lat": "32.73106186548457"
    },
    {
      "id": "pt.ine.add.MAD.36399",
      "street": "ESTR TRISTAO VAZ TEIXEIRA",
      "house": "",
      "postcode": "9200-146",
      "city": "MACHICO",
      "lon": "-16.773490548258657",
      "lat": "32.73106186548457"
    },
    {
      "id": "pt.ine.add.MAD.36400",
      "street": "ESTR TRISTAO VAZ TEIXEIRA",
      "house": "",
      "postcode": "9200-146",
      "city": "MACHICO",
      "lon": "-16.773578030920294",
      "lat": "32.73116885501802"
    },
    {
      "id": "pt.ine.add.MAD.36401",
      "street": "ESTR TRISTAO VAZ TEIXEIRA",
      "house": "",
      "postcode": "9200-146",
      "city": "MACHICO",
      "lon": "-16.773677302239815",
      "lat": "32.731870928823305"
    },
    {
      "id": "pt.ine.add.MAD.36402",
      "street": "ESTR TRISTAO VAZ TEIXEIRA",
      "house": "150",
      "postcode": "9200-146",
      "city": "MACHICO",
      "lon": "-16.773933144249185",
      "lat": "32.73185828886172"
    },
    {
      "id": "pt.ine.add.MAD.36403",
      "street": "ESTR TRISTAO VAZ TEIXEIRA",
      "house": "107",
      "postcode": "9200-146",
      "city": "MACHICO",
      "lon": "-16.773785585155192",
      "lat": "32.73195056693647"
    },
    {
      "id": "pt.ine.add.MAD.36404",
      "street": "ESTR TRISTAO VAZ TEIXEIRA",
      "house": "",
      "postcode": "9200-146",
      "city": "MACHICO",
      "lon": "-16.773905786285713",
      "lat": "32.73209316895226"
    },
    {
      "id": "pt.ine.add.MAD.37275",
      "street": "CAM LARANO",
      "house": "131",
      "postcode": "9200-121",
      "city": "MACHICO",
      "lon": "-16.77065707847881",
      "lat": "32.730768227052415"
    },
    {
      "id": "pt.ine.add.MAD.37276",
      "street": "CAM LARANO",
      "house": "127",
      "postcode": "9200-121",
      "city": "MACHICO",
      "lon": "-16.770822050863625",
      "lat": "32.730477289374505"
    },
    {
      "id": "pt.ine.add.MAD.38114",
      "street": "CAM LARANO",
      "house": "165",
      "postcode": "9200-121",
      "city": "MACHICO",
      "lon": "-16.769964838674184",
      "lat": "32.72867658569667"
    },
    {
      "id": "pt.ine.add.MAD.38115",
      "street": "CAM LARANO",
      "house": "165",
      "postcode": "9200-121",
      "city": "MACHICO",
      "lon": "-16.769921278920265",
      "lat": "32.72863210599295"
    },
    {
      "id": "pt.ine.add.MAD.38116",
      "street": "CAM LARANO",
      "house": "",
      "postcode": "9200-121",
      "city": "MACHICO",
      "lon": "-16.770229735413213",
      "lat": "32.72858265488833"
    },
    {
      "id": "pt.ine.add.MAD.38117",
      "street": "CAM LARANO",
      "house": "",
      "postcode": "9200-121",
      "city": "MACHICO",
      "lon": "-16.770168227833988",
      "lat": "32.72870978916033"
    },
    {
      "id": "pt.ine.add.MAD.38118",
      "street": "R JOÃO PAULO II",
      "house": "",
      "postcode": "9200-121",
      "city": "MACHICO",
      "lon": "-16.770141902845015",
      "lat": "32.7284576298483"
    },
    {
      "id": "pt.ine.add.MAD.38119",
      "street": "CAM LARANO",
      "house": "",
      "postcode": "9200-121",
      "city": "MACHICO",
      "lon": "-16.76942720415389",
      "lat": "32.72846772169648"
    },
    {
      "id": "pt.ine.add.MAD.38120",
      "street": "CAM LARANO",
      "house": "119",
      "postcode": "9200-121",
      "city": "MACHICO",
      "lon": "-16.76933030905247",
      "lat": "32.7284239947321"
    },
    {
      "id": "pt.ine.add.MAD.38121",
      "street": "CAM LARANO",
      "house": "",
      "postcode": "9200-121",
      "city": "MACHICO",
      "lon": "-16.76927430111326",
      "lat": "32.72828950081695"
    },
    {
      "id": "pt.ine.add.MAD.38122",
      "street": "VR VALE DO MEIO",
      "house": "23",
      "postcode": "9200-117",
      "city": "MACHICO",
      "lon": "-16.769311446945952",
      "lat": "32.728009388363226"
    },
    {
      "id": "pt.ine.add.MAD.38123",
      "street": "VR VALE DO MEIO",
      "house": "",
      "postcode": "9200-117",
      "city": "MACHICO",
      "lon": "-16.76968459292582",
      "lat": "32.72745396308689"
    },
    {
      "id": "pt.ine.add.MAD.38124",
      "street": "VR VALE DO MEIO",
      "house": "16",
      "postcode": "9200-117",
      "city": "MACHICO",
      "lon": "-16.769666466149594",
      "lat": "32.727616560495505"
    },
    {
      "id": "pt.ine.add.MAD.38125",
      "street": "VR VALE DO MEIO",
      "house": "22",
      "postcode": "9200-117",
      "city": "MACHICO",
      "lon": "-16.769137210809443",
      "lat": "32.72783146843096"
    },
    {
      "id": "pt.ine.add.MAD.38126",
      "street": "ESTR CAMINHO DO LARANO",
      "house": "107",
      "postcode": "9200-117",
      "city": "MACHICO",
      "lon": "-16.76904316648481",
      "lat": "32.72793200452758"
    },
    {
      "id": "pt.ine.add.MAD.38127",
      "street": "CAM LARANO",
      "house": "105",
      "postcode": "9200-117",
      "city": "MACHICO",
      "lon": "-16.76891338036279",
      "lat": "32.727843646595105"
    },
    {
      "id": "pt.ine.add.MAD.38128",
      "street": "CAM LARANO",
      "house": "101",
      "postcode": "9200-117",
      "city": "MACHICO",
      "lon": "-16.7687620822697",
      "lat": "32.72774657313063"
    },
    {
      "id": "pt.ine.add.MAD.38129",
      "street": "CAM LARANO",
      "house": "",
      "postcode": "9200-117",
      "city": "MACHICO",
      "lon": "-16.76903764474017",
      "lat": "32.727652494345726"
    },
    {
      "id": "pt.ine.add.MAD.38157",
      "street": "ESTR TRISTAO VAZ TEIXEIRA",
      "house": "182",
      "postcode": "9200-147",
      "city": "MACHICO",
      "lon": "-16.77461585288138",
      "lat": "32.733463016472754"
    },
    {
      "id": "pt.ine.add.MAD.38158",
      "street": "ESTR TRISTAO VAZ TEIXEIRA",
      "house": "188",
      "postcode": "9200-147",
      "city": "MACHICO",
      "lon": "-16.77439535070912",
      "lat": "32.733105380476275"
    },
    {
      "id": "pt.ine.add.MAD.38159",
      "street": "CAM LARANO",
      "house": "165",
      "postcode": "9200-107",
      "city": "MACHICO",
      "lon": "-16.77399332198095",
      "lat": "32.73274129471965"
    },
    {
      "id": "pt.ine.add.MAD.38931",
      "street": "R JOÃO PAULO II",
      "house": "116 A",
      "postcode": "9200-117",
      "city": "MACHICO",
      "lon": "-16.769077462977943",
      "lat": "32.72750762878588"
    },
    {
      "id": "pt.ine.add.MAD.38932",
      "street": "R JOÃO PAULO II",
      "house": "116 C",
      "postcode": "9200-117",
      "city": "MACHICO",
      "lon": "-16.76913843700465",
      "lat": "32.727353445628474"
    },
    {
      "id": "pt.ine.add.MAD.38933",
      "street": "R JOÃO PAULO II",
      "house": "116 C",
      "postcode": "9200-117",
      "city": "MACHICO",
      "lon": "-16.76913843700465",
      "lat": "32.727353445628474"
    },
    {
      "id": "pt.ine.add.MAD.38934",
      "street": "R JOÃO PAULO II",
      "house": "",
      "postcode": "9200-117",
      "city": "MACHICO",
      "lon": "-16.768971683184304",
      "lat": "32.727554216637074"
    },
    {
      "id": "pt.ine.add.MAD.38935",
      "street": "R JOÃO PAULO II",
      "house": "",
      "postcode": "9200-117",
      "city": "MACHICO",
      "lon": "-16.76977596315788",
      "lat": "32.72721817972423"
    },
    {
      "id": "pt.ine.add.MAD.38936",
      "street": "R JOÃO PAULO II",
      "house": "120",
      "postcode": "9200-117",
      "city": "MACHICO",
      "lon": "-16.769332737429217",
      "lat": "32.72692681124976"
    },
    {
      "id": "pt.ine.add.MAD.38937",
      "street": "R JOÃO PAULO II",
      "house": "118 A",
      "postcode": "9200-117",
      "city": "MACHICO",
      "lon": "-16.76942127990647",
      "lat": "32.72708790280312"
    },
    {
      "id": "pt.ine.add.MAD.38938",
      "street": "R JOÃO PAULO II",
      "house": "118 B",
      "postcode": "9200-117",
      "city": "MACHICO",
      "lon": "-16.76952973138725",
      "lat": "32.727176561437226"
    },
    {
      "id": "pt.ine.add.MAD.38962",
      "street": "CAM LADEIRA",
      "house": "12",
      "postcode": "9200-130",
      "city": "MACHICO",
      "lon": "-16.774042729660053",
      "lat": "32.73254217833436"
    },
    {
      "id": "pt.ine.add.MAD.38963",
      "street": "CAM LADEIRA",
      "house": "18",
      "postcode": "9200-130",
      "city": "MACHICO",
      "lon": "-16.77435298363829",
      "lat": "32.732582880974114"
    },
    {
      "id": "pt.ine.add.MAD.38964",
      "street": "CAM LADEIRA",
      "house": "18",
      "postcode": "9200-130",
      "city": "MACHICO",
      "lon": "-16.774447383836925",
      "lat": "32.732500373848524"
    },
    {
      "id": "pt.ine.add.MAD.38965",
      "street": "ESTR TRISTAO VAZ TEIXEIRA",
      "house": "172A",
      "postcode": "9200-146",
      "city": "MACHICO",
      "lon": "-16.77467431864661",
      "lat": "32.73318260103861"
    },
    {
      "id": "pt.ine.add.MAD.38966",
      "street": "ESTR TRISTAO VAZ TEIXEIRA",
      "house": "178",
      "postcode": "9200-146",
      "city": "MACHICO",
      "lon": "-16.77483296071639",
      "lat": "32.73364934000926"
    },
    {
      "id": "pt.ine.add.MAD.38967",
      "street": "ESTR TRISTAO VAZ TEIXEIRA",
      "house": "167",
      "postcode": "9200-146",
      "city": "MACHICO",
      "lon": "-16.774468237370854",
      "lat": "32.73301415896947"
    },
    {
      "id": "pt.ine.add.MAD.39681",
      "street": "R JOÃO PAULO II",
      "house": "",
      "postcode": "9200-117",
      "city": "MACHICO",
      "lon": "-16.770828553810368",
      "lat": "32.72918748546418"
    },
    {
      "id": "pt.ine.add.MAD.39682",
      "street": "VR FRADE",
      "house": "6",
      "postcode": "9200-121",
      "city": "MACHICO",
      "lon": "-16.771361592917486",
      "lat": "32.72970305301352"
    },
    {
      "id": "pt.ine.add.MAD.39683",
      "street": "ESTR TRISTAO VAZ TEIXEIRA",
      "house": "104",
      "postcode": "9200-146",
      "city": "MACHICO",
      "lon": "-16.771358917413988",
      "lat": "32.72956780636097"
    },
    {
      "id": "pt.ine.add.MAD.39684",
      "street": "ESTR TRISTAO VAZ TEIXEIRA",
      "house": "",
      "postcode": "9200-146",
      "city": "MACHICO",
      "lon": "-16.771640904609278",
      "lat": "32.72979831370922"
    },
    {
      "id": "pt.ine.add.MAD.39685",
      "street": "ESTR TRISTAO VAZ TEIXEIRA",
      "house": "",
      "postcode": "9200-146",
      "city": "MACHICO",
      "lon": "-16.771395948679746",
      "lat": "32.73036095180786"
    },
    {
      "id": "pt.ine.add.MAD.39686",
      "street": "ESTR TRISTAO VAZ TEIXEIRA",
      "house": "",
      "postcode": "9200-146",
      "city": "MACHICO",
      "lon": "-16.771629025023223",
      "lat": "32.730276486690094"
    },
    {
      "id": "pt.ine.add.MAD.39687",
      "street": "ESTR TRISTAO VAZ TEIXEIRA",
      "house": "118 B",
      "postcode": "9200-146",
      "city": "MACHICO",
      "lon": "-16.77187544459172",
      "lat": "32.73032711694537"
    },
    {
      "id": "pt.ine.add.MAD.39688",
      "street": "ESTR TRISTAO VAZ TEIXEIRA",
      "house": "",
      "postcode": "9200-146",
      "city": "MACHICO",
      "lon": "-16.77163116580899",
      "lat": "32.73038468398435"
    },
    {
      "id": "pt.ine.add.MAD.39689",
      "street": "ESTR TRISTAO VAZ TEIXEIRA",
      "house": "118",
      "postcode": "9200-146",
      "city": "MACHICO",
      "lon": "-16.771873660360814",
      "lat": "32.73023695254474"
    },
    {
      "id": "pt.ine.add.MAD.39690",
      "street": "ESTR TRISTAO VAZ TEIXEIRA",
      "house": "114",
      "postcode": "9200-146",
      "city": "MACHICO",
      "lon": "-16.771749896832773",
      "lat": "32.72991401952087"
    },
    {
      "id": "pt.ine.add.MAD.39691",
      "street": "ESTR TRISTAO VAZ TEIXEIRA",
      "house": "",
      "postcode": "9200-146",
      "city": "MACHICO",
      "lon": "-16.771668483188183",
      "lat": "32.73011358758584"
    },
    {
      "id": "pt.ine.add.MAD.39692",
      "street": "ESTR TRISTAO VAZ TEIXEIRA",
      "house": "",
      "postcode": "9200-146",
      "city": "MACHICO",
      "lon": "-16.771098477640713",
      "lat": "32.72988715071692"
    },
    {
      "id": "pt.ine.add.MAD.55261",
      "street": "ESTR TRISTAO VAZ TEIXEIRA",
      "house": "",
      "postcode": "9200-146",
      "city": "MACHICO",
      "lon": "-16.774726048470043",
      "lat": "32.73310069792988"
    },
    {
      "id": "pt.ine.add.MAD.57957",
      "street": "SIT POCO GIL",
      "house": "",
      "postcode": "9200-121",
      "city": "MACHICO",
      "lon": "-16.773326965273736",
      "lat": "32.730883801000886"
    },
    {
      "id": "pt.ine.add.MAD.57959",
      "street": "CAM LARANO",
      "house": "",
      "postcode": "9200-121",
      "city": "MACHICO",
      "lon": "-16.770665336144265",
      "lat": "32.7290274500501"
    },
    {
      "id": "pt.ine.add.MAD.57960",
      "street": "R JOÃO PAULO II",
      "house": "122",
      "postcode": "9200-117",
      "city": "MACHICO",
      "lon": "-16.769459850210854",
      "lat": "32.726879921941936"
    },
    {
      "id": "pt.ine.add.MAD.57962",
      "street": "R JOÃO PAULO II",
      "house": "13",
      "postcode": "9200-117",
      "city": "MACHICO",
      "lon": "-16.76977652227907",
      "lat": "32.72778636696558"
    },
    {
      "id": "pt.ine.add.MAD.57963",
      "street": "ESTR TRISTAO VAZ TEIXEIRA",
      "house": "120",
      "postcode": "9200-146",
      "city": "MACHICO",
      "lon": "-16.77202443067158",
      "lat": "32.73030697263669"
    },
    {
      "id": "pt.ine.add.MAD.57964",
      "street": "ESTR TRISTAO VAZ TEIXEIRA",
      "house": "114",
      "postcode": "9200-146",
      "city": "MACHICO",
      "lon": "-16.77170936845815",
      "lat": "32.73002282000041"
    },
    {
      "id": "pt.ine.add.MAD.58242",
      "street": "ESTR TRISTAO VAZ TEIXEIRA",
      "house": "174",
      "postcode": "9200-146",
      "city": "MACHICO",
      "lon": "-16.77470864515274",
      "lat": "32.73329936134029"
    },
    {
      "id": "pt.ine.add.MAD.61937",
      "street": "CAM LARANO",
      "house": "147 A",
      "postcode": "9200-121",
      "city": "MACHICO",
      "lon": "-16.772512178488167",
      "lat": "32.731229028499286"
    },
    {
      "id": "pt.ine.add.MAD.61938",
      "street": "ESTR TRISTAO VAZ TEIXEIRA",
      "house": "",
      "postcode": "9200-146",
      "city": "MACHICO",
      "lon": "-16.773771345117897",
      "lat": "32.73177038934504"
    },
    {
      "id": "pt.ine.add.MAD.61942",
      "street": "CAM LARANO",
      "house": "129",
      "postcode": "9200-121",
      "city": "MACHICO",
      "lon": "-16.770781877755034",
      "lat": "32.73060412248195"
    },
    {
      "id": "pt.ine.add.MAD.61943",
      "street": "R JOAO PAULO II",
      "house": "136",
      "postcode": "9200-117",
      "city": "MACHICO",
      "lon": "-16.769832708812416",
      "lat": "32.727929877104856"
    },
    {
      "id": "pt.ine.add.MAD.62340",
      "street": "ESTR TRISTAO VAZ TEIXEIRA",
      "house": "186",
      "postcode": "9200-147",
      "city": "MACHICO",
      "lon": "-16.77452479242969",
      "lat": "32.73317569936505"
    },
    {
      "id": "pt.ine.add.MAD.64077",
      "street": "VR LEVADA DO DESEMBERCADOURO",
      "house": "197",
      "postcode": "9200-117",
      "city": "MACHICO",
      "lon": "-16.771240753981374",
      "lat": "32.730606657204916"
    },
    {
      "id": "pt.ine.add.MAD.64078",
      "street": "CAM LARANO",
      "house": "",
      "postcode": "9200-121",
      "city": "MACHICO",
      "lon": "-16.769821532141936",
      "lat": "32.72844411618423"
    },
    {
      "id": "pt.ine.add.MAD.64079",
      "street": "VR FRADE",
      "house": "4",
      "postcode": "9200-121",
      "city": "MACHICO",
      "lon": "-16.771243004308957",
      "lat": "32.72964159625262"
    },
    {
      "id": "pt.ine.add.MAD.64423",
      "street": "ESTR TRISTAO VAZ TEIXEIRA",
      "house": "170",
      "postcode": "9200-146",
      "city": "MACHICO",
      "lon": "-16.77468159054802",
      "lat": "32.73301113795496"
    },
    {
      "id": "pt.ine.add.MAD.66895",
      "street": "ESTR TRISTAO VAZ TEIXEIRA",
      "house": "",
      "postcode": "9200-146",
      "city": "MACHICO",
      "lon": "-16.7717573900401",
      "lat": "32.73029271003909"
    },
    {
      "id": "pt.ine.add.MAD.67090",
      "street": "CAM LARANO",
      "house": "163",
      "postcode": "9200-107",
      "city": "MACHICO",
      "lon": "-16.77383259297562",
      "lat": "32.73270749391166"
    },
    {
      "id": "pt.ine.add.MAD.69598",
      "street": "VR LEVADA DO DESEMBARCADOURO",
      "house": "250",
      "postcode": "9200-406",
      "city": "MACHICO",
      "lon": "-16.772941331561565",
      "lat": "32.73080808619782"
    },
    {
      "id": "pt.ine.add.MAD.69601",
      "street": "VR FRADE",
      "house": "8",
      "postcode": "9200-121",
      "city": "MACHICO",
      "lon": "-16.771415642824838",
      "lat": "32.729738364955516"
    },
    {
      "id": "pt.ine.add.MAD.72040",
      "street": "R JOÃO PAULO II",
      "house": "",
      "postcode": "9200-117",
      "city": "MACHICO",
      "lon": "-16.769207583964423",
      "lat": "32.7270728814684"
    },
    {
      "id": "pt.ine.add.MAD.72539",
      "street": "ESTR TRISTAO VAZ TEIXEIRA",
      "house": "168",
      "postcode": "9200-146",
      "city": "MACHICO",
      "lon": "-16.77465650208298",
      "lat": "32.732822095196866"
    },
    {
      "id": "pt.ine.add.MAD.72540",
      "street": "CAM LADEIRA",
      "house": "18",
      "postcode": "9200-130",
      "city": "MACHICO",
      "lon": "-16.774420563202007",
      "lat": "32.732762303260955"
    },
    {
      "id": "pt.ine.add.MAD.76903",
      "street": "CAM LARANO",
      "house": "",
      "postcode": "9200-121",
      "city": "MACHICO",
      "lon": "-16.773800539786052",
      "lat": "32.73216681023125"
    },
    {
      "id": "pt.ine.add.MAD.76904",
      "street": "VR CALHETA",
      "house": "",
      "postcode": "9200-145",
      "city": "MACHICO",
      "lon": "-16.77284144144507",
      "lat": "32.7311522196851"
    },
    {
      "id": "pt.ine.add.MAD.76905",
      "street": "ESTR TRISTAO VAZ TEIXEIRA",
      "house": "138A",
      "postcode": "9200-146",
      "city": "MACHICO",
      "lon": "-16.773529110316144",
      "lat": "32.73085388376242"
    },
    {
      "id": "pt.ine.add.MAD.76906",
      "street": "ESTR TRISTAO VAZ TEIXEIRA",
      "house": "",
      "postcode": "9200-146",
      "city": "MACHICO",
      "lon": "-16.773686848708653",
      "lat": "32.731275542547124"
    },
    {
      "id": "pt.ine.add.MAD.78552",
      "street": "VR CALHETA",
      "house": "12",
      "postcode": "9200-145",
      "city": "MACHICO",
      "lon": "-16.77295222228851",
      "lat": "32.73135808865169"
    },
    {
      "id": "pt.ine.add.MAD.78554",
      "street": "VR VALE DO MEIO",
      "house": "24",
      "postcode": "9200-117",
      "city": "MACHICO",
      "lon": "-16.769232501903932",
      "lat": "32.72779404746557"
    },
    {
      "id": "pt.ine.add.MAD.78555",
      "street": "ESTR TRISTAO VAZ TEIXEIRA",
      "house": "122",
      "postcode": "9200-146",
      "city": "MACHICO",
      "lon": "-16.77198408091503",
      "lat": "32.73042478963253"
    },
    {
      "id": "pt.ine.add.MAD.80662",
      "street": "CAM LARANO",
      "house": "",
      "postcode": "9200-121",
      "city": "MACHICO",
      "lon": "-16.773597807156357",
      "lat": "32.73162854199202"
    },
    {
      "id": "pt.ine.add.MAD.80666",
      "street": "CAM LARANO",
      "house": "125",
      "postcode": "9200-121",
      "city": "MACHICO",
      "lon": "-16.77086186722324",
      "lat": "32.73033242336578"
    },
    {
      "id": "pt.ine.add.MAD.80667",
      "street": "VR VALE DO MEIO",
      "house": "21",
      "postcode": "9200-117",
      "city": "MACHICO",
      "lon": "-16.769450475480532",
      "lat": "32.728025463624355"
    },
    {
      "id": "pt.ine.add.MAD.84214",
      "street": "ESTR TRISTAO VAZ TEIXEIRA",
      "house": "",
      "postcode": "9200-146",
      "city": "MACHICO",
      "lon": "-16.773485595747594",
      "lat": "32.731350542222536"
    },
    {
      "id": "pt.ine.add.MAD.84215",
      "street": "ESTR TRISTAO VAZ TEIXEIRA",
      "house": "",
      "postcode": "9200-146",
      "city": "MACHICO",
      "lon": "-16.77350287123443",
      "lat": "32.731683999193514"
    },
    {
      "id": "pt.ine.add.MAD.84218",
      "street": "VR LEVADA DO DESEMBERCADOURO",
      "house": "",
      "postcode": "9200-117",
      "city": "MACHICO",
      "lon": "-16.770786692297058",
      "lat": "32.73084756649011"
    },
    {
      "id": "pt.ine.add.MAD.84219",
      "street": "CAM LARANO",
      "house": "",
      "postcode": "9200-121",
      "city": "MACHICO",
      "lon": "-16.77076749724045",
      "lat": "32.730956065262426"
    },
    {
      "id": "pt.ine.add.MAD.84220",
      "street": "CAM LARANO",
      "house": "115",
      "postcode": "9200-121",
      "city": "MACHICO",
      "lon": "-16.76915233120444",
      "lat": "32.72805672928169"
    },
    {
      "id": "pt.ine.add.MAD.84221",
      "street": "CAM LARANO",
      "house": "113",
      "postcode": "9200-121",
      "city": "MACHICO",
      "lon": "-16.76915233120444",
      "lat": "32.72805672928169"
    },
    {
      "id": "pt.ine.add.MAD.84629",
      "street": "ESTR TRISTAO VAZ TEIXEIRA",
      "house": "186",
      "postcode": "9200-147",
      "city": "MACHICO",
      "lon": "-16.7744727049681",
      "lat": "32.733239569551415"
    },
    {
      "id": "pt.ine.add.MAD.84630",
      "street": "ESTR TRISTAO VAZ TEIXEIRA",
      "house": "176",
      "postcode": "9200-146",
      "city": "MACHICO",
      "lon": "-16.774809659094668",
      "lat": "32.73355046152776"
    },
    {
      "id": "pt.ine.add.MAD.88943",
      "street": "CAM LARANO",
      "house": "",
      "postcode": "9200-121",
      "city": "MACHICO",
      "lon": "-16.771552820503988",
      "lat": "32.731278668701"
    },
    {
      "id": "pt.ine.add.MAD.88944",
      "street": "CAM LARANO",
      "house": "143 C",
      "postcode": "9200-121",
      "city": "MACHICO",
      "lon": "-16.771128049788587",
      "lat": "32.73084274299956"
    },
    {
      "id": "pt.ine.add.MAD.88945",
      "street": "ESTR TRISTAO VAZ TEIXEIRA",
      "house": "160",
      "postcode": "9200-146",
      "city": "MACHICO",
      "lon": "-16.774313297424694",
      "lat": "32.73219562778147"
    },
    {
      "id": "pt.ine.add.MAD.88946",
      "street": "ESTR TRISTAO VAZ TEIXEIRA",
      "house": "121",
      "postcode": "9200-146",
      "city": "MACHICO",
      "lon": "-16.77437908968686",
      "lat": "32.73228488586441"
    },
    {
      "id": "pt.ine.add.MAD.88951",
      "street": "CAM LARANO",
      "house": "133",
      "postcode": "9200-121",
      "city": "MACHICO",
      "lon": "-16.770617796527517",
      "lat": "32.73094014234032"
    },
    {
      "id": "pt.ine.add.MAD.88952",
      "street": "CAM LARANO",
      "house": "",
      "postcode": "9200-121",
      "city": "MACHICO",
      "lon": "-16.769544008241393",
      "lat": "32.72843901574302"
    },
    {
      "id": "pt.ine.add.MAD.90144",
      "street": "CAM LARANO",
      "house": "",
      "postcode": "9200-121",
      "city": "MACHICO",
      "lon": "-16.773546661516143",
      "lat": "32.73227863067243"
    },
    {
      "id": "pt.ine.add.MAD.90145",
      "street": "VR CALHETA",
      "house": "",
      "postcode": "9200-145",
      "city": "MACHICO",
      "lon": "-16.773173739312856",
      "lat": "32.731228689376096"
    },
    {
      "id": "pt.ine.add.MAD.90146",
      "street": "ESTR TRISTAO VAZ TEIXEIRA",
      "house": "",
      "postcode": "9200-146",
      "city": "MACHICO",
      "lon": "-16.773692207114312",
      "lat": "32.73154603543415"
    },
    {
      "id": "pt.ine.add.MAD.90359",
      "street": "ESTR TRISTAO VAZ TEIXEIRA",
      "house": "184",
      "postcode": "9200-147",
      "city": "MACHICO",
      "lon": "-16.77456090588311",
      "lat": "32.733382623939995"
    },
    {
      "id": "pt.ine.add.MAD.94646",
      "street": "ESTR TRISTAO VAZ TEIXEIRA",
      "house": "180",
      "postcode": "9200-147",
      "city": "MACHICO",
      "lon": "-16.774727534514945",
      "lat": "32.73371396566527"
    },
    {
      "id": "pt.ine.add.MAD.94775",
      "street": "LEV DESEMBARCADOURO",
      "house": "203",
      "postcode": "9200-121",
      "city": "MACHICO",
      "lon": "-16.77141642687033",
      "lat": "32.7308567053399"
    },
    {
      "id": "pt.ine.add.MAD.94778",
      "street": "VR VALE DO MEIO",
      "house": "20",
      "postcode": "9200-117",
      "city": "MACHICO",
      "lon": "-16.76941223862977",
      "lat": "32.72771033945952"
    },
    {
      "id": "pt.ine.add.MAD.96484",
      "street": "ESTR TRISTAO VAZ TEIXEIRA",
      "house": "152",
      "postcode": "9200-146",
      "city": "MACHICO",
      "lon": "-16.774108827103177",
      "lat": "32.73210833283081"
    },
    {
      "id": "pt.ine.add.MAD.97226",
      "street": "VR VALE DO MEIO",
      "house": "23",
      "postcode": "9200-117",
      "city": "MACHICO",
      "lon": "-16.769311446945952",
      "lat": "32.728009388363226"
    },
    {
      "id": "pt.ine.add.MAD.97491",
      "street": "VR VALE MEIO",
      "house": "",
      "postcode": "9200-117",
      "city": "MACHICO",
      "lon": "-16.769175960148758",
      "lat": "32.72763250410419"
    },
    {
      "id": "pt.ine.add.MAD.98435",
      "street": "CAM LARANO",
      "house": "153",
      "postcode": "9200-121",
      "city": "MACHICO",
      "lon": "-16.773014129861608",
      "lat": "32.7317901228783"
    },
    {
      "id": "pt.ine.add.MAD.99952",
      "street": "VR LEVADA DO DESEMBERCADOURO",
      "house": "199",
      "postcode": "9200-117",
      "city": "MACHICO",
      "lon": "-16.771179068253183",
      "lat": "32.73072477548976"
    },
    {
      "id": "pt.ine.add.MAD.102265",
      "street": "ESTR TRISTAO VAZ TEIXEIRA",
      "house": "",
      "postcode": "9200-146",
      "city": "MACHICO",
      "lon": "-16.77318328927035",
      "lat": "32.730633302967334"
    },
    {
      "id": "pt.ine.add.MAD.103313",
      "street": "CAM LARANO",
      "house": "210",
      "postcode": "9200-121",
      "city": "MACHICO",
      "lon": "-16.773178428250926",
      "lat": "32.73200425343532"
    },
    {
      "id": "pt.ine.add.MAD.103412",
      "street": "ESTR TRISTAO VAZ TEIXEIRA",
      "house": "",
      "postcode": "9200-146",
      "city": "MACHICO",
      "lon": "-16.771497449124112",
      "lat": "32.730097967251155"
    },
    {
      "id": "pt.ine.add.MAD.103601",
      "street": "LEV DESEMBARCADOURO",
      "house": "37",
      "postcode": "9200-121",
      "city": "MACHICO",
      "lon": "-16.77197505824653",
      "lat": "32.73104722555755"
    },
    {
      "id": "pt.ine.add.MAD.104352",
      "street": "CAM LARANO",
      "house": "103",
      "postcode": "9200-117",
      "city": "MACHICO",
      "lon": "-16.76887799515122",
      "lat": "32.72767278552698"
    },
    {
      "id": "pt.ine.add.MAD.104595",
      "street": "ESTR TRISTAO VAZ TEIXEIRA",
      "house": "162",
      "postcode": "9200-146",
      "city": "MACHICO",
      "lon": "-16.774584275503447",
      "lat": "32.73240824604381"
    },
    {
      "id": "pt.ine.add.MAD.105212",
      "street": "ESTR TRISTAO VAZ TEIXEIRA",
      "house": "1105",
      "postcode": "9200-146",
      "city": "MACHICO",
      "lon": "-16.77347832153338",
      "lat": "32.7315220053542"
    },
    {
      "id": "pt.ine.add.MAD.105512",
      "street": "VR VALE DO MEIO",
      "house": "18",
      "postcode": "9200-117",
      "city": "MACHICO",
      "lon": "-16.7692655504926",
      "lat": "32.72730655649654"
    },
    {
      "id": "pt.ine.add.MAD.128830",
      "street": "R JOÃO PAULO II",
      "house": "",
      "postcode": "9200-117",
      "city": "MACHICO",
      "lon": "-16.770926342035224",
      "lat": "32.72927629344218"
    },
    {
      "id": "pt.ine.add.MAD.129519",
      "street": "VR CALHETA",
      "house": "N 10",
      "postcode": "9200-145",
      "city": "MACHICO",
      "lon": "-16.772971236203354",
      "lat": "32.73124057320603"
    },
    {
      "id": "pt.ine.add.MAD.129526",
      "street": "CAM LADEIRA",
      "house": "14",
      "postcode": "9200-130",
      "city": "MACHICO",
      "lon": "-16.77417056225544",
      "lat": "32.732531349801185"
    },
    {
      "id": "pt.ine.add.MAD.129645",
      "street": "SIT POCO GIL",
      "house": "132",
      "postcode": "9200-121",
      "city": "MACHICO",
      "lon": "-16.772969048906226",
      "lat": "32.73059123906706"
    }
  ]
}