{
  "data": {
    "distrito": "Porto",
    "concelho": "Vila Nova de Gaia",
    "freguesia": "Madalena",
    "OBJECTID": 1196,
    "BGRI2021": "13170900508",
    "DT21": "13",
    "DTMN21": "1317",
    "DTMNFR21": "131709",
    "DTMNFRSEC21": "131709005",
    "SECNUM21": "005",
    "SSNUM21": "08",
    "SECSSNUM21": "00508",
    "OBJECTID_1": 144888,
    "DT": "13",
    "CC": "17",
    "fr": "09",
    "SEC": "005",
    "SS": "08"
  },
  "addresses": [
    {
      "id": "pt.ine.add.PTCONT.3551268",
      "street": "R S PEDRO",
      "house": "60",
      "postcode": "4405-785",
      "city": "VILA NOVA DE GAIA",
      "lon": "-8.63953188093225",
      "lat": "41.11185791857509"
    },
    {
      "id": "pt.ine.add.PTCONT.3551281",
      "street": "R COSTA",
      "house": "194",
      "postcode": "4405-714",
      "city": "VILA NOVA DE GAIA",
      "lon": "-8.640251245563258",
      "lat": "41.11096331742846"
    },
    {
      "id": "pt.ine.add.PTCONT.3564358",
      "street": "TV TELHEIRA",
      "house": "38",
      "postcode": "4405-714",
      "city": "VILA NOVA DE GAIA",
      "lon": "-8.640806556623284",
      "lat": "41.110411602467536"
    },
    {
      "id": "pt.ine.add.PTCONT.3570473",
      "street": "R S PEDRO",
      "house": "60",
      "postcode": "4405-785",
      "city": "VILA NOVA DE GAIA",
      "lon": "-8.639652525929606",
      "lat": "41.112064489679234"
    },
    {
      "id": "pt.ine.add.PTCONT.3580227",
      "street": "R S PEDRO",
      "house": "64",
      "postcode": "4405-785",
      "city": "VILA NOVA DE GAIA",
      "lon": "-8.639486957941667",
      "lat": "41.11220928809334"
    },
    {
      "id": "pt.ine.add.PTCONT.3580228",
      "street": "R PASSADOURO",
      "house": "394",
      "postcode": "4405-776",
      "city": "VILA NOVA DE GAIA",
      "lon": "-8.639562268770268",
      "lat": "41.111164445221924"
    },
    {
      "id": "pt.ine.add.PTCONT.3589610",
      "street": "R COSTA",
      "house": "172",
      "postcode": "4405-714",
      "city": "VILA NOVA DE GAIA",
      "lon": "-8.639857544592228",
      "lat": "41.110856996798255"
    },
    {
      "id": "pt.ine.add.PTCONT.3592466",
      "street": "R PASSADOURO",
      "house": "408",
      "postcode": "4405-776",
      "city": "VILA NOVA DE GAIA",
      "lon": "-8.639620964299127",
      "lat": "41.11105613423045"
    },
    {
      "id": "pt.ine.add.PTCONT.3609074",
      "street": "R COSTA",
      "house": "184",
      "postcode": "4405-714",
      "city": "VILA NOVA DE GAIA",
      "lon": "-8.639691426365937",
      "lat": "41.110929762643714"
    },
    {
      "id": "pt.ine.add.PTCONT.3609086",
      "street": "R COSTA",
      "house": "224",
      "postcode": "4405-714",
      "city": "VILA NOVA DE GAIA",
      "lon": "-8.640342952457505",
      "lat": "41.110503688612994"
    },
    {
      "id": "pt.ine.add.PTCONT.3614011",
      "street": "R S PEDRO",
      "house": "40",
      "postcode": "4405-785",
      "city": "VILA NOVA DE GAIA",
      "lon": "-8.639710806792468",
      "lat": "41.11190215400909"
    },
    {
      "id": "pt.ine.add.PTCONT.3620456",
      "street": "R COSTA",
      "house": "248 CASA",
      "postcode": "4405-714",
      "city": "VILA NOVA DE GAIA",
      "lon": "-8.64046047822609",
      "lat": "41.11030507401902"
    },
    {
      "id": "pt.ine.add.PTCONT.3628332",
      "street": "R S PEDRO",
      "house": "32",
      "postcode": "4405-785",
      "city": "VILA NOVA DE GAIA",
      "lon": "-8.639841626908629",
      "lat": "41.11188356987386"
    },
    {
      "id": "pt.ine.add.PTCONT.3641527",
      "street": "TV TELHEIRA",
      "house": "80",
      "postcode": "4405-714",
      "city": "VILA NOVA DE GAIA",
      "lon": "-8.641106681548884",
      "lat": "41.11073443843248"
    },
    {
      "id": "pt.ine.add.PTCONT.3647566",
      "street": "R COSTA",
      "house": "194",
      "postcode": "4405-714",
      "city": "VILA NOVA DE GAIA",
      "lon": "-8.640142852232337",
      "lat": "41.1108017150628"
    },
    {
      "id": "pt.ine.add.PTCONT.3665659",
      "street": "R PENA",
      "house": "286",
      "postcode": "4405-778",
      "city": "VILA NOVA DE GAIA",
      "lon": "-8.643088643281075",
      "lat": "41.111464044253445"
    },
    {
      "id": "pt.ine.add.PTCONT.3674175",
      "street": "R PASSADOURO",
      "house": "304",
      "postcode": "4405-776",
      "city": "VILA NOVA DE GAIA",
      "lon": "-8.638840266835098",
      "lat": "41.11171688596348"
    },
    {
      "id": "pt.ine.add.PTCONT.3675371",
      "street": "R PASSADOURO",
      "house": "384",
      "postcode": "4405-776",
      "city": "VILA NOVA DE GAIA",
      "lon": "-8.639527175903963",
      "lat": "41.11124563919817"
    },
    {
      "id": "pt.ine.add.PTCONT.3692784",
      "street": "R PASSADOURO",
      "house": "370",
      "postcode": "4405-776",
      "city": "VILA NOVA DE GAIA",
      "lon": "-8.639529805166596",
      "lat": "41.11158779532865"
    },
    {
      "id": "pt.ine.add.PTCONT.3700126",
      "street": "R COSTA",
      "house": "282",
      "postcode": "4405-714",
      "city": "VILA NOVA DE GAIA",
      "lon": "-8.64057703265582",
      "lat": "41.10998040177096"
    },
    {
      "id": "pt.ine.add.PTCONT.3700127",
      "street": "R COSTA",
      "house": "282",
      "postcode": "4405-714",
      "city": "VILA NOVA DE GAIA",
      "lon": "-8.64057703265582",
      "lat": "41.10998040177096"
    },
    {
      "id": "pt.ine.add.PTCONT.3700131",
      "street": "R COSTA",
      "house": "282",
      "postcode": "4405-714",
      "city": "VILA NOVA DE GAIA",
      "lon": "-8.64057703265582",
      "lat": "41.10998040177096"
    },
    {
      "id": "pt.ine.add.PTCONT.3706139",
      "street": "R S PEDRO",
      "house": "32",
      "postcode": "4405-785",
      "city": "VILA NOVA DE GAIA",
      "lon": "-8.639816293171622",
      "lat": "41.111685584227835"
    },
    {
      "id": "pt.ine.add.PTCONT.3718950",
      "street": "R COSTA",
      "house": "282",
      "postcode": "4405-714",
      "city": "VILA NOVA DE GAIA",
      "lon": "-8.640660506181835",
      "lat": "41.10999804289966"
    },
    {
      "id": "pt.ine.add.PTCONT.3718951",
      "street": "R COSTA",
      "house": "286",
      "postcode": "4405-714",
      "city": "VILA NOVA DE GAIA",
      "lon": "-8.640660506181835",
      "lat": "41.10999804289966"
    },
    {
      "id": "pt.ine.add.PTCONT.3732262",
      "street": "R NOVA DA JUNQUEIRA",
      "house": "198",
      "postcode": "4405-768",
      "city": "VILA NOVA DE GAIA",
      "lon": "-8.641090783335706",
      "lat": "41.111761011589294"
    },
    {
      "id": "pt.ine.add.PTCONT.3732727",
      "street": "R NOVA DA JUNQUEIRA",
      "house": "198",
      "postcode": "4405-768",
      "city": "VILA NOVA DE GAIA",
      "lon": "-8.641090783335706",
      "lat": "41.111761011589294"
    },
    {
      "id": "pt.ine.add.PTCONT.3738978",
      "street": "TV TELHEIRA",
      "house": "44",
      "postcode": "4405-714",
      "city": "VILA NOVA DE GAIA",
      "lon": "-8.64096166925716",
      "lat": "41.110455940908"
    },
    {
      "id": "pt.ine.add.PTCONT.3746909",
      "street": "R PASSADOURO",
      "house": "384",
      "postcode": "4405-776",
      "city": "VILA NOVA DE GAIA",
      "lon": "-8.639587393931427",
      "lat": "41.11133541862113"
    },
    {
      "id": "pt.ine.add.PTCONT.3746910",
      "street": "TV TELHEIRA",
      "house": "24",
      "postcode": "4405-714",
      "city": "VILA NOVA DE GAIA",
      "lon": "-8.64071090008181",
      "lat": "41.110357997466494"
    },
    {
      "id": "pt.ine.add.PTCONT.3746911",
      "street": "TV TELHEIRA",
      "house": "24",
      "postcode": "4405-714",
      "city": "VILA NOVA DE GAIA",
      "lon": "-8.64071090008181",
      "lat": "41.110357997466494"
    },
    {
      "id": "pt.ine.add.PTCONT.3756374",
      "street": "R S PEDRO",
      "house": "76",
      "postcode": "4405-785",
      "city": "VILA NOVA DE GAIA",
      "lon": "-8.639440028223301",
      "lat": "41.11229953846578"
    },
    {
      "id": "pt.ine.add.PTCONT.3772408",
      "street": "R PASSADOURO",
      "house": "384",
      "postcode": "4405-776",
      "city": "VILA NOVA DE GAIA",
      "lon": "-8.639491114352156",
      "lat": "41.11120077563724"
    },
    {
      "id": "pt.ine.add.PTCONT.3787159",
      "street": "R PASSADOURO",
      "house": "408",
      "postcode": "4405-776",
      "city": "VILA NOVA DE GAIA",
      "lon": "-8.63966900024989",
      "lat": "41.11110994951697"
    },
    {
      "id": "pt.ine.add.PTCONT.3787160",
      "street": "R COSTA",
      "house": "184",
      "postcode": "4405-714",
      "city": "VILA NOVA DE GAIA",
      "lon": "-8.64003660646017",
      "lat": "41.110919239966215"
    },
    {
      "id": "pt.ine.add.PTCONT.3811681",
      "street": "R PENA",
      "house": "252",
      "postcode": "4405-778",
      "city": "VILA NOVA DE GAIA",
      "lon": "-8.642955247558243",
      "lat": "41.111149480216326"
    },
    {
      "id": "pt.ine.add.PTCONT.3811840",
      "street": "TV TELHEIRA",
      "house": "55",
      "postcode": "4405-714",
      "city": "VILA NOVA DE GAIA",
      "lon": "-8.641223719468561",
      "lat": "41.110472794323975"
    },
    {
      "id": "pt.ine.add.PTCONT.3822543",
      "street": "R COSTA",
      "house": "216",
      "postcode": "4405-714",
      "city": "VILA NOVA DE GAIA",
      "lon": "-8.640260448417555",
      "lat": "41.11061210478553"
    },
    {
      "id": "pt.ine.add.PTCONT.3822550",
      "street": "TV TELHEIRA",
      "house": "44 CS 4",
      "postcode": "4405-714",
      "city": "VILA NOVA DE GAIA",
      "lon": "-8.640926231588153",
      "lat": "41.110492114767496"
    },
    {
      "id": "pt.ine.add.PTCONT.3829003",
      "street": "R NOVA DA JUNQUEIRA",
      "house": "32",
      "postcode": "4405-768",
      "city": "VILA NOVA DE GAIA",
      "lon": "-8.64316195629672",
      "lat": "41.111706838832795"
    },
    {
      "id": "pt.ine.add.PTCONT.3829009",
      "street": "R NOVA DA JUNQUEIRA",
      "house": "150",
      "postcode": "4405-768",
      "city": "VILA NOVA DE GAIA",
      "lon": "-8.641685075393134",
      "lat": "41.11163232797494"
    },
    {
      "id": "pt.ine.add.PTCONT.3829010",
      "street": "R NOVA DA JUNQUEIRA",
      "house": "150",
      "postcode": "4405-768",
      "city": "VILA NOVA DE GAIA",
      "lon": "-8.641685075393134",
      "lat": "41.11163232797494"
    },
    {
      "id": "pt.ine.add.PTCONT.3835436",
      "street": "R COSTA",
      "house": "172",
      "postcode": "4405-714",
      "city": "VILA NOVA DE GAIA",
      "lon": "-8.639893606201838",
      "lat": "41.11090186024681"
    },
    {
      "id": "pt.ine.add.PTCONT.3840502",
      "street": "R PASSADOURO",
      "house": "306",
      "postcode": "4405-776",
      "city": "VILA NOVA DE GAIA",
      "lon": "-8.638888233534217",
      "lat": "41.11176169746119"
    },
    {
      "id": "pt.ine.add.PTCONT.3840503",
      "street": "R PENA",
      "house": "252",
      "postcode": "4405-778",
      "city": "VILA NOVA DE GAIA",
      "lon": "-8.642931994433855",
      "lat": "41.11122161841647"
    },
    {
      "id": "pt.ine.add.PTCONT.3847058",
      "street": "R COSTA",
      "house": "172",
      "postcode": "4405-714",
      "city": "VILA NOVA DE GAIA",
      "lon": "-8.639929667860745",
      "lat": "41.11094672368342"
    },
    {
      "id": "pt.ine.add.PTCONT.3853272",
      "street": "TV TELHEIRA",
      "house": "57",
      "postcode": "4405-714",
      "city": "VILA NOVA DE GAIA",
      "lon": "-8.64124634940091",
      "lat": "41.1103196194783"
    },
    {
      "id": "pt.ine.add.PTCONT.3867959",
      "street": "R COSTA",
      "house": "220",
      "postcode": "4405-714",
      "city": "VILA NOVA DE GAIA",
      "lon": "-8.640307583716979",
      "lat": "41.11054886639298"
    },
    {
      "id": "pt.ine.add.PTCONT.3873486",
      "street": "TV TELHEIRA",
      "house": "64",
      "postcode": "4405-714",
      "city": "VILA NOVA DE GAIA",
      "lon": "-8.641105154644832",
      "lat": "41.110536348062574"
    },
    {
      "id": "pt.ine.add.PTCONT.3881273",
      "street": "R NOVA DA JUNQUEIRA",
      "house": "228",
      "postcode": "4405-768",
      "city": "VILA NOVA DE GAIA",
      "lon": "-8.640805541736235",
      "lat": "41.111825299788805"
    },
    {
      "id": "pt.ine.add.PTCONT.3881274",
      "street": "R NOVA DA JUNQUEIRA",
      "house": "228",
      "postcode": "4405-768",
      "city": "VILA NOVA DE GAIA",
      "lon": "-8.640805541736235",
      "lat": "41.111825299788805"
    },
    {
      "id": "pt.ine.add.PTCONT.3881280",
      "street": "R NOVA DA JUNQUEIRA",
      "house": "228",
      "postcode": "4405-768",
      "city": "VILA NOVA DE GAIA",
      "lon": "-8.640805541736235",
      "lat": "41.111825299788805"
    },
    {
      "id": "pt.ine.add.PTCONT.3886968",
      "street": "R PENA",
      "house": "286",
      "postcode": "4405-778",
      "city": "VILA NOVA DE GAIA",
      "lon": "-8.643112035677847",
      "lat": "41.11140991423265"
    },
    {
      "id": "pt.ine.add.PTCONT.3886992",
      "street": "R COSTA",
      "house": "238",
      "postcode": "4405-714",
      "city": "VILA NOVA DE GAIA",
      "lon": "-8.640377836016254",
      "lat": "41.11039548205866"
    },
    {
      "id": "pt.ine.add.PTCONT.3906535",
      "street": "R NOVA DA JUNQUEIRA",
      "house": "260",
      "postcode": "4405-768",
      "city": "VILA NOVA DE GAIA",
      "lon": "-8.640508463577419",
      "lat": "41.11189864382383"
    },
    {
      "id": "pt.ine.add.PTCONT.3906536",
      "street": "R NOVA DA JUNQUEIRA",
      "house": "260",
      "postcode": "4405-768",
      "city": "VILA NOVA DE GAIA",
      "lon": "-8.640508463577419",
      "lat": "41.11189864382383"
    },
    {
      "id": "pt.ine.add.PTCONT.3913027",
      "street": "R S PEDRO",
      "house": "2",
      "postcode": "4405-785",
      "city": "VILA NOVA DE GAIA",
      "lon": "-8.64027084214557",
      "lat": "41.1119627209665"
    },
    {
      "id": "pt.ine.add.PTCONT.3919561",
      "street": "TV TELHEIRA",
      "house": "44",
      "postcode": "4405-714",
      "city": "VILA NOVA DE GAIA",
      "lon": "-8.6407961081701",
      "lat": "41.11060074120375"
    },
    {
      "id": "pt.ine.add.PTCONT.3951753",
      "street": "R PASSADOURO",
      "house": "326",
      "postcode": "4405-776",
      "city": "VILA NOVA DE GAIA",
      "lon": "-8.639065499622689",
      "lat": "41.11158983528595"
    },
    {
      "id": "pt.ine.add.PTCONT.3957845",
      "street": "R PASSADOURO",
      "house": "408",
      "postcode": "4405-776",
      "city": "VILA NOVA DE GAIA",
      "lon": "-8.63972935678005",
      "lat": "41.111217737085"
    },
    {
      "id": "pt.ine.add.PTCONT.3957846",
      "street": "R COSTA",
      "house": "194",
      "postcode": "4405-714",
      "city": "VILA NOVA DE GAIA",
      "lon": "-8.640154895909372",
      "lat": "41.110819670886606"
    },
    {
      "id": "pt.ine.add.PTCONT.3970909",
      "street": "R NOVA DA JUNQUEIRA",
      "house": "106",
      "postcode": "4405-768",
      "city": "VILA NOVA DE GAIA",
      "lon": "-8.642303662593594",
      "lat": "41.11156656480642"
    },
    {
      "id": "pt.ine.add.PTCONT.3982662",
      "street": "R ÁLVARO PIRES FERREIRA",
      "house": "118",
      "postcode": "4405-725",
      "city": "VILA NOVA DE GAIA",
      "lon": "-8.64158409286548",
      "lat": "41.109345652571086"
    },
    {
      "id": "pt.ine.add.PTCONT.3996267",
      "street": "R S PEDRO",
      "house": "6",
      "postcode": "4405-785",
      "city": "VILA NOVA DE GAIA",
      "lon": "-8.640163555560898",
      "lat": "41.111945184370654"
    },
    {
      "id": "pt.ine.add.PTCONT.3996283",
      "street": "R COSTA",
      "house": "184",
      "postcode": "4405-714",
      "city": "VILA NOVA DE GAIA",
      "lon": "-8.640000336981288",
      "lat": "41.11084736423646"
    },
    {
      "id": "pt.ine.add.PTCONT.4015783",
      "street": "TV TELHEIRA",
      "house": "24",
      "postcode": "4405-714",
      "city": "VILA NOVA DE GAIA",
      "lon": "-8.640663695961937",
      "lat": "41.110412231914445"
    },
    {
      "id": "pt.ine.add.PTCONT.4042073",
      "street": "TV TELHEIRA",
      "house": "57",
      "postcode": "4405-714",
      "city": "VILA NOVA DE GAIA",
      "lon": "-8.641282133941296",
      "lat": "41.110328466060814"
    },
    {
      "id": "pt.ine.add.PTCONT.4048547",
      "street": "R PASSADOURO",
      "house": "410",
      "postcode": "4405-776",
      "city": "VILA NOVA DE GAIA",
      "lon": "-8.63965619536606",
      "lat": "41.110992948442615"
    },
    {
      "id": "pt.ine.add.PTCONT.4048550",
      "street": "R COSTA",
      "house": "194",
      "postcode": "4405-714",
      "city": "VILA NOVA DE GAIA",
      "lon": "-8.640094677590188",
      "lat": "41.110729891753984"
    },
    {
      "id": "pt.ine.add.PTCONT.4048551",
      "street": "R COSTA",
      "house": "194",
      "postcode": "4405-714",
      "city": "VILA NOVA DE GAIA",
      "lon": "-8.640094677590188",
      "lat": "41.110729891753984"
    },
    {
      "id": "pt.ine.add.PTCONT.4054980",
      "street": "R NOVA DA JUNQUEIRA",
      "house": "124",
      "postcode": "4405-768",
      "city": "VILA NOVA DE GAIA",
      "lon": "-8.642006378714294",
      "lat": "41.1116129003766"
    },
    {
      "id": "pt.ine.add.PTCONT.4054981",
      "street": "R COSTA",
      "house": "184",
      "postcode": "4405-714",
      "city": "VILA NOVA DE GAIA",
      "lon": "-8.63996427532956",
      "lat": "41.11080250082114"
    },
    {
      "id": "pt.ine.add.PTCONT.4061895",
      "street": "R NOVA DA JUNQUEIRA",
      "house": "164",
      "postcode": "4405-768",
      "city": "VILA NOVA DE GAIA",
      "lon": "-8.641482894109805",
      "lat": "41.111660233520766"
    },
    {
      "id": "pt.ine.add.PTCONT.4061896",
      "street": "R NOVA DA JUNQUEIRA",
      "house": "172",
      "postcode": "4405-768",
      "city": "VILA NOVA DE GAIA",
      "lon": "-8.64118588688319",
      "lat": "41.111742583401714"
    },
    {
      "id": "pt.ine.add.PTCONT.4061897",
      "street": "R S PEDRO",
      "house": "2",
      "postcode": "4405-785",
      "city": "VILA NOVA DE GAIA",
      "lon": "-8.640306142361792",
      "lat": "41.11190853909751"
    },
    {
      "id": "pt.ine.add.PTCONT.4061898",
      "street": "R S PEDRO",
      "house": "14",
      "postcode": "4405-785",
      "city": "VILA NOVA DE GAIA",
      "lon": "-8.64010395962378",
      "lat": "41.11193644223043"
    },
    {
      "id": "pt.ine.add.PTCONT.4061906",
      "street": "R PASSADOURO",
      "house": "318",
      "postcode": "4405-776",
      "city": "VILA NOVA DE GAIA",
      "lon": "-8.638947345370383",
      "lat": "41.1117074114694"
    },
    {
      "id": "pt.ine.add.PTCONT.4062203",
      "street": "TV TELHEIRA",
      "house": "71",
      "postcode": "4405-714",
      "city": "VILA NOVA DE GAIA",
      "lon": "-8.641426869503256",
      "lat": "41.110570946752425"
    },
    {
      "id": "pt.ine.add.PTCONT.4075133",
      "street": "R PASSADOURO",
      "house": "292",
      "postcode": "4405-776",
      "city": "VILA NOVA DE GAIA",
      "lon": "-8.638769318685757",
      "lat": "41.11178022826275"
    },
    {
      "id": "pt.ine.add.PTCONT.4075150",
      "street": "TV TELHEIRA",
      "house": "U4",
      "postcode": "4405-714",
      "city": "VILA NOVA DE GAIA",
      "lon": "-8.640843381682556",
      "lat": "41.11055551081137"
    },
    {
      "id": "pt.ine.add.PTCONT.4088089",
      "street": "TV TELHEIRA",
      "house": "44",
      "postcode": "4405-714",
      "city": "VILA NOVA DE GAIA",
      "lon": "-8.64079638561963",
      "lat": "41.11063675763646"
    },
    {
      "id": "pt.ine.add.PTCONT.4094817",
      "street": "TV TELHEIRA",
      "house": "44",
      "postcode": "4405-714",
      "city": "VILA NOVA DE GAIA",
      "lon": "-8.640866220640406",
      "lat": "41.11042934836249"
    },
    {
      "id": "pt.ine.add.PTCONT.4095108",
      "street": "R COSTA",
      "house": "248",
      "postcode": "4405-714",
      "city": "VILA NOVA DE GAIA",
      "lon": "-8.640579736583875",
      "lat": "41.1103315620302"
    },
    {
      "id": "pt.ine.add.PTCONT.4107596",
      "street": "R NOVA DA JUNQUEIRA",
      "house": "54",
      "postcode": "4405-768",
      "city": "VILA NOVA DE GAIA",
      "lon": "-8.642769012255114",
      "lat": "41.11169957335807"
    },
    {
      "id": "pt.ine.add.PTCONT.4107611",
      "street": "R NOVA JUNQUEIRA",
      "house": "204",
      "postcode": "4405-768",
      "city": "VILA NOVA DE GAIA",
      "lon": "-8.640924456071991",
      "lat": "41.11180676688849"
    },
    {
      "id": "pt.ine.add.PTCONT.4108126",
      "street": "R NOVA DA JUNQUEIRA",
      "house": "54",
      "postcode": "4405-768",
      "city": "VILA NOVA DE GAIA",
      "lon": "-8.642769012255114",
      "lat": "41.11169957335807"
    },
    {
      "id": "pt.ine.add.PTCONT.4127062",
      "street": "R PASSADOURO",
      "house": "394",
      "postcode": "4405-776",
      "city": "VILA NOVA DE GAIA",
      "lon": "-8.639598607151049",
      "lat": "41.11124532519629"
    },
    {
      "id": "pt.ine.add.PTCONT.4133663",
      "street": "R NOVA DA JUNQUEIRA",
      "house": "168",
      "postcode": "4405-768",
      "city": "VILA NOVA DE GAIA",
      "lon": "-8.641352005477241",
      "lat": "41.11166981540935"
    },
    {
      "id": "pt.ine.add.PTCONT.4133713",
      "street": "R COSTA",
      "house": "194",
      "postcode": "4405-714",
      "city": "VILA NOVA DE GAIA",
      "lon": "-8.640215183677265",
      "lat": "41.110918454093934"
    },
    {
      "id": "pt.ine.add.PTCONT.4135646",
      "street": "R NOVA JUNQUEIRA",
      "house": "10",
      "postcode": "4405-768",
      "city": "VILA NOVA DE GAIA",
      "lon": "-8.64232796013317",
      "lat": "41.11162948830114"
    },
    {
      "id": "pt.ine.add.PTCONT.4135647",
      "street": "R NOVA DA JUNQUEIRA",
      "house": "106",
      "postcode": "4405-768",
      "city": "VILA NOVA DE GAIA",
      "lon": "-8.64232796013317",
      "lat": "41.11162948830114"
    },
    {
      "id": "pt.ine.add.PTCONT.4153696",
      "street": "R NOVA DA JUNQUEIRA",
      "house": "132",
      "postcode": "4405-768",
      "city": "VILA NOVA DE GAIA",
      "lon": "-8.641804058627166",
      "lat": "41.11162279827486"
    },
    {
      "id": "pt.ine.add.PTCONT.4160074",
      "street": "R S PEDRO",
      "house": "76",
      "postcode": "4405-785",
      "city": "VILA NOVA DE GAIA",
      "lon": "-8.639391922407128",
      "lat": "41.11223671899126"
    },
    {
      "id": "pt.ine.add.PTCONT.4166742",
      "street": "TV TELHEIRA",
      "house": "82",
      "postcode": "4405-714",
      "city": "VILA NOVA DE GAIA",
      "lon": "-8.64109616451146",
      "lat": "41.110914573073316"
    },
    {
      "id": "pt.ine.add.PTCONT.4166743",
      "street": "TV TELHEIRA",
      "house": "62",
      "postcode": "4405-714",
      "city": "VILA NOVA DE GAIA",
      "lon": "-8.641319515457717",
      "lat": "41.11054440710997"
    },
    {
      "id": "pt.ine.add.PTCONT.4182702",
      "street": "R S PEDRO",
      "house": "62",
      "postcode": "4405-785",
      "city": "VILA NOVA DE GAIA",
      "lon": "-8.639522258934845",
      "lat": "41.11215510646235"
    },
    {
      "id": "pt.ine.add.PTCONT.4182703",
      "street": "R PASSADOURO",
      "house": "272",
      "postcode": "4405-776",
      "city": "VILA NOVA DE GAIA",
      "lon": "-8.638580491290517",
      "lat": "41.11199716276318"
    },
    {
      "id": "pt.ine.add.PTCONT.4192648",
      "street": "R COSTA",
      "house": "312",
      "postcode": "4405-714",
      "city": "VILA NOVA DE GAIA",
      "lon": "-8.640611083538994",
      "lat": "41.10976414582342"
    },
    {
      "id": "pt.ine.add.PTCONT.4199825",
      "street": "R S PEDRO",
      "house": "76",
      "postcode": "4405-785",
      "city": "VILA NOVA DE GAIA",
      "lon": "-8.639367696605943",
      "lat": "41.11218279897675"
    },
    {
      "id": "pt.ine.add.PTCONT.4202858",
      "street": "R NOVA DA JUNQUEIRA",
      "house": "236",
      "postcode": "4405-768",
      "city": "VILA NOVA DE GAIA",
      "lon": "-8.640627447474373",
      "lat": "41.11188911533558"
    },
    {
      "id": "pt.ine.add.PTCONT.4207874",
      "street": "TV TELHEIRA",
      "house": "78",
      "postcode": "4405-714",
      "city": "VILA NOVA DE GAIA",
      "lon": "-8.641236804713202",
      "lat": "41.110625811649406"
    },
    {
      "id": "pt.ine.add.PTCONT.4219045",
      "street": "R PASSADOURO",
      "house": "294",
      "postcode": "4405-776",
      "city": "VILA NOVA DE GAIA",
      "lon": "-8.638816870814358",
      "lat": "41.111771015135"
    },
    {
      "id": "pt.ine.add.PTCONT.4225330",
      "street": "TV TELHEIRA",
      "house": "54",
      "postcode": "4405-714",
      "city": "VILA NOVA DE GAIA",
      "lon": "-8.640903531478877",
      "lat": "41.11063628544237"
    },
    {
      "id": "pt.ine.add.PTCONT.4231696",
      "street": "R PENA",
      "house": "252",
      "postcode": "4405-778",
      "city": "VILA NOVA DE GAIA",
      "lon": "-8.643015470148402",
      "lat": "41.111239257822284"
    },
    {
      "id": "pt.ine.add.PTCONT.4238471",
      "street": "R S PEDRO",
      "house": "32",
      "postcode": "4405-785",
      "city": "VILA NOVA DE GAIA",
      "lon": "-8.639972377696699",
      "lat": "41.11185598148309"
    },
    {
      "id": "pt.ine.add.PTCONT.4245196",
      "street": "R NOVA DA JUNQUEIRA",
      "house": "64",
      "postcode": "4405-768",
      "city": "VILA NOVA DE GAIA",
      "lon": "-8.642649680941087",
      "lat": "41.111664083535"
    },
    {
      "id": "pt.ine.add.PTCONT.4245197",
      "street": "R NOVA DA JUNQUEIRA",
      "house": "64",
      "postcode": "4405-768",
      "city": "VILA NOVA DE GAIA",
      "lon": "-8.642649680941087",
      "lat": "41.111664083535"
    },
    {
      "id": "pt.ine.add.PTCONT.4245206",
      "street": "R PASSADOURO",
      "house": "408",
      "postcode": "4405-776",
      "city": "VILA NOVA DE GAIA",
      "lon": "-8.6397050618719",
      "lat": "41.1111548130225"
    },
    {
      "id": "pt.ine.add.PTCONT.4247057",
      "street": "R COSTA",
      "house": "208",
      "postcode": "4405-714",
      "city": "VILA NOVA DE GAIA",
      "lon": "-8.64018936426152",
      "lat": "41.11065743973884"
    },
    {
      "id": "pt.ine.add.PTCONT.4258114",
      "street": "R NOVA DA JUNQUEIRA",
      "house": "108",
      "postcode": "4405-768",
      "city": "VILA NOVA DE GAIA",
      "lon": "-8.642137406227254",
      "lat": "41.1116213259552"
    },
    {
      "id": "pt.ine.add.PTCONT.4264612",
      "street": "R PASSADOURO",
      "house": "354",
      "postcode": "4405-776",
      "city": "VILA NOVA DE GAIA",
      "lon": "-8.639278687978042",
      "lat": "41.111444828257525"
    },
    {
      "id": "pt.ine.add.PTCONT.4271391",
      "street": "R NOVA DA JUNQUEIRA",
      "house": "72",
      "postcode": "4405-768",
      "city": "VILA NOVA DE GAIA",
      "lon": "-8.642459126900667",
      "lat": "41.11165592172205"
    },
    {
      "id": "pt.ine.add.PTCONT.4272294",
      "street": "R NOVA DA JUNQUEIRA",
      "house": "72",
      "postcode": "4405-768",
      "city": "VILA NOVA DE GAIA",
      "lon": "-8.642459126900667",
      "lat": "41.11165592172205"
    },
    {
      "id": "pt.ine.add.PTCONT.4281964",
      "street": "R COSTA",
      "house": "220",
      "postcode": "4405-714",
      "city": "VILA NOVA DE GAIA",
      "lon": "-8.640343506859884",
      "lat": "41.11057572148452"
    },
    {
      "id": "pt.ine.add.PTCONT.4291979",
      "street": "R PASSADOURO",
      "house": "370",
      "postcode": "4405-776",
      "city": "VILA NOVA DE GAIA",
      "lon": "-8.639529182442406",
      "lat": "41.11150675835225"
    },
    {
      "id": "pt.ine.add.PTCONT.4297253",
      "street": "R PASSADOURO",
      "house": "286",
      "postcode": "4405-776",
      "city": "VILA NOVA DE GAIA",
      "lon": "-8.638651025419234",
      "lat": "41.11187979592526"
    },
    {
      "id": "pt.ine.add.PTCONT.4318330",
      "street": "R COSTA",
      "house": "194",
      "postcode": "4405-714",
      "city": "VILA NOVA DE GAIA",
      "lon": "-8.640190957699783",
      "lat": "41.11086453424131"
    },
    {
      "id": "pt.ine.add.PTCONT.4328176",
      "street": "R COSTA",
      "house": "2",
      "postcode": "4405-714",
      "city": "VILA NOVA DE GAIA",
      "lon": "-8.640118764898062",
      "lat": "41.110765803411105"
    },
    {
      "id": "pt.ine.add.PTCONT.4328177",
      "street": "R COSTA",
      "house": "236",
      "postcode": "4405-714",
      "city": "VILA NOVA DE GAIA",
      "lon": "-8.640378043930415",
      "lat": "41.110422494385965"
    },
    {
      "id": "pt.ine.add.PTCONT.4344329",
      "street": "TV TELHEIRA",
      "house": "35",
      "postcode": "4405-714",
      "city": "VILA NOVA DE GAIA",
      "lon": "-8.640912383941489",
      "lat": "41.110240052205015"
    },
    {
      "id": "pt.ine.add.PTCONT.4344330",
      "street": "TV TELHEIRA",
      "house": "35",
      "postcode": "4405-714",
      "city": "VILA NOVA DE GAIA",
      "lon": "-8.640912383941489",
      "lat": "41.110240052205015"
    },
    {
      "id": "pt.ine.add.PTCONT.4344331",
      "street": "TV TELHEIRA",
      "house": "35",
      "postcode": "4405-714",
      "city": "VILA NOVA DE GAIA",
      "lon": "-8.640912383941489",
      "lat": "41.110240052205015"
    },
    {
      "id": "pt.ine.add.PTCONT.4344332",
      "street": "TV TELHEIRA",
      "house": "35",
      "postcode": "4405-714",
      "city": "VILA NOVA DE GAIA",
      "lon": "-8.640912383941489",
      "lat": "41.110240052205015"
    },
    {
      "id": "pt.ine.add.PTCONT.4344333",
      "street": "TV TELHEIRA",
      "house": "35",
      "postcode": "4405-714",
      "city": "VILA NOVA DE GAIA",
      "lon": "-8.640912383941489",
      "lat": "41.110240052205015"
    },
    {
      "id": "pt.ine.add.PTCONT.4344334",
      "street": "TV TELHEIRA",
      "house": "55",
      "postcode": "4405-714",
      "city": "VILA NOVA DE GAIA",
      "lon": "-8.640912383941489",
      "lat": "41.110240052205015"
    },
    {
      "id": "pt.ine.add.PTCONT.4344683",
      "street": "TV TELHEIRA",
      "house": "35",
      "postcode": "4405-714",
      "city": "VILA NOVA DE GAIA",
      "lon": "-8.640912383941489",
      "lat": "41.110240052205015"
    },
    {
      "id": "pt.ine.add.PTCONT.4344763",
      "street": "TV TELHEIRA",
      "house": "35",
      "postcode": "4405-714",
      "city": "VILA NOVA DE GAIA",
      "lon": "-8.640912383941489",
      "lat": "41.110240052205015"
    },
    {
      "id": "pt.ine.add.PTCONT.4355842",
      "street": "TV TELHEIRA",
      "house": "44",
      "postcode": "4405-714",
      "city": "VILA NOVA DE GAIA",
      "lon": "-8.640890793880333",
      "lat": "41.110528288616045"
    },
    {
      "id": "pt.ine.add.PTCONT.4363782",
      "street": "R COSTA",
      "house": "308",
      "postcode": "4405-714",
      "city": "VILA NOVA DE GAIA",
      "lon": "-8.640599594601454",
      "lat": "41.10981822292173"
    },
    {
      "id": "pt.ine.add.PTCONT.4369998",
      "street": "R S PEDRO",
      "house": "96",
      "postcode": "4405-785",
      "city": "VILA NOVA DE GAIA",
      "lon": "-8.639261516399277",
      "lat": "41.11230932726576"
    },
    {
      "id": "pt.ine.add.PTCONT.4383823",
      "street": "R PASSADOURO",
      "house": "410",
      "postcode": "4405-776",
      "city": "VILA NOVA DE GAIA",
      "lon": "-8.639692326127156",
      "lat": "41.11104681606257"
    }
  ]
}