{
  "data": {
    "distrito": "Faro",
    "concelho": "Albufeira",
    "freguesia": "Guia",
    "OBJECTID": 9,
    "BGRI2021": "08010200405",
    "DT21": "08",
    "DTMN21": "0801",
    "DTMNFR21": "080102",
    "DTMNFRSEC21": "080102004",
    "SECNUM21": "004",
    "SSNUM21": "05",
    "SECSSNUM21": "00405",
    "OBJECTID_1": 64578,
    "DT": "08",
    "CC": "01",
    "fr": "02",
    "SEC": "004",
    "SS": "05"
  },
  "addresses": [
    {
      "id": "pt.ine.add.PTCONT.1467608",
      "street": "CX POSTAL 355A",
      "house": "",
      "postcode": "8200-419",
      "city": "GUIA ABF",
      "lon": "-8.314829904253127",
      "lat": "37.10417185672889"
    },
    {
      "id": "pt.ine.add.PTCONT.1469033",
      "street": "R QUINTA DO SOL CASA LIMA",
      "house": "",
      "postcode": "8200-427",
      "city": "GUIA ABF",
      "lon": "-8.316418728336357",
      "lat": "37.09961800891205"
    },
    {
      "id": "pt.ine.add.PTCONT.1469434",
      "street": "ALTO DOS SALGADOS I",
      "house": "",
      "postcode": "8200-427",
      "city": "GUIA ABF",
      "lon": "-8.315740753136398",
      "lat": "37.101774288196545"
    },
    {
      "id": "pt.ine.add.PTCONT.1472206",
      "street": "CAM MONTES JUNTOS",
      "house": "CP 355 A",
      "postcode": "8200-427",
      "city": "GUIA ABF",
      "lon": "-8.314579604643724",
      "lat": "37.104199272011165"
    },
    {
      "id": "pt.ine.add.PTCONT.1472207",
      "street": "",
      "house": "",
      "postcode": "8200-427",
      "city": "GUIA ABF",
      "lon": "-8.315223463443633",
      "lat": "37.09940409122976"
    },
    {
      "id": "pt.ine.add.PTCONT.1472209",
      "street": "URB QUINTA DO SOL",
      "house": "39",
      "postcode": "8200-427",
      "city": "GUIA ABF",
      "lon": "-8.316728968794404",
      "lat": "37.100223456102896"
    },
    {
      "id": "pt.ine.add.PTCONT.1475357",
      "street": "URB QUINTA DO SOL",
      "house": "33",
      "postcode": "8200-427",
      "city": "GUIA ABF",
      "lon": "-8.31671997455622",
      "lat": "37.10088563086069"
    },
    {
      "id": "pt.ine.add.PTCONT.1483640",
      "street": "MTE JUNTOS VALE PARRA",
      "house": "CP 321 A",
      "postcode": "8200-419",
      "city": "GUIA ABF",
      "lon": "-8.310226522797109",
      "lat": "37.10220401542221"
    },
    {
      "id": "pt.ine.add.PTCONT.1485111",
      "street": "",
      "house": "CP 321A",
      "postcode": "8200-419",
      "city": "GUIA ABF",
      "lon": "-8.310273068166643",
      "lat": "37.10236021500111"
    },
    {
      "id": "pt.ine.add.PTCONT.1485109",
      "street": "",
      "house": "CP 321A",
      "postcode": "8200-419",
      "city": "GUIA ABF",
      "lon": "-8.310273068166643",
      "lat": "37.10236021500111"
    },
    {
      "id": "pt.ine.add.PTCONT.1485110",
      "street": "",
      "house": "CP 321A",
      "postcode": "8200-419",
      "city": "GUIA ABF",
      "lon": "-8.310273068166643",
      "lat": "37.10236021500111"
    },
    {
      "id": "pt.ine.add.PTCONT.1485108",
      "street": "",
      "house": "CP 321A",
      "postcode": "8200-419",
      "city": "GUIA ABF",
      "lon": "-8.310273068166643",
      "lat": "37.10236021500111"
    },
    {
      "id": "pt.ine.add.PTCONT.1486091",
      "street": "",
      "house": "CP 321A",
      "postcode": "8200-419",
      "city": "GUIA ABF",
      "lon": "-8.310273068166643",
      "lat": "37.10236021500111"
    },
    {
      "id": "pt.ine.add.PTCONT.1492792",
      "street": "R QUINTA DO SOL",
      "house": "",
      "postcode": "8200-427",
      "city": "GUIA ABF",
      "lon": "-8.31635394013438",
      "lat": "37.0995821276806"
    },
    {
      "id": "pt.ine.add.PTCONT.1495664",
      "street": "R QUINTA SOL",
      "house": "27B",
      "postcode": "8200-412",
      "city": "GUIA ABF",
      "lon": "-8.315326411381967",
      "lat": "37.101203203046126"
    },
    {
      "id": "pt.ine.add.PTCONT.1495663",
      "street": "R QUINTA SOL COND ALTO DOS SALGADOS I",
      "house": "H",
      "postcode": "8200-427",
      "city": "GUIA ABF",
      "lon": "-8.315081884722671",
      "lat": "37.1014770384777"
    },
    {
      "id": "pt.ine.add.PTCONT.1504496",
      "street": "VL SOL",
      "house": "",
      "postcode": "8200-427",
      "city": "GUIA ABF",
      "lon": "-8.316610600926712",
      "lat": "37.1020335893434"
    },
    {
      "id": "pt.ine.add.PTCONT.1507434",
      "street": "ESTR BARRANCOS",
      "house": "",
      "postcode": "8200-427",
      "city": "GUIA ABF",
      "lon": "-8.315973712733665",
      "lat": "37.10383670414767"
    },
    {
      "id": "pt.ine.add.PTCONT.1507443",
      "street": "URB QUINTA DO SOL",
      "house": "6",
      "postcode": "8200-427",
      "city": "GUIA ABF",
      "lon": "-8.3161165457918",
      "lat": "37.101679560976294"
    },
    {
      "id": "pt.ine.add.PTCONT.1510175",
      "street": "R QUINTA SOL COND ALTO DOS SALGADOS I",
      "house": "C",
      "postcode": "8200-427",
      "city": "GUIA ABF",
      "lon": "-8.315787831521392",
      "lat": "37.101386092452564"
    },
    {
      "id": "pt.ine.add.PTCONT.1512796",
      "street": "CX POSTAL 355A",
      "house": "",
      "postcode": "8200-419",
      "city": "GUIA ABF",
      "lon": "-8.314852705219666",
      "lat": "37.10429797092354"
    },
    {
      "id": "pt.ine.add.PTCONT.1514938",
      "street": "VALE PARRA",
      "house": "",
      "postcode": "8200-427",
      "city": "GUIA ABF",
      "lon": "-8.316121563053722",
      "lat": "37.09982673398775"
    },
    {
      "id": "pt.ine.add.PTCONT.1515637",
      "street": "URB ENCOSTA DOS SALGADOS",
      "house": "L",
      "postcode": "8200-427",
      "city": "GUIA ABF",
      "lon": "-8.31588077597839",
      "lat": "37.09948330724493"
    },
    {
      "id": "pt.ine.add.PTCONT.1515640",
      "street": "URB QUINTA DO SOL",
      "house": "31",
      "postcode": "8200-427",
      "city": "GUIA ABF",
      "lon": "-8.316292181403695",
      "lat": "37.10006253539561"
    },
    {
      "id": "pt.ine.add.PTCONT.1519998",
      "street": "URB ENCOSTA DOS SALGADOS",
      "house": "N",
      "postcode": "8200-427",
      "city": "GUIA ABF",
      "lon": "-8.315312601807777",
      "lat": "37.09986502255285"
    },
    {
      "id": "pt.ine.add.PTCONT.1519999",
      "street": "URB COSTA SALGADOS",
      "house": "8",
      "postcode": "8200-427",
      "city": "GUIA ABF",
      "lon": "-8.315152277808366",
      "lat": "37.099941459316994"
    },
    {
      "id": "pt.ine.add.PTCONT.1520000",
      "street": "URB QUINTA DO SOL",
      "house": "9",
      "postcode": "8200-427",
      "city": "GUIA ABF",
      "lon": "-8.31634462410499",
      "lat": "37.101592197352225"
    },
    {
      "id": "pt.ine.add.PTCONT.1520001",
      "street": "R QUINTA DO SOL",
      "house": "",
      "postcode": "8200-427",
      "city": "GUIA ABF",
      "lon": "-8.315432331300386",
      "lat": "37.10114739942677"
    },
    {
      "id": "pt.ine.add.PTCONT.1523205",
      "street": "CX POSTAL 355 A",
      "house": "",
      "postcode": "8200-419",
      "city": "GUIA ABF",
      "lon": "-8.31483003340196",
      "lat": "37.1042259204483"
    },
    {
      "id": "pt.ine.add.PTCONT.1524259",
      "street": "CX POSTAP 264X",
      "house": "",
      "postcode": "8200-427",
      "city": "GUIA ABF",
      "lon": "-8.314220843092444",
      "lat": "37.09999184408568"
    },
    {
      "id": "pt.ine.add.PTCONT.1524750",
      "street": "URB QUINTA DO SOL",
      "house": "4",
      "postcode": "8200-427",
      "city": "GUIA ABF",
      "lon": "-8.316380527620817",
      "lat": "37.10187509089577"
    },
    {
      "id": "pt.ine.add.PTCONT.1524751",
      "street": "VL VILA AMENDOEIRA",
      "house": "ANEXO",
      "postcode": "8200-427",
      "city": "GUIA ABF",
      "lon": "-8.316924541165948",
      "lat": "37.10160059160682"
    },
    {
      "id": "pt.ine.add.PTCONT.1528126",
      "street": "CASA RAIMUNDO",
      "house": "1",
      "postcode": "8200-427",
      "city": "GUIA ABF",
      "lon": "-8.316355190936118",
      "lat": "37.0987450939713"
    },
    {
      "id": "pt.ine.add.PTCONT.1536002",
      "street": "",
      "house": "",
      "postcode": "8200-427",
      "city": "GUIA ABF",
      "lon": "-8.315472542684258",
      "lat": "37.09946930694808"
    },
    {
      "id": "pt.ine.add.PTCONT.1536049",
      "street": "VALE PARRA",
      "house": "CCI 262 X",
      "postcode": "8200-427",
      "city": "GUIA ABF",
      "lon": "-8.316199542865979",
      "lat": "37.099607674409704"
    },
    {
      "id": "pt.ine.add.PTCONT.1538537",
      "street": "URB ENCOSTA DOS SALGADOS",
      "house": "M",
      "postcode": "8200-427",
      "city": "GUIA ABF",
      "lon": "-8.315930525453558",
      "lat": "37.09952972105499"
    },
    {
      "id": "pt.ine.add.PTCONT.1539432",
      "street": "",
      "house": "",
      "postcode": "8200-427",
      "city": "GUIA ABF",
      "lon": "-8.313651252422751",
      "lat": "37.10307869782492"
    },
    {
      "id": "pt.ine.add.PTCONT.1539433",
      "street": "URB QUINTA DO SOL",
      "house": "3",
      "postcode": "8200-427",
      "city": "GUIA ABF",
      "lon": "-8.316301224263796",
      "lat": "37.101890948746"
    },
    {
      "id": "pt.ine.add.PTCONT.1542383",
      "street": "URB QUINTA DO SOL",
      "house": "20",
      "postcode": "8200-427",
      "city": "GUIA ABF",
      "lon": "-8.315820540944294",
      "lat": "37.100953530504164"
    },
    {
      "id": "pt.ine.add.PTCONT.1542384",
      "street": "ALTO DOS SALGADOS",
      "house": "E",
      "postcode": "8200-427",
      "city": "GUIA ABF",
      "lon": "-8.315703847592763",
      "lat": "37.101662992238715"
    },
    {
      "id": "pt.ine.add.PTCONT.1544903",
      "street": "URB QUINTA DO SOL",
      "house": "15",
      "postcode": "8200-427",
      "city": "GUIA ABF",
      "lon": "-8.316835102510082",
      "lat": "37.10128760088091"
    },
    {
      "id": "pt.ine.add.PTCONT.1547076",
      "street": "SIT VALE PARRA",
      "house": "",
      "postcode": "8200-427",
      "city": "GUIA ABF",
      "lon": "-8.315570901539155",
      "lat": "37.09936179723444"
    },
    {
      "id": "pt.ine.add.PTCONT.1553183",
      "street": "",
      "house": "",
      "postcode": "8200-427",
      "city": "GUIA ABF",
      "lon": "-8.311400150978805",
      "lat": "37.10121255756527"
    },
    {
      "id": "pt.ine.add.PTCONT.1574127",
      "street": "",
      "house": "",
      "postcode": "8200-427",
      "city": "GUIA ABF",
      "lon": "-8.314568514418928",
      "lat": "37.099549790248766"
    },
    {
      "id": "pt.ine.add.PTCONT.1582366",
      "street": "R QUINTA SOL COND ALTO DOS SALGADOS I",
      "house": "B",
      "postcode": "8200-427",
      "city": "GUIA ABF",
      "lon": "-8.315889184164975",
      "lat": "37.10143098955532"
    },
    {
      "id": "pt.ine.add.PTCONT.1583022",
      "street": "",
      "house": "",
      "postcode": "8200-427",
      "city": "GUIA ABF",
      "lon": "-8.310634537898217",
      "lat": "37.10184816915075"
    },
    {
      "id": "pt.ine.add.PTCONT.1585053",
      "street": "URB AUINTA SOC",
      "house": "18",
      "postcode": "8200-427",
      "city": "GUIA ABF",
      "lon": "-8.315854570254338",
      "lat": "37.101070616615004"
    },
    {
      "id": "pt.ine.add.PTCONT.1585054",
      "street": "R QUINTA SOL COND ALTO DOS SALGADOS I",
      "house": "L",
      "postcode": "8200-427",
      "city": "GUIA ABF",
      "lon": "-8.315236821857305",
      "lat": "37.10126972850072"
    },
    {
      "id": "pt.ine.add.PTCONT.1585816",
      "street": "URB ENCOSTA DOS SALGADOS",
      "house": "Q",
      "postcode": "8200-427",
      "city": "GUIA ABF",
      "lon": "-8.315089534002302",
      "lat": "37.09998745231695"
    },
    {
      "id": "pt.ine.add.PTCONT.1588122",
      "street": "R QUINTA SOL COND ALTO DOS SALGADOS I",
      "house": "A",
      "postcode": "8200-427",
      "city": "GUIA ABF",
      "lon": "-8.315394391678067",
      "lat": "37.101725385076534"
    },
    {
      "id": "pt.ine.add.PTCONT.1588235",
      "street": "R QUINTA SOL COND ALTO DOS SALGADOS I",
      "house": "J",
      "postcode": "8200-427",
      "city": "GUIA ABF",
      "lon": "-8.315192212655147",
      "lat": "37.101303697803544"
    },
    {
      "id": "pt.ine.add.PTCONT.1597530",
      "street": "URB QUINTA DO SOL",
      "house": "28",
      "postcode": "8200-427",
      "city": "GUIA ABF",
      "lon": "-8.316151132355468",
      "lat": "37.100327849487066"
    },
    {
      "id": "pt.ine.add.PTCONT.1597532",
      "street": "R QUINTA DO SOL",
      "house": "CP 303 K",
      "postcode": "8200-427",
      "city": "GUIA ABF",
      "lon": "-8.315532050188548",
      "lat": "37.101179706054424"
    },
    {
      "id": "pt.ine.add.PTCONT.1601512",
      "street": "URB QUINTA DO SOL",
      "house": "14",
      "postcode": "8200-427",
      "city": "GUIA ABF",
      "lon": "-8.316768439404294",
      "lat": "37.10136112208087"
    },
    {
      "id": "pt.ine.add.PTCONT.1601513",
      "street": "ALTO SALGADOS",
      "house": "",
      "postcode": "8200-427",
      "city": "GUIA ABF",
      "lon": "-8.315707938130311",
      "lat": "37.10156138177484"
    },
    {
      "id": "pt.ine.add.PTCONT.1603977",
      "street": "URB QUINTA DO SOL",
      "house": "26",
      "postcode": "8200-427",
      "city": "GUIA ABF",
      "lon": "-8.316044617252762",
      "lat": "37.10057473739733"
    },
    {
      "id": "pt.ine.add.PTCONT.1607421",
      "street": "R QUINTA DO SOL",
      "house": "CP 559 Z",
      "postcode": "8200-427",
      "city": "GUIA ABF",
      "lon": "-8.315706447484137",
      "lat": "37.10028691753886"
    },
    {
      "id": "pt.ine.add.PTCONT.1607992",
      "street": "MONTES JUNTOS",
      "house": "",
      "postcode": "8200-427",
      "city": "GUIA ABF",
      "lon": "-8.312932027293815",
      "lat": "37.10405719888315"
    },
    {
      "id": "pt.ine.add.PTCONT.1608622",
      "street": "ESTR BARRANCOS",
      "house": "ANEXO",
      "postcode": "8200-427",
      "city": "GUIA ABF",
      "lon": "-8.315790388247988",
      "lat": "37.10411016719611"
    },
    {
      "id": "pt.ine.add.PTCONT.1608628",
      "street": "R QUINTA SOL COND ALTO SALGADOS",
      "house": "R",
      "postcode": "8200-427",
      "city": "GUIA ABF",
      "lon": "-8.315179196740806",
      "lat": "37.1015540951146"
    },
    {
      "id": "pt.ine.add.PTCONT.1616445",
      "street": "R QUINTA SOL",
      "house": "4",
      "postcode": "8200-427",
      "city": "GUIA ABF",
      "lon": "-8.315866815268222",
      "lat": "37.101485087974275"
    },
    {
      "id": "pt.ine.add.PTCONT.1616557",
      "street": "R QUINTA SOL COND ALTO DOS SALGADOS I",
      "house": "D",
      "postcode": "8200-427",
      "city": "GUIA ABF",
      "lon": "-8.31527740245381",
      "lat": "37.10161999780764"
    },
    {
      "id": "pt.ine.add.PTCONT.1619155",
      "street": "",
      "house": "",
      "postcode": "8200-427",
      "city": "GUIA ABF",
      "lon": "-8.313096479967653",
      "lat": "37.10022783315511"
    },
    {
      "id": "pt.ine.add.PTCONT.1619156",
      "street": "URB QUINTA DO SOL",
      "house": "38",
      "postcode": "8200-427",
      "city": "GUIA ABF",
      "lon": "-8.316705802780758",
      "lat": "37.10029133502339"
    },
    {
      "id": "pt.ine.add.PTCONT.1628618",
      "street": "SIT MONTES JUNTOS VALE DE PARRA",
      "house": "CP 402 Z",
      "postcode": "8200-427",
      "city": "GUIA ABF",
      "lon": "-8.310007074586023",
      "lat": "37.10200758179526"
    },
    {
      "id": "pt.ine.add.PTCONT.1632749",
      "street": "R QUINTA SOL COND ALTO DOS SALGADOS I",
      "house": "B",
      "postcode": "8200-427",
      "city": "GUIA ABF",
      "lon": "-8.315367479329733",
      "lat": "37.101691944646355"
    },
    {
      "id": "pt.ine.add.PTCONT.1634546",
      "street": "",
      "house": "",
      "postcode": "8200-427",
      "city": "GUIA ABF",
      "lon": "-8.313511515143524",
      "lat": "37.10447122139447"
    },
    {
      "id": "pt.ine.add.PTCONT.1637301",
      "street": "",
      "house": "",
      "postcode": "8200-419",
      "city": "GUIA ABF",
      "lon": "-8.313224444998301",
      "lat": "37.10201174909927"
    },
    {
      "id": "pt.ine.add.PTCONT.1648065",
      "street": "URB QUINTA DO SOL",
      "house": "21",
      "postcode": "8200-427",
      "city": "GUIA ABF",
      "lon": "-8.31602318024356",
      "lat": "37.101016292703626"
    },
    {
      "id": "pt.ine.add.PTCONT.1648066",
      "street": "URB QUINTA DO SOL",
      "house": "24",
      "postcode": "8200-427",
      "city": "GUIA ABF",
      "lon": "-8.316004803998776",
      "lat": "37.10079806039111"
    },
    {
      "id": "pt.ine.add.PTCONT.1652091",
      "street": "",
      "house": "",
      "postcode": "8200-427",
      "city": "GUIA ABF",
      "lon": "-8.314187481591944",
      "lat": "37.100154086901114"
    },
    {
      "id": "pt.ine.add.PTCONT.1656817",
      "street": "URB QUINTA DO SOL",
      "house": "2",
      "postcode": "8200-427",
      "city": "GUIA ABF",
      "lon": "-8.316234538050965",
      "lat": "37.10190482994435"
    },
    {
      "id": "pt.ine.add.PTCONT.1656818",
      "street": "URB QUINTA DO SOL",
      "house": "17",
      "postcode": "8200-427",
      "city": "GUIA ABF",
      "lon": "-8.31587724208865",
      "lat": "37.10114266693266"
    },
    {
      "id": "pt.ine.add.PTCONT.1662747",
      "street": "URB ENCOSTA DOS SALGADOS",
      "house": "B",
      "postcode": "8200-427",
      "city": "GUIA ABF",
      "lon": "-8.315760577620386",
      "lat": "37.09916786794285"
    },
    {
      "id": "pt.ine.add.PTCONT.1665277",
      "street": "URB ENCOSTA DOS SALGADOS",
      "house": "I",
      "postcode": "8200-427",
      "city": "GUIA ABF",
      "lon": "-8.315799006260235",
      "lat": "37.09940892950783"
    },
    {
      "id": "pt.ine.add.PTCONT.1666350",
      "street": "CONDOMINIO ALTO SALGADOS",
      "house": "D",
      "postcode": "8200-419",
      "city": "GUIA ABF",
      "lon": "-8.315765462565556",
      "lat": "37.101440190852976"
    },
    {
      "id": "pt.ine.add.PTCONT.1667708",
      "street": "URB QUINTA DO SOL",
      "house": "13",
      "postcode": "8200-427",
      "city": "GUIA ABF",
      "lon": "-8.316694175921217",
      "lat": "37.101368388836775"
    },
    {
      "id": "pt.ine.add.PTCONT.1667709",
      "street": "ALTO SALGADOS",
      "house": "1",
      "postcode": "8200-427",
      "city": "GUIA ABF",
      "lon": "-8.315726493458728",
      "lat": "37.10172420910561"
    },
    {
      "id": "pt.ine.add.PTCONT.1678502",
      "street": "",
      "house": "",
      "postcode": "8200-427",
      "city": "GUIA ABF",
      "lon": "-8.3125899892381",
      "lat": "37.100111462272544"
    },
    {
      "id": "pt.ine.add.PTCONT.1678505",
      "street": "ALTO DOS SALGADOS",
      "house": "",
      "postcode": "8200-427",
      "city": "GUIA ABF",
      "lon": "-8.315697747868994",
      "lat": "37.101528825743934"
    },
    {
      "id": "pt.ine.add.PTCONT.1682240",
      "street": "URB ENCOSTA DOS SALGADOS",
      "house": "E",
      "postcode": "8200-427",
      "city": "GUIA ABF",
      "lon": "-8.31592678026892",
      "lat": "37.09926319330694"
    },
    {
      "id": "pt.ine.add.PTCONT.1682241",
      "street": "URB ENCOSTA DOS SALGADOS",
      "house": "D",
      "postcode": "8200-427",
      "city": "GUIA ABF",
      "lon": "-8.315886334437996",
      "lat": "37.09922493241574"
    },
    {
      "id": "pt.ine.add.PTCONT.1682242",
      "street": "ESTR VALE PARRA CASA RAIMUNDO",
      "house": "",
      "postcode": "8200-427",
      "city": "GUIA ABF",
      "lon": "-8.316467881561554",
      "lat": "37.098701724470764"
    },
    {
      "id": "pt.ine.add.PTCONT.1683559",
      "street": "URB QUINTA DO SOL",
      "house": "16",
      "postcode": "8200-427",
      "city": "GUIA ABF",
      "lon": "-8.315888664613398",
      "lat": "37.101214734585284"
    },
    {
      "id": "pt.ine.add.PTCONT.1686881",
      "street": "ALTO DOS SALGADOS",
      "house": "1",
      "postcode": "8200-427",
      "city": "GUIA ABF",
      "lon": "-8.31569877705521",
      "lat": "37.10148377087488"
    },
    {
      "id": "pt.ine.add.PTCONT.1689445",
      "street": "URB QUINTA DO SOL",
      "house": "8",
      "postcode": "8200-427",
      "city": "GUIA ABF",
      "lon": "-8.316259606528222",
      "lat": "37.101586649278225"
    },
    {
      "id": "pt.ine.add.PTCONT.1696100",
      "street": "ESTR BARRANCOS",
      "house": "DTO",
      "postcode": "8200-427",
      "city": "GUIA ABF",
      "lon": "-8.316121716893349",
      "lat": "37.10424343474207"
    },
    {
      "id": "pt.ine.add.PTCONT.1698152",
      "street": "URB QUINTA DO SOL",
      "house": "12",
      "postcode": "8200-427",
      "city": "GUIA ABF",
      "lon": "-8.316627919833232",
      "lat": "37.10153797644391"
    },
    {
      "id": "pt.ine.add.PTCONT.1703835",
      "street": "URB QUINTA DO SOL",
      "house": "7",
      "postcode": "8200-427",
      "city": "GUIA ABF",
      "lon": "-8.316172139402836",
      "lat": "37.101600038116615"
    },
    {
      "id": "pt.ine.add.PTCONT.1706694",
      "street": "URB QUINTA DO SOL",
      "house": "37",
      "postcode": "8200-427",
      "city": "GUIA ABF",
      "lon": "-8.316671796857069",
      "lat": "37.10045662962917"
    },
    {
      "id": "pt.ine.add.PTCONT.1709483",
      "street": "URB QUINTA DO SOL",
      "house": "35",
      "postcode": "8200-427",
      "city": "GUIA ABF",
      "lon": "-8.31672018160375",
      "lat": "37.100825991699864"
    },
    {
      "id": "pt.ine.add.PTCONT.1717571",
      "street": "URB QUINTA DO SOL",
      "house": "10",
      "postcode": "8200-427",
      "city": "GUIA ABF",
      "lon": "-8.316456209110036",
      "lat": "37.10154062628529"
    },
    {
      "id": "pt.ine.add.PTCONT.1718244",
      "street": "ESTR DOS BARRANCOS",
      "house": "ESQ",
      "postcode": "8200-427",
      "city": "GUIA ABF",
      "lon": "-8.31596415470795",
      "lat": "37.10421664586227"
    },
    {
      "id": "pt.ine.add.PTCONT.1721187",
      "street": "SIT MONTES JUNTOS VALE DE PARRA",
      "house": "CP 402 Z",
      "postcode": "8200-427",
      "city": "GUIA ABF",
      "lon": "-8.310603633037225",
      "lat": "37.10215086084993"
    },
    {
      "id": "pt.ine.add.PTCONT.1721188",
      "street": "QTA SOL",
      "house": "1",
      "postcode": "8200-427",
      "city": "GUIA ABF",
      "lon": "-8.316168928757234",
      "lat": "37.101921668542175"
    },
    {
      "id": "pt.ine.add.PTCONT.1726258",
      "street": "R QUINTA DO SOL",
      "house": "CP 254 A",
      "postcode": "8200-427",
      "city": "GUIA ABF",
      "lon": "-8.31662095748586",
      "lat": "37.09964491732743"
    },
    {
      "id": "pt.ine.add.PTCONT.1726259",
      "street": "R QUINTA DO SOL",
      "house": "CP 254 A",
      "postcode": "8200-427",
      "city": "GUIA ABF",
      "lon": "-8.316572802131553",
      "lat": "37.099591759566664"
    },
    {
      "id": "pt.ine.add.PTCONT.1726858",
      "street": "ESTR BARRANCOS",
      "house": "MEIO",
      "postcode": "8200-427",
      "city": "GUIA ABF",
      "lon": "-8.316042946621138",
      "lat": "37.104234545638"
    },
    {
      "id": "pt.ine.add.PTCONT.1733679",
      "street": "URB QUINTA DO SOL",
      "house": "30",
      "postcode": "8200-427",
      "city": "GUIA ABF",
      "lon": "-8.316263785292001",
      "lat": "37.10012200815802"
    },
    {
      "id": "pt.ine.add.PTCONT.1738215",
      "street": "URB ENCOSTA DOS SALGADOS",
      "house": "C",
      "postcode": "8200-427",
      "city": "GUIA ABF",
      "lon": "-8.315834106739363",
      "lat": "37.099202292525305"
    },
    {
      "id": "pt.ine.add.PTCONT.1741524",
      "street": "ALTO DOS SALGADOS",
      "house": "1",
      "postcode": "8200-427",
      "city": "GUIA ABF",
      "lon": "-8.315699984478469",
      "lat": "37.10160297549996"
    },
    {
      "id": "pt.ine.add.PTCONT.1741527",
      "street": "R QUINTA SOL COND ALTO SALGADOS",
      "house": "C",
      "postcode": "8200-427",
      "city": "GUIA ABF",
      "lon": "-8.315321866670358",
      "lat": "37.10165365818141"
    },
    {
      "id": "pt.ine.add.PTCONT.1744483",
      "street": "URB QUINTA DO SOL",
      "house": "11",
      "postcode": "8200-427",
      "city": "GUIA ABF",
      "lon": "-8.316543224848914",
      "lat": "37.101539299600674"
    },
    {
      "id": "pt.ine.add.PTCONT.1746672",
      "street": "",
      "house": "",
      "postcode": "8200-427",
      "city": "GUIA ABF",
      "lon": "-8.311873576650033",
      "lat": "37.101617324391604"
    },
    {
      "id": "pt.ine.add.PTCONT.1750561",
      "street": "URB QUINTA DO SOL",
      "house": "32",
      "postcode": "8200-427",
      "city": "GUIA ABF",
      "lon": "-8.316565105675792",
      "lat": "37.10073903468171"
    },
    {
      "id": "pt.ine.add.PTCONT.1753934",
      "street": "ENCOSTA DOS SALGADOS",
      "house": "Y",
      "postcode": "8200-427",
      "city": "GUIA ABF",
      "lon": "-8.315836348852324",
      "lat": "37.09944733307259"
    },
    {
      "id": "pt.ine.add.PTCONT.1753935",
      "street": "URB QUINTA DO SOL",
      "house": "34",
      "postcode": "8200-427",
      "city": "GUIA ABF",
      "lon": "-8.316597058097772",
      "lat": "37.10068439597489"
    },
    {
      "id": "pt.ine.add.PTCONT.1756747",
      "street": "",
      "house": "",
      "postcode": "8200-427",
      "city": "GUIA ABF",
      "lon": "-8.31551661635017",
      "lat": "37.0994315818103"
    },
    {
      "id": "pt.ine.add.PTCONT.1762214",
      "street": "URB ENCOSTA DOS SALGADOS",
      "house": "R",
      "postcode": "8200-427",
      "city": "GUIA ABF",
      "lon": "-8.314975995605064",
      "lat": "37.10002647505952"
    },
    {
      "id": "pt.ine.add.PTCONT.1764025",
      "street": "",
      "house": "",
      "postcode": "8200-419",
      "city": "GUIA ABF",
      "lon": "-8.31303449696546",
      "lat": "37.104100790164786"
    },
    {
      "id": "pt.ine.add.PTCONT.1764026",
      "street": "VALE PARRA",
      "house": "",
      "postcode": "8200-427",
      "city": "GUIA ABF",
      "lon": "-8.316031288267384",
      "lat": "37.09933028140204"
    },
    {
      "id": "pt.ine.add.PTCONT.1764027",
      "street": "R QUINTA SOL COND ALTO DOS SALGADOS I",
      "house": "E",
      "postcode": "8200-427",
      "city": "GUIA ABF",
      "lon": "-8.315222529566087",
      "lat": "37.10159073618639"
    },
    {
      "id": "pt.ine.add.PTCONT.1768230",
      "street": "URB QUINTA DO SOL",
      "house": "5",
      "postcode": "8200-427",
      "city": "GUIA ABF",
      "lon": "-8.316055567572853",
      "lat": "37.101761217730406"
    },
    {
      "id": "pt.ine.add.PTCONT.1769025",
      "street": "VL AMENDOEIRA",
      "house": "",
      "postcode": "8200-427",
      "city": "GUIA ABF",
      "lon": "-8.31672253023273",
      "lat": "37.101799139021445"
    },
    {
      "id": "pt.ine.add.PTCONT.1769042",
      "street": "R QUINTA SOL COND ALTO DOS SALGADOS I",
      "house": "I",
      "postcode": "8200-427",
      "city": "GUIA ABF",
      "lon": "-8.315136050881307",
      "lat": "37.10133933467514"
    },
    {
      "id": "pt.ine.add.PTCONT.1772021",
      "street": "MTE JUNTOS",
      "house": "CP 341A",
      "postcode": "8200-419",
      "city": "GUIA ABF",
      "lon": "-8.312873588466783",
      "lat": "37.1040203149786"
    },
    {
      "id": "pt.ine.add.PTCONT.1774340",
      "street": "R JOÃO DE DEUS VILA CORREIA",
      "house": "A",
      "postcode": "8200-419",
      "city": "GUIA ABF",
      "lon": "-8.310468092933117",
      "lat": "37.101916786578556"
    },
    {
      "id": "pt.ine.add.PTCONT.1777314",
      "street": "",
      "house": "",
      "postcode": "8200-427",
      "city": "GUIA ABF",
      "lon": "-8.31395114136472",
      "lat": "37.10010939426972"
    },
    {
      "id": "pt.ine.add.PTCONT.1778028",
      "street": "URB COSTA SAL G ADOS",
      "house": "",
      "postcode": "8200-427",
      "city": "GUIA ABF",
      "lon": "-8.315208526465266",
      "lat": "37.09990683599624"
    },
    {
      "id": "pt.ine.add.PTCONT.1778029",
      "street": "URB ENCOSTA DOS SALGADOS",
      "house": "F",
      "postcode": "8200-427",
      "city": "GUIA ABF",
      "lon": "-8.31598376113193",
      "lat": "37.09929627368667"
    },
    {
      "id": "pt.ine.add.PTCONT.1784800",
      "street": "R QUINTA DO SOL",
      "house": "",
      "postcode": "8200-427",
      "city": "GUIA ABF",
      "lon": "-8.316944229867799",
      "lat": "37.09949669405029"
    },
    {
      "id": "pt.ine.add.PTCONT.1784801",
      "street": "URB QUINTA DO SOL",
      "house": "22",
      "postcode": "8200-427",
      "city": "GUIA ABF",
      "lon": "-8.31602298527117",
      "lat": "37.10093519708573"
    },
    {
      "id": "pt.ine.add.PTCONT.1789658",
      "street": "URB QUINTA DO SOL",
      "house": "27",
      "postcode": "8200-427",
      "city": "GUIA ABF",
      "lon": "-8.31610543404025",
      "lat": "37.10049183020333"
    },
    {
      "id": "pt.ine.add.PTCONT.1795019",
      "street": "VALE PARRA",
      "house": "",
      "postcode": "8200-429",
      "city": "GUIA ABF",
      "lon": "-8.315895562671663",
      "lat": "37.09940358156141"
    },
    {
      "id": "pt.ine.add.PTCONT.1796915",
      "street": "R QUINTA DO SOL",
      "house": "",
      "postcode": "8200-427",
      "city": "GUIA ABF",
      "lon": "-8.315372961644426",
      "lat": "37.10113147425204"
    },
    {
      "id": "pt.ine.add.PTCONT.1797937",
      "street": "",
      "house": "",
      "postcode": "8200-427",
      "city": "GUIA ABF",
      "lon": "-8.316986658540312",
      "lat": "37.09937486271486"
    },
    {
      "id": "pt.ine.add.PTCONT.1799590",
      "street": "URB QUINTA DO SOL",
      "house": "23",
      "postcode": "8200-427",
      "city": "GUIA ABF",
      "lon": "-8.316022833626516",
      "lat": "37.100872122715465"
    },
    {
      "id": "pt.ine.add.PTCONT.1801506",
      "street": "URB ENCOSTA DOS SALGADOS",
      "house": "H CP 395 Z",
      "postcode": "8200-427",
      "city": "GUIA ABF",
      "lon": "-8.316089425846576",
      "lat": "37.099370933405986"
    },
    {
      "id": "pt.ine.add.PTCONT.1801511",
      "street": "R QUINTA SOL COND ALTO SALGADOS",
      "house": "G",
      "postcode": "8200-427",
      "city": "GUIA ABF",
      "lon": "-8.315143412971294",
      "lat": "37.10152571422131"
    },
    {
      "id": "pt.ine.add.PTCONT.1801512",
      "street": "R QUINTA DO SOL",
      "house": "",
      "postcode": "8200-427",
      "city": "GUIA ABF",
      "lon": "-8.31545744660411",
      "lat": "37.10109339417828"
    },
    {
      "id": "pt.ine.add.PTCONT.1813082",
      "street": "URB QUINTA DO SOL",
      "house": "25",
      "postcode": "8200-427",
      "city": "GUIA ABF",
      "lon": "-8.315986843301344",
      "lat": "37.10075546767975"
    },
    {
      "id": "pt.ine.add.PTCONT.1813083",
      "street": "ALRO DOS SALGADOS",
      "house": "",
      "postcode": "8200-427",
      "city": "GUIA ABF",
      "lon": "-8.315702940928695",
      "lat": "37.10163066880516"
    },
    {
      "id": "pt.ine.add.PTCONT.1817137",
      "street": "URB QUINTA DO SOL",
      "house": "36",
      "postcode": "8200-427",
      "city": "GUIA ABF",
      "lon": "-8.316657737616467",
      "lat": "37.100525686550334"
    },
    {
      "id": "pt.ine.add.PTCONT.1825550",
      "street": "R QUINTA DO SOL",
      "house": "",
      "postcode": "8200-427",
      "city": "GUIA ABF",
      "lon": "-8.315305736533377",
      "lat": "37.10107231716981"
    },
    {
      "id": "pt.ine.add.PTCONT.1827588",
      "street": "URB QUINTA DO SOL",
      "house": "19",
      "postcode": "8200-427",
      "city": "GUIA ABF",
      "lon": "-8.31584319106872",
      "lat": "37.10101657020569"
    },
    {
      "id": "pt.ine.add.PTCONT.1833241",
      "street": "URB ENCOSTA DOS SALGADOS",
      "house": "A",
      "postcode": "8200-427",
      "city": "GUIA ABF",
      "lon": "-8.315590431623564",
      "lat": "37.09925693806207"
    },
    {
      "id": "pt.ine.add.PTCONT.1835946",
      "street": "URB QUINTA DO SOL",
      "house": "29",
      "postcode": "8200-427",
      "city": "GUIA ABF",
      "lon": "-8.316189759370348",
      "lat": "37.100263979074896"
    },
    {
      "id": "pt.ine.add.PTCONT.1843936",
      "street": "",
      "house": "",
      "postcode": "8200-427",
      "city": "GUIA ABF",
      "lon": "-8.316985571225185",
      "lat": "37.09941462393773"
    },
    {
      "id": "pt.ine.add.PTCONT.1844204",
      "street": "EM 526",
      "house": "1",
      "postcode": "8200-427",
      "city": "GUIA ABF",
      "lon": "-8.316726951144604",
      "lat": "37.09896978542813"
    },
    {
      "id": "pt.ine.add.PTCONT.1845813",
      "street": "VALE PARRA",
      "house": "",
      "postcode": "8200-427",
      "city": "GUIA ABF",
      "lon": "-8.315807776975367",
      "lat": "37.10032280409832"
    },
    {
      "id": "pt.ine.add.PTCONT.1847617",
      "street": "R QUINTA DO SOL",
      "house": "CP 560 Z",
      "postcode": "8200-427",
      "city": "GUIA ABF",
      "lon": "-8.315280413851184",
      "lat": "37.100785591890286"
    }
  ]
}